target,model_variant,branch,ID,Atoms,Charge,split,seed,split_method,source_sha256
Fermi_E,main_and_supplementary,Q_+1,2488,20,1,train,42,within_Cn_target_quantile_isomer_80_20_seed42,f0414567229604469a4c834cc0887f9210b9c2858c4ae7f76c68b09087064f9d
Fermi_E,main_and_supplementary,Q_+1,2489,24,1,train,42,within_Cn_target_quantile_isomer_80_20_seed42,f0414567229604469a4c834cc0887f9210b9c2858c4ae7f76c68b09087064f9d
Fermi_E,main_and_supplementary,Q_+1,2490,26,1,train,42,within_Cn_target_quantile_isomer_80_20_seed42,f0414567229604469a4c834cc0887f9210b9c2858c4ae7f76c68b09087064f9d
Fermi_E,main_and_supplementary,Q_+1,2491,28,1,train,42,within_Cn_target_quantile_isomer_80_20_seed42,f0414567229604469a4c834cc0887f9210b9c2858c4ae7f76c68b09087064f9d
Fermi_E,main_and_supplementary,Q_+1,2494,30,1,train,42,within_Cn_target_quantile_isomer_80_20_seed42,f0414567229604469a4c834cc0887f9210b9c2858c4ae7f76c68b09087064f9d
Fermi_E,main_and_supplementary,Q_+1,2495,30,1,train,42,within_Cn_target_quantile_isomer_80_20_seed42,f0414567229604469a4c834cc0887f9210b9c2858c4ae7f76c68b09087064f9d
Fermi_E,main_and_supplementary,Q_+1,2496,32,1,train,42,within_Cn_target_quantile_isomer_80_20_seed42,f0414567229604469a4c834cc0887f9210b9c2858c4ae7f76c68b09087064f9d
Fermi_E,main_and_supplementary,Q_+1,2497,32,1,train,42,within_Cn_target_quantile_isomer_80_20_seed42,f0414567229604469a4c834cc0887f9210b9c2858c4ae7f76c68b09087064f9d
Fermi_E,main_and_supplementary,Q_+1,2501,32,1,train,42,within_Cn_target_quantile_isomer_80_20_seed42,f0414567229604469a4c834cc0887f9210b9c2858c4ae7f76c68b09087064f9d
Fermi_E,main_and_supplementary,Q_+1,2504,34,1,train,42,within_Cn_target_quantile_isomer_80_20_seed42,f0414567229604469a4c834cc0887f9210b9c2858c4ae7f76c68b09087064f9d
Fermi_E,main_and_supplementary,Q_+1,2506,34,1,train,42,within_Cn_target_quantile_isomer_80_20_seed42,f0414567229604469a4c834cc0887f9210b9c2858c4ae7f76c68b09087064f9d
Fermi_E,main_and_supplementary,Q_+1,2507,34,1,train,42,within_Cn_target_quantile_isomer_80_20_seed42,f0414567229604469a4c834cc0887f9210b9c2858c4ae7f76c68b09087064f9d
Fermi_E,main_and_supplementary,Q_+1,2508,36,1,train,42,within_Cn_target_quantile_isomer_80_20_seed42,f0414567229604469a4c834cc0887f9210b9c2858c4ae7f76c68b09087064f9d
Fermi_E,main_and_supplementary,Q_+1,2511,36,1,train,42,within_Cn_target_quantile_isomer_80_20_seed42,f0414567229604469a4c834cc0887f9210b9c2858c4ae7f76c68b09087064f9d
Fermi_E,main_and_supplementary,Q_+1,2512,36,1,train,42,within_Cn_target_quantile_isomer_80_20_seed42,f0414567229604469a4c834cc0887f9210b9c2858c4ae7f76c68b09087064f9d
Fermi_E,main_and_supplementary,Q_+1,2513,36,1,train,42,within_Cn_target_quantile_isomer_80_20_seed42,f0414567229604469a4c834cc0887f9210b9c2858c4ae7f76c68b09087064f9d
Fermi_E,main_and_supplementary,Q_+1,2515,36,1,train,42,within_Cn_target_quantile_isomer_80_20_seed42,f0414567229604469a4c834cc0887f9210b9c2858c4ae7f76c68b09087064f9d
Fermi_E,main_and_supplementary,Q_+1,2516,36,1,train,42,within_Cn_target_quantile_isomer_80_20_seed42,f0414567229604469a4c834cc0887f9210b9c2858c4ae7f76c68b09087064f9d
Fermi_E,main_and_supplementary,Q_+1,2517,36,1,train,42,within_Cn_target_quantile_isomer_80_20_seed42,f0414567229604469a4c834cc0887f9210b9c2858c4ae7f76c68b09087064f9d
Fermi_E,main_and_supplementary,Q_+1,2518,36,1,train,42,within_Cn_target_quantile_isomer_80_20_seed42,f0414567229604469a4c834cc0887f9210b9c2858c4ae7f76c68b09087064f9d
Fermi_E,main_and_supplementary,Q_+1,2519,36,1,train,42,within_Cn_target_quantile_isomer_80_20_seed42,f0414567229604469a4c834cc0887f9210b9c2858c4ae7f76c68b09087064f9d
Fermi_E,main_and_supplementary,Q_+1,2520,36,1,train,42,within_Cn_target_quantile_isomer_80_20_seed42,f0414567229604469a4c834cc0887f9210b9c2858c4ae7f76c68b09087064f9d
Fermi_E,main_and_supplementary,Q_+1,2523,38,1,train,42,within_Cn_target_quantile_isomer_80_20_seed42,f0414567229604469a4c834cc0887f9210b9c2858c4ae7f76c68b09087064f9d
Fermi_E,main_and_supplementary,Q_+1,2525,38,1,train,42,within_Cn_target_quantile_isomer_80_20_seed42,f0414567229604469a4c834cc0887f9210b9c2858c4ae7f76c68b09087064f9d
Fermi_E,main_and_supplementary,Q_+1,2526,38,1,train,42,within_Cn_target_quantile_isomer_80_20_seed42,f0414567229604469a4c834cc0887f9210b9c2858c4ae7f76c68b09087064f9d
Fermi_E,main_and_supplementary,Q_+1,2527,38,1,train,42,within_Cn_target_quantile_isomer_80_20_seed42,f0414567229604469a4c834cc0887f9210b9c2858c4ae7f76c68b09087064f9d
Fermi_E,main_and_supplementary,Q_+1,2528,38,1,train,42,within_Cn_target_quantile_isomer_80_20_seed42,f0414567229604469a4c834cc0887f9210b9c2858c4ae7f76c68b09087064f9d
Fermi_E,main_and_supplementary,Q_+1,2530,38,1,train,42,within_Cn_target_quantile_isomer_80_20_seed42,f0414567229604469a4c834cc0887f9210b9c2858c4ae7f76c68b09087064f9d
Fermi_E,main_and_supplementary,Q_+1,2533,38,1,train,42,within_Cn_target_quantile_isomer_80_20_seed42,f0414567229604469a4c834cc0887f9210b9c2858c4ae7f76c68b09087064f9d
Fermi_E,main_and_supplementary,Q_+1,2534,38,1,train,42,within_Cn_target_quantile_isomer_80_20_seed42,f0414567229604469a4c834cc0887f9210b9c2858c4ae7f76c68b09087064f9d
Fermi_E,main_and_supplementary,Q_+1,2536,38,1,train,42,within_Cn_target_quantile_isomer_80_20_seed42,f0414567229604469a4c834cc0887f9210b9c2858c4ae7f76c68b09087064f9d
Fermi_E,main_and_supplementary,Q_+1,2537,38,1,train,42,within_Cn_target_quantile_isomer_80_20_seed42,f0414567229604469a4c834cc0887f9210b9c2858c4ae7f76c68b09087064f9d
Fermi_E,main_and_supplementary,Q_+1,2538,38,1,train,42,within_Cn_target_quantile_isomer_80_20_seed42,f0414567229604469a4c834cc0887f9210b9c2858c4ae7f76c68b09087064f9d
Fermi_E,main_and_supplementary,Q_+1,2539,38,1,train,42,within_Cn_target_quantile_isomer_80_20_seed42,f0414567229604469a4c834cc0887f9210b9c2858c4ae7f76c68b09087064f9d
Fermi_E,main_and_supplementary,Q_+1,2540,40,1,train,42,within_Cn_target_quantile_isomer_80_20_seed42,f0414567229604469a4c834cc0887f9210b9c2858c4ae7f76c68b09087064f9d
Fermi_E,main_and_supplementary,Q_+1,2542,40,1,train,42,within_Cn_target_quantile_isomer_80_20_seed42,f0414567229604469a4c834cc0887f9210b9c2858c4ae7f76c68b09087064f9d
Fermi_E,main_and_supplementary,Q_+1,2543,40,1,train,42,within_Cn_target_quantile_isomer_80_20_seed42,f0414567229604469a4c834cc0887f9210b9c2858c4ae7f76c68b09087064f9d
Fermi_E,main_and_supplementary,Q_+1,2544,40,1,train,42,within_Cn_target_quantile_isomer_80_20_seed42,f0414567229604469a4c834cc0887f9210b9c2858c4ae7f76c68b09087064f9d
Fermi_E,main_and_supplementary,Q_+1,2545,40,1,train,42,within_Cn_target_quantile_isomer_80_20_seed42,f0414567229604469a4c834cc0887f9210b9c2858c4ae7f76c68b09087064f9d
Fermi_E,main_and_supplementary,Q_+1,2546,40,1,train,42,within_Cn_target_quantile_isomer_80_20_seed42,f0414567229604469a4c834cc0887f9210b9c2858c4ae7f76c68b09087064f9d
Fermi_E,main_and_supplementary,Q_+1,2547,40,1,train,42,within_Cn_target_quantile_isomer_80_20_seed42,f0414567229604469a4c834cc0887f9210b9c2858c4ae7f76c68b09087064f9d
Fermi_E,main_and_supplementary,Q_+1,2548,40,1,train,42,within_Cn_target_quantile_isomer_80_20_seed42,f0414567229604469a4c834cc0887f9210b9c2858c4ae7f76c68b09087064f9d
Fermi_E,main_and_supplementary,Q_+1,2549,40,1,train,42,within_Cn_target_quantile_isomer_80_20_seed42,f0414567229604469a4c834cc0887f9210b9c2858c4ae7f76c68b09087064f9d
Fermi_E,main_and_supplementary,Q_+1,2550,40,1,train,42,within_Cn_target_quantile_isomer_80_20_seed42,f0414567229604469a4c834cc0887f9210b9c2858c4ae7f76c68b09087064f9d
Fermi_E,main_and_supplementary,Q_+1,2551,40,1,train,42,within_Cn_target_quantile_isomer_80_20_seed42,f0414567229604469a4c834cc0887f9210b9c2858c4ae7f76c68b09087064f9d
Fermi_E,main_and_supplementary,Q_+1,2553,40,1,train,42,within_Cn_target_quantile_isomer_80_20_seed42,f0414567229604469a4c834cc0887f9210b9c2858c4ae7f76c68b09087064f9d
Fermi_E,main_and_supplementary,Q_+1,2554,40,1,train,42,within_Cn_target_quantile_isomer_80_20_seed42,f0414567229604469a4c834cc0887f9210b9c2858c4ae7f76c68b09087064f9d
Fermi_E,main_and_supplementary,Q_+1,2557,40,1,train,42,within_Cn_target_quantile_isomer_80_20_seed42,f0414567229604469a4c834cc0887f9210b9c2858c4ae7f76c68b09087064f9d
Fermi_E,main_and_supplementary,Q_+1,2558,40,1,train,42,within_Cn_target_quantile_isomer_80_20_seed42,f0414567229604469a4c834cc0887f9210b9c2858c4ae7f76c68b09087064f9d
Fermi_E,main_and_supplementary,Q_+1,2559,40,1,train,42,within_Cn_target_quantile_isomer_80_20_seed42,f0414567229604469a4c834cc0887f9210b9c2858c4ae7f76c68b09087064f9d
Fermi_E,main_and_supplementary,Q_+1,2561,40,1,train,42,within_Cn_target_quantile_isomer_80_20_seed42,f0414567229604469a4c834cc0887f9210b9c2858c4ae7f76c68b09087064f9d
Fermi_E,main_and_supplementary,Q_+1,2562,40,1,train,42,within_Cn_target_quantile_isomer_80_20_seed42,f0414567229604469a4c834cc0887f9210b9c2858c4ae7f76c68b09087064f9d
Fermi_E,main_and_supplementary,Q_+1,2563,40,1,train,42,within_Cn_target_quantile_isomer_80_20_seed42,f0414567229604469a4c834cc0887f9210b9c2858c4ae7f76c68b09087064f9d
Fermi_E,main_and_supplementary,Q_+1,2564,40,1,train,42,within_Cn_target_quantile_isomer_80_20_seed42,f0414567229604469a4c834cc0887f9210b9c2858c4ae7f76c68b09087064f9d
Fermi_E,main_and_supplementary,Q_+1,2565,40,1,train,42,within_Cn_target_quantile_isomer_80_20_seed42,f0414567229604469a4c834cc0887f9210b9c2858c4ae7f76c68b09087064f9d
Fermi_E,main_and_supplementary,Q_+1,2567,40,1,train,42,within_Cn_target_quantile_isomer_80_20_seed42,f0414567229604469a4c834cc0887f9210b9c2858c4ae7f76c68b09087064f9d
Fermi_E,main_and_supplementary,Q_+1,2568,40,1,train,42,within_Cn_target_quantile_isomer_80_20_seed42,f0414567229604469a4c834cc0887f9210b9c2858c4ae7f76c68b09087064f9d
Fermi_E,main_and_supplementary,Q_+1,2570,40,1,train,42,within_Cn_target_quantile_isomer_80_20_seed42,f0414567229604469a4c834cc0887f9210b9c2858c4ae7f76c68b09087064f9d
Fermi_E,main_and_supplementary,Q_+1,2571,40,1,train,42,within_Cn_target_quantile_isomer_80_20_seed42,f0414567229604469a4c834cc0887f9210b9c2858c4ae7f76c68b09087064f9d
Fermi_E,main_and_supplementary,Q_+1,2572,40,1,train,42,within_Cn_target_quantile_isomer_80_20_seed42,f0414567229604469a4c834cc0887f9210b9c2858c4ae7f76c68b09087064f9d
Fermi_E,main_and_supplementary,Q_+1,2573,40,1,train,42,within_Cn_target_quantile_isomer_80_20_seed42,f0414567229604469a4c834cc0887f9210b9c2858c4ae7f76c68b09087064f9d
Fermi_E,main_and_supplementary,Q_+1,2576,40,1,train,42,within_Cn_target_quantile_isomer_80_20_seed42,f0414567229604469a4c834cc0887f9210b9c2858c4ae7f76c68b09087064f9d
Fermi_E,main_and_supplementary,Q_+1,2578,40,1,train,42,within_Cn_target_quantile_isomer_80_20_seed42,f0414567229604469a4c834cc0887f9210b9c2858c4ae7f76c68b09087064f9d
Fermi_E,main_and_supplementary,Q_+1,2579,40,1,train,42,within_Cn_target_quantile_isomer_80_20_seed42,f0414567229604469a4c834cc0887f9210b9c2858c4ae7f76c68b09087064f9d
Fermi_E,main_and_supplementary,Q_+1,2583,42,1,train,42,within_Cn_target_quantile_isomer_80_20_seed42,f0414567229604469a4c834cc0887f9210b9c2858c4ae7f76c68b09087064f9d
Fermi_E,main_and_supplementary,Q_+1,2585,42,1,train,42,within_Cn_target_quantile_isomer_80_20_seed42,f0414567229604469a4c834cc0887f9210b9c2858c4ae7f76c68b09087064f9d
Fermi_E,main_and_supplementary,Q_+1,2586,42,1,train,42,within_Cn_target_quantile_isomer_80_20_seed42,f0414567229604469a4c834cc0887f9210b9c2858c4ae7f76c68b09087064f9d
Fermi_E,main_and_supplementary,Q_+1,2587,42,1,train,42,within_Cn_target_quantile_isomer_80_20_seed42,f0414567229604469a4c834cc0887f9210b9c2858c4ae7f76c68b09087064f9d
Fermi_E,main_and_supplementary,Q_+1,2588,42,1,train,42,within_Cn_target_quantile_isomer_80_20_seed42,f0414567229604469a4c834cc0887f9210b9c2858c4ae7f76c68b09087064f9d
Fermi_E,main_and_supplementary,Q_+1,2589,42,1,train,42,within_Cn_target_quantile_isomer_80_20_seed42,f0414567229604469a4c834cc0887f9210b9c2858c4ae7f76c68b09087064f9d
Fermi_E,main_and_supplementary,Q_+1,2590,42,1,train,42,within_Cn_target_quantile_isomer_80_20_seed42,f0414567229604469a4c834cc0887f9210b9c2858c4ae7f76c68b09087064f9d
Fermi_E,main_and_supplementary,Q_+1,2591,42,1,train,42,within_Cn_target_quantile_isomer_80_20_seed42,f0414567229604469a4c834cc0887f9210b9c2858c4ae7f76c68b09087064f9d
Fermi_E,main_and_supplementary,Q_+1,2592,42,1,train,42,within_Cn_target_quantile_isomer_80_20_seed42,f0414567229604469a4c834cc0887f9210b9c2858c4ae7f76c68b09087064f9d
Fermi_E,main_and_supplementary,Q_+1,2593,42,1,train,42,within_Cn_target_quantile_isomer_80_20_seed42,f0414567229604469a4c834cc0887f9210b9c2858c4ae7f76c68b09087064f9d
Fermi_E,main_and_supplementary,Q_+1,2594,42,1,train,42,within_Cn_target_quantile_isomer_80_20_seed42,f0414567229604469a4c834cc0887f9210b9c2858c4ae7f76c68b09087064f9d
Fermi_E,main_and_supplementary,Q_+1,2596,42,1,train,42,within_Cn_target_quantile_isomer_80_20_seed42,f0414567229604469a4c834cc0887f9210b9c2858c4ae7f76c68b09087064f9d
Fermi_E,main_and_supplementary,Q_+1,2598,42,1,train,42,within_Cn_target_quantile_isomer_80_20_seed42,f0414567229604469a4c834cc0887f9210b9c2858c4ae7f76c68b09087064f9d
Fermi_E,main_and_supplementary,Q_+1,2600,42,1,train,42,within_Cn_target_quantile_isomer_80_20_seed42,f0414567229604469a4c834cc0887f9210b9c2858c4ae7f76c68b09087064f9d
Fermi_E,main_and_supplementary,Q_+1,2601,42,1,train,42,within_Cn_target_quantile_isomer_80_20_seed42,f0414567229604469a4c834cc0887f9210b9c2858c4ae7f76c68b09087064f9d
Fermi_E,main_and_supplementary,Q_+1,2603,42,1,train,42,within_Cn_target_quantile_isomer_80_20_seed42,f0414567229604469a4c834cc0887f9210b9c2858c4ae7f76c68b09087064f9d
Fermi_E,main_and_supplementary,Q_+1,2604,42,1,train,42,within_Cn_target_quantile_isomer_80_20_seed42,f0414567229604469a4c834cc0887f9210b9c2858c4ae7f76c68b09087064f9d
Fermi_E,main_and_supplementary,Q_+1,2605,42,1,train,42,within_Cn_target_quantile_isomer_80_20_seed42,f0414567229604469a4c834cc0887f9210b9c2858c4ae7f76c68b09087064f9d
Fermi_E,main_and_supplementary,Q_+1,2606,42,1,train,42,within_Cn_target_quantile_isomer_80_20_seed42,f0414567229604469a4c834cc0887f9210b9c2858c4ae7f76c68b09087064f9d
Fermi_E,main_and_supplementary,Q_+1,2607,42,1,train,42,within_Cn_target_quantile_isomer_80_20_seed42,f0414567229604469a4c834cc0887f9210b9c2858c4ae7f76c68b09087064f9d
Fermi_E,main_and_supplementary,Q_+1,2608,42,1,train,42,within_Cn_target_quantile_isomer_80_20_seed42,f0414567229604469a4c834cc0887f9210b9c2858c4ae7f76c68b09087064f9d
Fermi_E,main_and_supplementary,Q_+1,2609,42,1,train,42,within_Cn_target_quantile_isomer_80_20_seed42,f0414567229604469a4c834cc0887f9210b9c2858c4ae7f76c68b09087064f9d
Fermi_E,main_and_supplementary,Q_+1,2611,42,1,train,42,within_Cn_target_quantile_isomer_80_20_seed42,f0414567229604469a4c834cc0887f9210b9c2858c4ae7f76c68b09087064f9d
Fermi_E,main_and_supplementary,Q_+1,2612,42,1,train,42,within_Cn_target_quantile_isomer_80_20_seed42,f0414567229604469a4c834cc0887f9210b9c2858c4ae7f76c68b09087064f9d
Fermi_E,main_and_supplementary,Q_+1,2614,42,1,train,42,within_Cn_target_quantile_isomer_80_20_seed42,f0414567229604469a4c834cc0887f9210b9c2858c4ae7f76c68b09087064f9d
Fermi_E,main_and_supplementary,Q_+1,2615,42,1,train,42,within_Cn_target_quantile_isomer_80_20_seed42,f0414567229604469a4c834cc0887f9210b9c2858c4ae7f76c68b09087064f9d
Fermi_E,main_and_supplementary,Q_+1,2616,42,1,train,42,within_Cn_target_quantile_isomer_80_20_seed42,f0414567229604469a4c834cc0887f9210b9c2858c4ae7f76c68b09087064f9d
Fermi_E,main_and_supplementary,Q_+1,2617,42,1,train,42,within_Cn_target_quantile_isomer_80_20_seed42,f0414567229604469a4c834cc0887f9210b9c2858c4ae7f76c68b09087064f9d
Fermi_E,main_and_supplementary,Q_+1,2618,42,1,train,42,within_Cn_target_quantile_isomer_80_20_seed42,f0414567229604469a4c834cc0887f9210b9c2858c4ae7f76c68b09087064f9d
Fermi_E,main_and_supplementary,Q_+1,2619,42,1,train,42,within_Cn_target_quantile_isomer_80_20_seed42,f0414567229604469a4c834cc0887f9210b9c2858c4ae7f76c68b09087064f9d
Fermi_E,main_and_supplementary,Q_+1,2620,42,1,train,42,within_Cn_target_quantile_isomer_80_20_seed42,f0414567229604469a4c834cc0887f9210b9c2858c4ae7f76c68b09087064f9d
Fermi_E,main_and_supplementary,Q_+1,2621,42,1,train,42,within_Cn_target_quantile_isomer_80_20_seed42,f0414567229604469a4c834cc0887f9210b9c2858c4ae7f76c68b09087064f9d
Fermi_E,main_and_supplementary,Q_+1,2622,42,1,train,42,within_Cn_target_quantile_isomer_80_20_seed42,f0414567229604469a4c834cc0887f9210b9c2858c4ae7f76c68b09087064f9d
Fermi_E,main_and_supplementary,Q_+1,2623,42,1,train,42,within_Cn_target_quantile_isomer_80_20_seed42,f0414567229604469a4c834cc0887f9210b9c2858c4ae7f76c68b09087064f9d
Fermi_E,main_and_supplementary,Q_+1,2624,42,1,train,42,within_Cn_target_quantile_isomer_80_20_seed42,f0414567229604469a4c834cc0887f9210b9c2858c4ae7f76c68b09087064f9d
Fermi_E,main_and_supplementary,Q_+1,2625,44,1,train,42,within_Cn_target_quantile_isomer_80_20_seed42,f0414567229604469a4c834cc0887f9210b9c2858c4ae7f76c68b09087064f9d
Fermi_E,main_and_supplementary,Q_+1,2626,44,1,train,42,within_Cn_target_quantile_isomer_80_20_seed42,f0414567229604469a4c834cc0887f9210b9c2858c4ae7f76c68b09087064f9d
Fermi_E,main_and_supplementary,Q_+1,2627,44,1,train,42,within_Cn_target_quantile_isomer_80_20_seed42,f0414567229604469a4c834cc0887f9210b9c2858c4ae7f76c68b09087064f9d
Fermi_E,main_and_supplementary,Q_+1,2628,44,1,train,42,within_Cn_target_quantile_isomer_80_20_seed42,f0414567229604469a4c834cc0887f9210b9c2858c4ae7f76c68b09087064f9d
Fermi_E,main_and_supplementary,Q_+1,2629,44,1,train,42,within_Cn_target_quantile_isomer_80_20_seed42,f0414567229604469a4c834cc0887f9210b9c2858c4ae7f76c68b09087064f9d
Fermi_E,main_and_supplementary,Q_+1,2631,44,1,train,42,within_Cn_target_quantile_isomer_80_20_seed42,f0414567229604469a4c834cc0887f9210b9c2858c4ae7f76c68b09087064f9d
Fermi_E,main_and_supplementary,Q_+1,2632,44,1,train,42,within_Cn_target_quantile_isomer_80_20_seed42,f0414567229604469a4c834cc0887f9210b9c2858c4ae7f76c68b09087064f9d
Fermi_E,main_and_supplementary,Q_+1,2633,44,1,train,42,within_Cn_target_quantile_isomer_80_20_seed42,f0414567229604469a4c834cc0887f9210b9c2858c4ae7f76c68b09087064f9d
Fermi_E,main_and_supplementary,Q_+1,2634,44,1,train,42,within_Cn_target_quantile_isomer_80_20_seed42,f0414567229604469a4c834cc0887f9210b9c2858c4ae7f76c68b09087064f9d
Fermi_E,main_and_supplementary,Q_+1,2635,44,1,train,42,within_Cn_target_quantile_isomer_80_20_seed42,f0414567229604469a4c834cc0887f9210b9c2858c4ae7f76c68b09087064f9d
Fermi_E,main_and_supplementary,Q_+1,2636,44,1,train,42,within_Cn_target_quantile_isomer_80_20_seed42,f0414567229604469a4c834cc0887f9210b9c2858c4ae7f76c68b09087064f9d
Fermi_E,main_and_supplementary,Q_+1,2637,44,1,train,42,within_Cn_target_quantile_isomer_80_20_seed42,f0414567229604469a4c834cc0887f9210b9c2858c4ae7f76c68b09087064f9d
Fermi_E,main_and_supplementary,Q_+1,2640,44,1,train,42,within_Cn_target_quantile_isomer_80_20_seed42,f0414567229604469a4c834cc0887f9210b9c2858c4ae7f76c68b09087064f9d
Fermi_E,main_and_supplementary,Q_+1,2641,44,1,train,42,within_Cn_target_quantile_isomer_80_20_seed42,f0414567229604469a4c834cc0887f9210b9c2858c4ae7f76c68b09087064f9d
Fermi_E,main_and_supplementary,Q_+1,2642,44,1,train,42,within_Cn_target_quantile_isomer_80_20_seed42,f0414567229604469a4c834cc0887f9210b9c2858c4ae7f76c68b09087064f9d
Fermi_E,main_and_supplementary,Q_+1,2645,44,1,train,42,within_Cn_target_quantile_isomer_80_20_seed42,f0414567229604469a4c834cc0887f9210b9c2858c4ae7f76c68b09087064f9d
Fermi_E,main_and_supplementary,Q_+1,2647,44,1,train,42,within_Cn_target_quantile_isomer_80_20_seed42,f0414567229604469a4c834cc0887f9210b9c2858c4ae7f76c68b09087064f9d
Fermi_E,main_and_supplementary,Q_+1,2648,44,1,train,42,within_Cn_target_quantile_isomer_80_20_seed42,f0414567229604469a4c834cc0887f9210b9c2858c4ae7f76c68b09087064f9d
Fermi_E,main_and_supplementary,Q_+1,2649,44,1,train,42,within_Cn_target_quantile_isomer_80_20_seed42,f0414567229604469a4c834cc0887f9210b9c2858c4ae7f76c68b09087064f9d
Fermi_E,main_and_supplementary,Q_+1,2650,44,1,train,42,within_Cn_target_quantile_isomer_80_20_seed42,f0414567229604469a4c834cc0887f9210b9c2858c4ae7f76c68b09087064f9d
Fermi_E,main_and_supplementary,Q_+1,2651,44,1,train,42,within_Cn_target_quantile_isomer_80_20_seed42,f0414567229604469a4c834cc0887f9210b9c2858c4ae7f76c68b09087064f9d
Fermi_E,main_and_supplementary,Q_+1,2653,44,1,train,42,within_Cn_target_quantile_isomer_80_20_seed42,f0414567229604469a4c834cc0887f9210b9c2858c4ae7f76c68b09087064f9d
Fermi_E,main_and_supplementary,Q_+1,2654,44,1,train,42,within_Cn_target_quantile_isomer_80_20_seed42,f0414567229604469a4c834cc0887f9210b9c2858c4ae7f76c68b09087064f9d
Fermi_E,main_and_supplementary,Q_+1,2658,44,1,train,42,within_Cn_target_quantile_isomer_80_20_seed42,f0414567229604469a4c834cc0887f9210b9c2858c4ae7f76c68b09087064f9d
Fermi_E,main_and_supplementary,Q_+1,2659,44,1,train,42,within_Cn_target_quantile_isomer_80_20_seed42,f0414567229604469a4c834cc0887f9210b9c2858c4ae7f76c68b09087064f9d
Fermi_E,main_and_supplementary,Q_+1,2660,44,1,train,42,within_Cn_target_quantile_isomer_80_20_seed42,f0414567229604469a4c834cc0887f9210b9c2858c4ae7f76c68b09087064f9d
Fermi_E,main_and_supplementary,Q_+1,2661,44,1,train,42,within_Cn_target_quantile_isomer_80_20_seed42,f0414567229604469a4c834cc0887f9210b9c2858c4ae7f76c68b09087064f9d
Fermi_E,main_and_supplementary,Q_+1,2662,44,1,train,42,within_Cn_target_quantile_isomer_80_20_seed42,f0414567229604469a4c834cc0887f9210b9c2858c4ae7f76c68b09087064f9d
Fermi_E,main_and_supplementary,Q_+1,2664,44,1,train,42,within_Cn_target_quantile_isomer_80_20_seed42,f0414567229604469a4c834cc0887f9210b9c2858c4ae7f76c68b09087064f9d
Fermi_E,main_and_supplementary,Q_+1,2666,44,1,train,42,within_Cn_target_quantile_isomer_80_20_seed42,f0414567229604469a4c834cc0887f9210b9c2858c4ae7f76c68b09087064f9d
Fermi_E,main_and_supplementary,Q_+1,2668,44,1,train,42,within_Cn_target_quantile_isomer_80_20_seed42,f0414567229604469a4c834cc0887f9210b9c2858c4ae7f76c68b09087064f9d
Fermi_E,main_and_supplementary,Q_+1,2669,44,1,train,42,within_Cn_target_quantile_isomer_80_20_seed42,f0414567229604469a4c834cc0887f9210b9c2858c4ae7f76c68b09087064f9d
Fermi_E,main_and_supplementary,Q_+1,2670,44,1,train,42,within_Cn_target_quantile_isomer_80_20_seed42,f0414567229604469a4c834cc0887f9210b9c2858c4ae7f76c68b09087064f9d
Fermi_E,main_and_supplementary,Q_+1,2671,44,1,train,42,within_Cn_target_quantile_isomer_80_20_seed42,f0414567229604469a4c834cc0887f9210b9c2858c4ae7f76c68b09087064f9d
Fermi_E,main_and_supplementary,Q_+1,2672,44,1,train,42,within_Cn_target_quantile_isomer_80_20_seed42,f0414567229604469a4c834cc0887f9210b9c2858c4ae7f76c68b09087064f9d
Fermi_E,main_and_supplementary,Q_+1,2674,44,1,train,42,within_Cn_target_quantile_isomer_80_20_seed42,f0414567229604469a4c834cc0887f9210b9c2858c4ae7f76c68b09087064f9d
Fermi_E,main_and_supplementary,Q_+1,2675,44,1,train,42,within_Cn_target_quantile_isomer_80_20_seed42,f0414567229604469a4c834cc0887f9210b9c2858c4ae7f76c68b09087064f9d
Fermi_E,main_and_supplementary,Q_+1,2676,44,1,train,42,within_Cn_target_quantile_isomer_80_20_seed42,f0414567229604469a4c834cc0887f9210b9c2858c4ae7f76c68b09087064f9d
Fermi_E,main_and_supplementary,Q_+1,2678,44,1,train,42,within_Cn_target_quantile_isomer_80_20_seed42,f0414567229604469a4c834cc0887f9210b9c2858c4ae7f76c68b09087064f9d
Fermi_E,main_and_supplementary,Q_+1,2679,44,1,train,42,within_Cn_target_quantile_isomer_80_20_seed42,f0414567229604469a4c834cc0887f9210b9c2858c4ae7f76c68b09087064f9d
Fermi_E,main_and_supplementary,Q_+1,2680,44,1,train,42,within_Cn_target_quantile_isomer_80_20_seed42,f0414567229604469a4c834cc0887f9210b9c2858c4ae7f76c68b09087064f9d
Fermi_E,main_and_supplementary,Q_+1,2681,44,1,train,42,within_Cn_target_quantile_isomer_80_20_seed42,f0414567229604469a4c834cc0887f9210b9c2858c4ae7f76c68b09087064f9d
Fermi_E,main_and_supplementary,Q_+1,2682,44,1,train,42,within_Cn_target_quantile_isomer_80_20_seed42,f0414567229604469a4c834cc0887f9210b9c2858c4ae7f76c68b09087064f9d
Fermi_E,main_and_supplementary,Q_+1,2683,44,1,train,42,within_Cn_target_quantile_isomer_80_20_seed42,f0414567229604469a4c834cc0887f9210b9c2858c4ae7f76c68b09087064f9d
Fermi_E,main_and_supplementary,Q_+1,2684,44,1,train,42,within_Cn_target_quantile_isomer_80_20_seed42,f0414567229604469a4c834cc0887f9210b9c2858c4ae7f76c68b09087064f9d
Fermi_E,main_and_supplementary,Q_+1,2686,44,1,train,42,within_Cn_target_quantile_isomer_80_20_seed42,f0414567229604469a4c834cc0887f9210b9c2858c4ae7f76c68b09087064f9d
Fermi_E,main_and_supplementary,Q_+1,2687,44,1,train,42,within_Cn_target_quantile_isomer_80_20_seed42,f0414567229604469a4c834cc0887f9210b9c2858c4ae7f76c68b09087064f9d
Fermi_E,main_and_supplementary,Q_+1,2688,44,1,train,42,within_Cn_target_quantile_isomer_80_20_seed42,f0414567229604469a4c834cc0887f9210b9c2858c4ae7f76c68b09087064f9d
Fermi_E,main_and_supplementary,Q_+1,2689,44,1,train,42,within_Cn_target_quantile_isomer_80_20_seed42,f0414567229604469a4c834cc0887f9210b9c2858c4ae7f76c68b09087064f9d
Fermi_E,main_and_supplementary,Q_+1,2690,44,1,train,42,within_Cn_target_quantile_isomer_80_20_seed42,f0414567229604469a4c834cc0887f9210b9c2858c4ae7f76c68b09087064f9d
Fermi_E,main_and_supplementary,Q_+1,2691,44,1,train,42,within_Cn_target_quantile_isomer_80_20_seed42,f0414567229604469a4c834cc0887f9210b9c2858c4ae7f76c68b09087064f9d
Fermi_E,main_and_supplementary,Q_+1,2693,44,1,train,42,within_Cn_target_quantile_isomer_80_20_seed42,f0414567229604469a4c834cc0887f9210b9c2858c4ae7f76c68b09087064f9d
Fermi_E,main_and_supplementary,Q_+1,2695,44,1,train,42,within_Cn_target_quantile_isomer_80_20_seed42,f0414567229604469a4c834cc0887f9210b9c2858c4ae7f76c68b09087064f9d
Fermi_E,main_and_supplementary,Q_+1,2696,44,1,train,42,within_Cn_target_quantile_isomer_80_20_seed42,f0414567229604469a4c834cc0887f9210b9c2858c4ae7f76c68b09087064f9d
Fermi_E,main_and_supplementary,Q_+1,2697,44,1,train,42,within_Cn_target_quantile_isomer_80_20_seed42,f0414567229604469a4c834cc0887f9210b9c2858c4ae7f76c68b09087064f9d
Fermi_E,main_and_supplementary,Q_+1,2698,44,1,train,42,within_Cn_target_quantile_isomer_80_20_seed42,f0414567229604469a4c834cc0887f9210b9c2858c4ae7f76c68b09087064f9d
Fermi_E,main_and_supplementary,Q_+1,2699,44,1,train,42,within_Cn_target_quantile_isomer_80_20_seed42,f0414567229604469a4c834cc0887f9210b9c2858c4ae7f76c68b09087064f9d
Fermi_E,main_and_supplementary,Q_+1,2700,44,1,train,42,within_Cn_target_quantile_isomer_80_20_seed42,f0414567229604469a4c834cc0887f9210b9c2858c4ae7f76c68b09087064f9d
Fermi_E,main_and_supplementary,Q_+1,2701,44,1,train,42,within_Cn_target_quantile_isomer_80_20_seed42,f0414567229604469a4c834cc0887f9210b9c2858c4ae7f76c68b09087064f9d
Fermi_E,main_and_supplementary,Q_+1,2702,44,1,train,42,within_Cn_target_quantile_isomer_80_20_seed42,f0414567229604469a4c834cc0887f9210b9c2858c4ae7f76c68b09087064f9d
Fermi_E,main_and_supplementary,Q_+1,2703,44,1,train,42,within_Cn_target_quantile_isomer_80_20_seed42,f0414567229604469a4c834cc0887f9210b9c2858c4ae7f76c68b09087064f9d
Fermi_E,main_and_supplementary,Q_+1,2704,44,1,train,42,within_Cn_target_quantile_isomer_80_20_seed42,f0414567229604469a4c834cc0887f9210b9c2858c4ae7f76c68b09087064f9d
Fermi_E,main_and_supplementary,Q_+1,2705,44,1,train,42,within_Cn_target_quantile_isomer_80_20_seed42,f0414567229604469a4c834cc0887f9210b9c2858c4ae7f76c68b09087064f9d
Fermi_E,main_and_supplementary,Q_+1,2706,44,1,train,42,within_Cn_target_quantile_isomer_80_20_seed42,f0414567229604469a4c834cc0887f9210b9c2858c4ae7f76c68b09087064f9d
Fermi_E,main_and_supplementary,Q_+1,2707,44,1,train,42,within_Cn_target_quantile_isomer_80_20_seed42,f0414567229604469a4c834cc0887f9210b9c2858c4ae7f76c68b09087064f9d
Fermi_E,main_and_supplementary,Q_+1,2709,44,1,train,42,within_Cn_target_quantile_isomer_80_20_seed42,f0414567229604469a4c834cc0887f9210b9c2858c4ae7f76c68b09087064f9d
Fermi_E,main_and_supplementary,Q_+1,2710,44,1,train,42,within_Cn_target_quantile_isomer_80_20_seed42,f0414567229604469a4c834cc0887f9210b9c2858c4ae7f76c68b09087064f9d
Fermi_E,main_and_supplementary,Q_+1,2711,44,1,train,42,within_Cn_target_quantile_isomer_80_20_seed42,f0414567229604469a4c834cc0887f9210b9c2858c4ae7f76c68b09087064f9d
Fermi_E,main_and_supplementary,Q_+1,2712,44,1,train,42,within_Cn_target_quantile_isomer_80_20_seed42,f0414567229604469a4c834cc0887f9210b9c2858c4ae7f76c68b09087064f9d
Fermi_E,main_and_supplementary,Q_+1,2713,44,1,train,42,within_Cn_target_quantile_isomer_80_20_seed42,f0414567229604469a4c834cc0887f9210b9c2858c4ae7f76c68b09087064f9d
Fermi_E,main_and_supplementary,Q_+1,2715,46,1,train,42,within_Cn_target_quantile_isomer_80_20_seed42,f0414567229604469a4c834cc0887f9210b9c2858c4ae7f76c68b09087064f9d
Fermi_E,main_and_supplementary,Q_+1,2716,46,1,train,42,within_Cn_target_quantile_isomer_80_20_seed42,f0414567229604469a4c834cc0887f9210b9c2858c4ae7f76c68b09087064f9d
Fermi_E,main_and_supplementary,Q_+1,2717,46,1,train,42,within_Cn_target_quantile_isomer_80_20_seed42,f0414567229604469a4c834cc0887f9210b9c2858c4ae7f76c68b09087064f9d
Fermi_E,main_and_supplementary,Q_+1,2719,46,1,train,42,within_Cn_target_quantile_isomer_80_20_seed42,f0414567229604469a4c834cc0887f9210b9c2858c4ae7f76c68b09087064f9d
Fermi_E,main_and_supplementary,Q_+1,2720,46,1,train,42,within_Cn_target_quantile_isomer_80_20_seed42,f0414567229604469a4c834cc0887f9210b9c2858c4ae7f76c68b09087064f9d
Fermi_E,main_and_supplementary,Q_+1,2721,46,1,train,42,within_Cn_target_quantile_isomer_80_20_seed42,f0414567229604469a4c834cc0887f9210b9c2858c4ae7f76c68b09087064f9d
Fermi_E,main_and_supplementary,Q_+1,2722,46,1,train,42,within_Cn_target_quantile_isomer_80_20_seed42,f0414567229604469a4c834cc0887f9210b9c2858c4ae7f76c68b09087064f9d
Fermi_E,main_and_supplementary,Q_+1,2723,46,1,train,42,within_Cn_target_quantile_isomer_80_20_seed42,f0414567229604469a4c834cc0887f9210b9c2858c4ae7f76c68b09087064f9d
Fermi_E,main_and_supplementary,Q_+1,2724,46,1,train,42,within_Cn_target_quantile_isomer_80_20_seed42,f0414567229604469a4c834cc0887f9210b9c2858c4ae7f76c68b09087064f9d
Fermi_E,main_and_supplementary,Q_+1,2725,46,1,train,42,within_Cn_target_quantile_isomer_80_20_seed42,f0414567229604469a4c834cc0887f9210b9c2858c4ae7f76c68b09087064f9d
Fermi_E,main_and_supplementary,Q_+1,2727,46,1,train,42,within_Cn_target_quantile_isomer_80_20_seed42,f0414567229604469a4c834cc0887f9210b9c2858c4ae7f76c68b09087064f9d
Fermi_E,main_and_supplementary,Q_+1,2729,46,1,train,42,within_Cn_target_quantile_isomer_80_20_seed42,f0414567229604469a4c834cc0887f9210b9c2858c4ae7f76c68b09087064f9d
Fermi_E,main_and_supplementary,Q_+1,2730,46,1,train,42,within_Cn_target_quantile_isomer_80_20_seed42,f0414567229604469a4c834cc0887f9210b9c2858c4ae7f76c68b09087064f9d
Fermi_E,main_and_supplementary,Q_+1,2731,46,1,train,42,within_Cn_target_quantile_isomer_80_20_seed42,f0414567229604469a4c834cc0887f9210b9c2858c4ae7f76c68b09087064f9d
Fermi_E,main_and_supplementary,Q_+1,2732,46,1,train,42,within_Cn_target_quantile_isomer_80_20_seed42,f0414567229604469a4c834cc0887f9210b9c2858c4ae7f76c68b09087064f9d
Fermi_E,main_and_supplementary,Q_+1,2734,46,1,train,42,within_Cn_target_quantile_isomer_80_20_seed42,f0414567229604469a4c834cc0887f9210b9c2858c4ae7f76c68b09087064f9d
Fermi_E,main_and_supplementary,Q_+1,2736,46,1,train,42,within_Cn_target_quantile_isomer_80_20_seed42,f0414567229604469a4c834cc0887f9210b9c2858c4ae7f76c68b09087064f9d
Fermi_E,main_and_supplementary,Q_+1,2738,46,1,train,42,within_Cn_target_quantile_isomer_80_20_seed42,f0414567229604469a4c834cc0887f9210b9c2858c4ae7f76c68b09087064f9d
Fermi_E,main_and_supplementary,Q_+1,2739,46,1,train,42,within_Cn_target_quantile_isomer_80_20_seed42,f0414567229604469a4c834cc0887f9210b9c2858c4ae7f76c68b09087064f9d
Fermi_E,main_and_supplementary,Q_+1,2741,46,1,train,42,within_Cn_target_quantile_isomer_80_20_seed42,f0414567229604469a4c834cc0887f9210b9c2858c4ae7f76c68b09087064f9d
Fermi_E,main_and_supplementary,Q_+1,2742,46,1,train,42,within_Cn_target_quantile_isomer_80_20_seed42,f0414567229604469a4c834cc0887f9210b9c2858c4ae7f76c68b09087064f9d
Fermi_E,main_and_supplementary,Q_+1,2743,46,1,train,42,within_Cn_target_quantile_isomer_80_20_seed42,f0414567229604469a4c834cc0887f9210b9c2858c4ae7f76c68b09087064f9d
Fermi_E,main_and_supplementary,Q_+1,2744,46,1,train,42,within_Cn_target_quantile_isomer_80_20_seed42,f0414567229604469a4c834cc0887f9210b9c2858c4ae7f76c68b09087064f9d
Fermi_E,main_and_supplementary,Q_+1,2745,46,1,train,42,within_Cn_target_quantile_isomer_80_20_seed42,f0414567229604469a4c834cc0887f9210b9c2858c4ae7f76c68b09087064f9d
Fermi_E,main_and_supplementary,Q_+1,2748,46,1,train,42,within_Cn_target_quantile_isomer_80_20_seed42,f0414567229604469a4c834cc0887f9210b9c2858c4ae7f76c68b09087064f9d
Fermi_E,main_and_supplementary,Q_+1,2749,46,1,train,42,within_Cn_target_quantile_isomer_80_20_seed42,f0414567229604469a4c834cc0887f9210b9c2858c4ae7f76c68b09087064f9d
Fermi_E,main_and_supplementary,Q_+1,2750,46,1,train,42,within_Cn_target_quantile_isomer_80_20_seed42,f0414567229604469a4c834cc0887f9210b9c2858c4ae7f76c68b09087064f9d
Fermi_E,main_and_supplementary,Q_+1,2751,46,1,train,42,within_Cn_target_quantile_isomer_80_20_seed42,f0414567229604469a4c834cc0887f9210b9c2858c4ae7f76c68b09087064f9d
Fermi_E,main_and_supplementary,Q_+1,2752,46,1,train,42,within_Cn_target_quantile_isomer_80_20_seed42,f0414567229604469a4c834cc0887f9210b9c2858c4ae7f76c68b09087064f9d
Fermi_E,main_and_supplementary,Q_+1,2755,46,1,train,42,within_Cn_target_quantile_isomer_80_20_seed42,f0414567229604469a4c834cc0887f9210b9c2858c4ae7f76c68b09087064f9d
Fermi_E,main_and_supplementary,Q_+1,2756,46,1,train,42,within_Cn_target_quantile_isomer_80_20_seed42,f0414567229604469a4c834cc0887f9210b9c2858c4ae7f76c68b09087064f9d
Fermi_E,main_and_supplementary,Q_+1,2757,46,1,train,42,within_Cn_target_quantile_isomer_80_20_seed42,f0414567229604469a4c834cc0887f9210b9c2858c4ae7f76c68b09087064f9d
Fermi_E,main_and_supplementary,Q_+1,2758,46,1,train,42,within_Cn_target_quantile_isomer_80_20_seed42,f0414567229604469a4c834cc0887f9210b9c2858c4ae7f76c68b09087064f9d
Fermi_E,main_and_supplementary,Q_+1,2760,46,1,train,42,within_Cn_target_quantile_isomer_80_20_seed42,f0414567229604469a4c834cc0887f9210b9c2858c4ae7f76c68b09087064f9d
Fermi_E,main_and_supplementary,Q_+1,2762,46,1,train,42,within_Cn_target_quantile_isomer_80_20_seed42,f0414567229604469a4c834cc0887f9210b9c2858c4ae7f76c68b09087064f9d
Fermi_E,main_and_supplementary,Q_+1,2763,46,1,train,42,within_Cn_target_quantile_isomer_80_20_seed42,f0414567229604469a4c834cc0887f9210b9c2858c4ae7f76c68b09087064f9d
Fermi_E,main_and_supplementary,Q_+1,2764,46,1,train,42,within_Cn_target_quantile_isomer_80_20_seed42,f0414567229604469a4c834cc0887f9210b9c2858c4ae7f76c68b09087064f9d
Fermi_E,main_and_supplementary,Q_+1,2765,46,1,train,42,within_Cn_target_quantile_isomer_80_20_seed42,f0414567229604469a4c834cc0887f9210b9c2858c4ae7f76c68b09087064f9d
Fermi_E,main_and_supplementary,Q_+1,2766,46,1,train,42,within_Cn_target_quantile_isomer_80_20_seed42,f0414567229604469a4c834cc0887f9210b9c2858c4ae7f76c68b09087064f9d
Fermi_E,main_and_supplementary,Q_+1,2767,46,1,train,42,within_Cn_target_quantile_isomer_80_20_seed42,f0414567229604469a4c834cc0887f9210b9c2858c4ae7f76c68b09087064f9d
Fermi_E,main_and_supplementary,Q_+1,2768,46,1,train,42,within_Cn_target_quantile_isomer_80_20_seed42,f0414567229604469a4c834cc0887f9210b9c2858c4ae7f76c68b09087064f9d
Fermi_E,main_and_supplementary,Q_+1,2769,46,1,train,42,within_Cn_target_quantile_isomer_80_20_seed42,f0414567229604469a4c834cc0887f9210b9c2858c4ae7f76c68b09087064f9d
Fermi_E,main_and_supplementary,Q_+1,2770,46,1,train,42,within_Cn_target_quantile_isomer_80_20_seed42,f0414567229604469a4c834cc0887f9210b9c2858c4ae7f76c68b09087064f9d
Fermi_E,main_and_supplementary,Q_+1,2771,46,1,train,42,within_Cn_target_quantile_isomer_80_20_seed42,f0414567229604469a4c834cc0887f9210b9c2858c4ae7f76c68b09087064f9d
Fermi_E,main_and_supplementary,Q_+1,2772,46,1,train,42,within_Cn_target_quantile_isomer_80_20_seed42,f0414567229604469a4c834cc0887f9210b9c2858c4ae7f76c68b09087064f9d
Fermi_E,main_and_supplementary,Q_+1,2773,46,1,train,42,within_Cn_target_quantile_isomer_80_20_seed42,f0414567229604469a4c834cc0887f9210b9c2858c4ae7f76c68b09087064f9d
Fermi_E,main_and_supplementary,Q_+1,2774,46,1,train,42,within_Cn_target_quantile_isomer_80_20_seed42,f0414567229604469a4c834cc0887f9210b9c2858c4ae7f76c68b09087064f9d
Fermi_E,main_and_supplementary,Q_+1,2775,46,1,train,42,within_Cn_target_quantile_isomer_80_20_seed42,f0414567229604469a4c834cc0887f9210b9c2858c4ae7f76c68b09087064f9d
Fermi_E,main_and_supplementary,Q_+1,2776,46,1,train,42,within_Cn_target_quantile_isomer_80_20_seed42,f0414567229604469a4c834cc0887f9210b9c2858c4ae7f76c68b09087064f9d
Fermi_E,main_and_supplementary,Q_+1,2777,46,1,train,42,within_Cn_target_quantile_isomer_80_20_seed42,f0414567229604469a4c834cc0887f9210b9c2858c4ae7f76c68b09087064f9d
Fermi_E,main_and_supplementary,Q_+1,2778,46,1,train,42,within_Cn_target_quantile_isomer_80_20_seed42,f0414567229604469a4c834cc0887f9210b9c2858c4ae7f76c68b09087064f9d
Fermi_E,main_and_supplementary,Q_+1,2779,46,1,train,42,within_Cn_target_quantile_isomer_80_20_seed42,f0414567229604469a4c834cc0887f9210b9c2858c4ae7f76c68b09087064f9d
Fermi_E,main_and_supplementary,Q_+1,2780,46,1,train,42,within_Cn_target_quantile_isomer_80_20_seed42,f0414567229604469a4c834cc0887f9210b9c2858c4ae7f76c68b09087064f9d
Fermi_E,main_and_supplementary,Q_+1,2782,46,1,train,42,within_Cn_target_quantile_isomer_80_20_seed42,f0414567229604469a4c834cc0887f9210b9c2858c4ae7f76c68b09087064f9d
Fermi_E,main_and_supplementary,Q_+1,2783,46,1,train,42,within_Cn_target_quantile_isomer_80_20_seed42,f0414567229604469a4c834cc0887f9210b9c2858c4ae7f76c68b09087064f9d
Fermi_E,main_and_supplementary,Q_+1,2784,46,1,train,42,within_Cn_target_quantile_isomer_80_20_seed42,f0414567229604469a4c834cc0887f9210b9c2858c4ae7f76c68b09087064f9d
Fermi_E,main_and_supplementary,Q_+1,2785,46,1,train,42,within_Cn_target_quantile_isomer_80_20_seed42,f0414567229604469a4c834cc0887f9210b9c2858c4ae7f76c68b09087064f9d
Fermi_E,main_and_supplementary,Q_+1,2786,46,1,train,42,within_Cn_target_quantile_isomer_80_20_seed42,f0414567229604469a4c834cc0887f9210b9c2858c4ae7f76c68b09087064f9d
Fermi_E,main_and_supplementary,Q_+1,2787,46,1,train,42,within_Cn_target_quantile_isomer_80_20_seed42,f0414567229604469a4c834cc0887f9210b9c2858c4ae7f76c68b09087064f9d
Fermi_E,main_and_supplementary,Q_+1,2788,46,1,train,42,within_Cn_target_quantile_isomer_80_20_seed42,f0414567229604469a4c834cc0887f9210b9c2858c4ae7f76c68b09087064f9d
Fermi_E,main_and_supplementary,Q_+1,2789,46,1,train,42,within_Cn_target_quantile_isomer_80_20_seed42,f0414567229604469a4c834cc0887f9210b9c2858c4ae7f76c68b09087064f9d
Fermi_E,main_and_supplementary,Q_+1,2790,46,1,train,42,within_Cn_target_quantile_isomer_80_20_seed42,f0414567229604469a4c834cc0887f9210b9c2858c4ae7f76c68b09087064f9d
Fermi_E,main_and_supplementary,Q_+1,2791,46,1,train,42,within_Cn_target_quantile_isomer_80_20_seed42,f0414567229604469a4c834cc0887f9210b9c2858c4ae7f76c68b09087064f9d
Fermi_E,main_and_supplementary,Q_+1,2792,46,1,train,42,within_Cn_target_quantile_isomer_80_20_seed42,f0414567229604469a4c834cc0887f9210b9c2858c4ae7f76c68b09087064f9d
Fermi_E,main_and_supplementary,Q_+1,2793,46,1,train,42,within_Cn_target_quantile_isomer_80_20_seed42,f0414567229604469a4c834cc0887f9210b9c2858c4ae7f76c68b09087064f9d
Fermi_E,main_and_supplementary,Q_+1,2794,46,1,train,42,within_Cn_target_quantile_isomer_80_20_seed42,f0414567229604469a4c834cc0887f9210b9c2858c4ae7f76c68b09087064f9d
Fermi_E,main_and_supplementary,Q_+1,2795,46,1,train,42,within_Cn_target_quantile_isomer_80_20_seed42,f0414567229604469a4c834cc0887f9210b9c2858c4ae7f76c68b09087064f9d
Fermi_E,main_and_supplementary,Q_+1,2796,46,1,train,42,within_Cn_target_quantile_isomer_80_20_seed42,f0414567229604469a4c834cc0887f9210b9c2858c4ae7f76c68b09087064f9d
Fermi_E,main_and_supplementary,Q_+1,2797,46,1,train,42,within_Cn_target_quantile_isomer_80_20_seed42,f0414567229604469a4c834cc0887f9210b9c2858c4ae7f76c68b09087064f9d
Fermi_E,main_and_supplementary,Q_+1,2798,46,1,train,42,within_Cn_target_quantile_isomer_80_20_seed42,f0414567229604469a4c834cc0887f9210b9c2858c4ae7f76c68b09087064f9d
Fermi_E,main_and_supplementary,Q_+1,2799,46,1,train,42,within_Cn_target_quantile_isomer_80_20_seed42,f0414567229604469a4c834cc0887f9210b9c2858c4ae7f76c68b09087064f9d
Fermi_E,main_and_supplementary,Q_+1,2800,46,1,train,42,within_Cn_target_quantile_isomer_80_20_seed42,f0414567229604469a4c834cc0887f9210b9c2858c4ae7f76c68b09087064f9d
Fermi_E,main_and_supplementary,Q_+1,2801,46,1,train,42,within_Cn_target_quantile_isomer_80_20_seed42,f0414567229604469a4c834cc0887f9210b9c2858c4ae7f76c68b09087064f9d
Fermi_E,main_and_supplementary,Q_+1,2803,46,1,train,42,within_Cn_target_quantile_isomer_80_20_seed42,f0414567229604469a4c834cc0887f9210b9c2858c4ae7f76c68b09087064f9d
Fermi_E,main_and_supplementary,Q_+1,2806,46,1,train,42,within_Cn_target_quantile_isomer_80_20_seed42,f0414567229604469a4c834cc0887f9210b9c2858c4ae7f76c68b09087064f9d
Fermi_E,main_and_supplementary,Q_+1,2807,46,1,train,42,within_Cn_target_quantile_isomer_80_20_seed42,f0414567229604469a4c834cc0887f9210b9c2858c4ae7f76c68b09087064f9d
Fermi_E,main_and_supplementary,Q_+1,2808,46,1,train,42,within_Cn_target_quantile_isomer_80_20_seed42,f0414567229604469a4c834cc0887f9210b9c2858c4ae7f76c68b09087064f9d
Fermi_E,main_and_supplementary,Q_+1,2811,46,1,train,42,within_Cn_target_quantile_isomer_80_20_seed42,f0414567229604469a4c834cc0887f9210b9c2858c4ae7f76c68b09087064f9d
Fermi_E,main_and_supplementary,Q_+1,2812,46,1,train,42,within_Cn_target_quantile_isomer_80_20_seed42,f0414567229604469a4c834cc0887f9210b9c2858c4ae7f76c68b09087064f9d
Fermi_E,main_and_supplementary,Q_+1,2814,46,1,train,42,within_Cn_target_quantile_isomer_80_20_seed42,f0414567229604469a4c834cc0887f9210b9c2858c4ae7f76c68b09087064f9d
Fermi_E,main_and_supplementary,Q_+1,2815,46,1,train,42,within_Cn_target_quantile_isomer_80_20_seed42,f0414567229604469a4c834cc0887f9210b9c2858c4ae7f76c68b09087064f9d
Fermi_E,main_and_supplementary,Q_+1,2816,46,1,train,42,within_Cn_target_quantile_isomer_80_20_seed42,f0414567229604469a4c834cc0887f9210b9c2858c4ae7f76c68b09087064f9d
Fermi_E,main_and_supplementary,Q_+1,2819,46,1,train,42,within_Cn_target_quantile_isomer_80_20_seed42,f0414567229604469a4c834cc0887f9210b9c2858c4ae7f76c68b09087064f9d
Fermi_E,main_and_supplementary,Q_+1,2820,46,1,train,42,within_Cn_target_quantile_isomer_80_20_seed42,f0414567229604469a4c834cc0887f9210b9c2858c4ae7f76c68b09087064f9d
Fermi_E,main_and_supplementary,Q_+1,2821,46,1,train,42,within_Cn_target_quantile_isomer_80_20_seed42,f0414567229604469a4c834cc0887f9210b9c2858c4ae7f76c68b09087064f9d
Fermi_E,main_and_supplementary,Q_+1,2822,46,1,train,42,within_Cn_target_quantile_isomer_80_20_seed42,f0414567229604469a4c834cc0887f9210b9c2858c4ae7f76c68b09087064f9d
Fermi_E,main_and_supplementary,Q_+1,2823,46,1,train,42,within_Cn_target_quantile_isomer_80_20_seed42,f0414567229604469a4c834cc0887f9210b9c2858c4ae7f76c68b09087064f9d
Fermi_E,main_and_supplementary,Q_+1,2825,46,1,train,42,within_Cn_target_quantile_isomer_80_20_seed42,f0414567229604469a4c834cc0887f9210b9c2858c4ae7f76c68b09087064f9d
Fermi_E,main_and_supplementary,Q_+1,2826,46,1,train,42,within_Cn_target_quantile_isomer_80_20_seed42,f0414567229604469a4c834cc0887f9210b9c2858c4ae7f76c68b09087064f9d
Fermi_E,main_and_supplementary,Q_+1,2827,46,1,train,42,within_Cn_target_quantile_isomer_80_20_seed42,f0414567229604469a4c834cc0887f9210b9c2858c4ae7f76c68b09087064f9d
Fermi_E,main_and_supplementary,Q_+1,2829,46,1,train,42,within_Cn_target_quantile_isomer_80_20_seed42,f0414567229604469a4c834cc0887f9210b9c2858c4ae7f76c68b09087064f9d
Fermi_E,main_and_supplementary,Q_+1,2830,48,1,train,42,within_Cn_target_quantile_isomer_80_20_seed42,f0414567229604469a4c834cc0887f9210b9c2858c4ae7f76c68b09087064f9d
Fermi_E,main_and_supplementary,Q_+1,2831,48,1,train,42,within_Cn_target_quantile_isomer_80_20_seed42,f0414567229604469a4c834cc0887f9210b9c2858c4ae7f76c68b09087064f9d
Fermi_E,main_and_supplementary,Q_+1,2832,48,1,train,42,within_Cn_target_quantile_isomer_80_20_seed42,f0414567229604469a4c834cc0887f9210b9c2858c4ae7f76c68b09087064f9d
Fermi_E,main_and_supplementary,Q_+1,2833,48,1,train,42,within_Cn_target_quantile_isomer_80_20_seed42,f0414567229604469a4c834cc0887f9210b9c2858c4ae7f76c68b09087064f9d
Fermi_E,main_and_supplementary,Q_+1,2834,48,1,train,42,within_Cn_target_quantile_isomer_80_20_seed42,f0414567229604469a4c834cc0887f9210b9c2858c4ae7f76c68b09087064f9d
Fermi_E,main_and_supplementary,Q_+1,2835,48,1,train,42,within_Cn_target_quantile_isomer_80_20_seed42,f0414567229604469a4c834cc0887f9210b9c2858c4ae7f76c68b09087064f9d
Fermi_E,main_and_supplementary,Q_+1,2836,48,1,train,42,within_Cn_target_quantile_isomer_80_20_seed42,f0414567229604469a4c834cc0887f9210b9c2858c4ae7f76c68b09087064f9d
Fermi_E,main_and_supplementary,Q_+1,2838,48,1,train,42,within_Cn_target_quantile_isomer_80_20_seed42,f0414567229604469a4c834cc0887f9210b9c2858c4ae7f76c68b09087064f9d
Fermi_E,main_and_supplementary,Q_+1,2839,48,1,train,42,within_Cn_target_quantile_isomer_80_20_seed42,f0414567229604469a4c834cc0887f9210b9c2858c4ae7f76c68b09087064f9d
Fermi_E,main_and_supplementary,Q_+1,2842,48,1,train,42,within_Cn_target_quantile_isomer_80_20_seed42,f0414567229604469a4c834cc0887f9210b9c2858c4ae7f76c68b09087064f9d
Fermi_E,main_and_supplementary,Q_+1,2845,48,1,train,42,within_Cn_target_quantile_isomer_80_20_seed42,f0414567229604469a4c834cc0887f9210b9c2858c4ae7f76c68b09087064f9d
Fermi_E,main_and_supplementary,Q_+1,2846,48,1,train,42,within_Cn_target_quantile_isomer_80_20_seed42,f0414567229604469a4c834cc0887f9210b9c2858c4ae7f76c68b09087064f9d
Fermi_E,main_and_supplementary,Q_+1,2847,48,1,train,42,within_Cn_target_quantile_isomer_80_20_seed42,f0414567229604469a4c834cc0887f9210b9c2858c4ae7f76c68b09087064f9d
Fermi_E,main_and_supplementary,Q_+1,2848,48,1,train,42,within_Cn_target_quantile_isomer_80_20_seed42,f0414567229604469a4c834cc0887f9210b9c2858c4ae7f76c68b09087064f9d
Fermi_E,main_and_supplementary,Q_+1,2849,48,1,train,42,within_Cn_target_quantile_isomer_80_20_seed42,f0414567229604469a4c834cc0887f9210b9c2858c4ae7f76c68b09087064f9d
Fermi_E,main_and_supplementary,Q_+1,2850,48,1,train,42,within_Cn_target_quantile_isomer_80_20_seed42,f0414567229604469a4c834cc0887f9210b9c2858c4ae7f76c68b09087064f9d
Fermi_E,main_and_supplementary,Q_+1,2851,48,1,train,42,within_Cn_target_quantile_isomer_80_20_seed42,f0414567229604469a4c834cc0887f9210b9c2858c4ae7f76c68b09087064f9d
Fermi_E,main_and_supplementary,Q_+1,2852,48,1,train,42,within_Cn_target_quantile_isomer_80_20_seed42,f0414567229604469a4c834cc0887f9210b9c2858c4ae7f76c68b09087064f9d
Fermi_E,main_and_supplementary,Q_+1,2854,48,1,train,42,within_Cn_target_quantile_isomer_80_20_seed42,f0414567229604469a4c834cc0887f9210b9c2858c4ae7f76c68b09087064f9d
Fermi_E,main_and_supplementary,Q_+1,2855,48,1,train,42,within_Cn_target_quantile_isomer_80_20_seed42,f0414567229604469a4c834cc0887f9210b9c2858c4ae7f76c68b09087064f9d
Fermi_E,main_and_supplementary,Q_+1,2856,48,1,train,42,within_Cn_target_quantile_isomer_80_20_seed42,f0414567229604469a4c834cc0887f9210b9c2858c4ae7f76c68b09087064f9d
Fermi_E,main_and_supplementary,Q_+1,2857,48,1,train,42,within_Cn_target_quantile_isomer_80_20_seed42,f0414567229604469a4c834cc0887f9210b9c2858c4ae7f76c68b09087064f9d
Fermi_E,main_and_supplementary,Q_+1,2858,48,1,train,42,within_Cn_target_quantile_isomer_80_20_seed42,f0414567229604469a4c834cc0887f9210b9c2858c4ae7f76c68b09087064f9d
Fermi_E,main_and_supplementary,Q_+1,2859,48,1,train,42,within_Cn_target_quantile_isomer_80_20_seed42,f0414567229604469a4c834cc0887f9210b9c2858c4ae7f76c68b09087064f9d
Fermi_E,main_and_supplementary,Q_+1,2860,48,1,train,42,within_Cn_target_quantile_isomer_80_20_seed42,f0414567229604469a4c834cc0887f9210b9c2858c4ae7f76c68b09087064f9d
Fermi_E,main_and_supplementary,Q_+1,2862,48,1,train,42,within_Cn_target_quantile_isomer_80_20_seed42,f0414567229604469a4c834cc0887f9210b9c2858c4ae7f76c68b09087064f9d
Fermi_E,main_and_supplementary,Q_+1,2863,48,1,train,42,within_Cn_target_quantile_isomer_80_20_seed42,f0414567229604469a4c834cc0887f9210b9c2858c4ae7f76c68b09087064f9d
Fermi_E,main_and_supplementary,Q_+1,2864,48,1,train,42,within_Cn_target_quantile_isomer_80_20_seed42,f0414567229604469a4c834cc0887f9210b9c2858c4ae7f76c68b09087064f9d
Fermi_E,main_and_supplementary,Q_+1,2865,48,1,train,42,within_Cn_target_quantile_isomer_80_20_seed42,f0414567229604469a4c834cc0887f9210b9c2858c4ae7f76c68b09087064f9d
Fermi_E,main_and_supplementary,Q_+1,2866,48,1,train,42,within_Cn_target_quantile_isomer_80_20_seed42,f0414567229604469a4c834cc0887f9210b9c2858c4ae7f76c68b09087064f9d
Fermi_E,main_and_supplementary,Q_+1,2867,48,1,train,42,within_Cn_target_quantile_isomer_80_20_seed42,f0414567229604469a4c834cc0887f9210b9c2858c4ae7f76c68b09087064f9d
Fermi_E,main_and_supplementary,Q_+1,2868,48,1,train,42,within_Cn_target_quantile_isomer_80_20_seed42,f0414567229604469a4c834cc0887f9210b9c2858c4ae7f76c68b09087064f9d
Fermi_E,main_and_supplementary,Q_+1,2869,48,1,train,42,within_Cn_target_quantile_isomer_80_20_seed42,f0414567229604469a4c834cc0887f9210b9c2858c4ae7f76c68b09087064f9d
Fermi_E,main_and_supplementary,Q_+1,2871,48,1,train,42,within_Cn_target_quantile_isomer_80_20_seed42,f0414567229604469a4c834cc0887f9210b9c2858c4ae7f76c68b09087064f9d
Fermi_E,main_and_supplementary,Q_+1,2872,48,1,train,42,within_Cn_target_quantile_isomer_80_20_seed42,f0414567229604469a4c834cc0887f9210b9c2858c4ae7f76c68b09087064f9d
Fermi_E,main_and_supplementary,Q_+1,2874,48,1,train,42,within_Cn_target_quantile_isomer_80_20_seed42,f0414567229604469a4c834cc0887f9210b9c2858c4ae7f76c68b09087064f9d
Fermi_E,main_and_supplementary,Q_+1,2875,48,1,train,42,within_Cn_target_quantile_isomer_80_20_seed42,f0414567229604469a4c834cc0887f9210b9c2858c4ae7f76c68b09087064f9d
Fermi_E,main_and_supplementary,Q_+1,2876,48,1,train,42,within_Cn_target_quantile_isomer_80_20_seed42,f0414567229604469a4c834cc0887f9210b9c2858c4ae7f76c68b09087064f9d
Fermi_E,main_and_supplementary,Q_+1,2877,48,1,train,42,within_Cn_target_quantile_isomer_80_20_seed42,f0414567229604469a4c834cc0887f9210b9c2858c4ae7f76c68b09087064f9d
Fermi_E,main_and_supplementary,Q_+1,2878,48,1,train,42,within_Cn_target_quantile_isomer_80_20_seed42,f0414567229604469a4c834cc0887f9210b9c2858c4ae7f76c68b09087064f9d
Fermi_E,main_and_supplementary,Q_+1,2879,48,1,train,42,within_Cn_target_quantile_isomer_80_20_seed42,f0414567229604469a4c834cc0887f9210b9c2858c4ae7f76c68b09087064f9d
Fermi_E,main_and_supplementary,Q_+1,2880,48,1,train,42,within_Cn_target_quantile_isomer_80_20_seed42,f0414567229604469a4c834cc0887f9210b9c2858c4ae7f76c68b09087064f9d
Fermi_E,main_and_supplementary,Q_+1,2881,48,1,train,42,within_Cn_target_quantile_isomer_80_20_seed42,f0414567229604469a4c834cc0887f9210b9c2858c4ae7f76c68b09087064f9d
Fermi_E,main_and_supplementary,Q_+1,2882,48,1,train,42,within_Cn_target_quantile_isomer_80_20_seed42,f0414567229604469a4c834cc0887f9210b9c2858c4ae7f76c68b09087064f9d
Fermi_E,main_and_supplementary,Q_+1,2883,48,1,train,42,within_Cn_target_quantile_isomer_80_20_seed42,f0414567229604469a4c834cc0887f9210b9c2858c4ae7f76c68b09087064f9d
Fermi_E,main_and_supplementary,Q_+1,2884,48,1,train,42,within_Cn_target_quantile_isomer_80_20_seed42,f0414567229604469a4c834cc0887f9210b9c2858c4ae7f76c68b09087064f9d
Fermi_E,main_and_supplementary,Q_+1,2885,48,1,train,42,within_Cn_target_quantile_isomer_80_20_seed42,f0414567229604469a4c834cc0887f9210b9c2858c4ae7f76c68b09087064f9d
Fermi_E,main_and_supplementary,Q_+1,2886,48,1,train,42,within_Cn_target_quantile_isomer_80_20_seed42,f0414567229604469a4c834cc0887f9210b9c2858c4ae7f76c68b09087064f9d
Fermi_E,main_and_supplementary,Q_+1,2887,48,1,train,42,within_Cn_target_quantile_isomer_80_20_seed42,f0414567229604469a4c834cc0887f9210b9c2858c4ae7f76c68b09087064f9d
Fermi_E,main_and_supplementary,Q_+1,2888,48,1,train,42,within_Cn_target_quantile_isomer_80_20_seed42,f0414567229604469a4c834cc0887f9210b9c2858c4ae7f76c68b09087064f9d
Fermi_E,main_and_supplementary,Q_+1,2889,48,1,train,42,within_Cn_target_quantile_isomer_80_20_seed42,f0414567229604469a4c834cc0887f9210b9c2858c4ae7f76c68b09087064f9d
Fermi_E,main_and_supplementary,Q_+1,2890,48,1,train,42,within_Cn_target_quantile_isomer_80_20_seed42,f0414567229604469a4c834cc0887f9210b9c2858c4ae7f76c68b09087064f9d
Fermi_E,main_and_supplementary,Q_+1,2892,48,1,train,42,within_Cn_target_quantile_isomer_80_20_seed42,f0414567229604469a4c834cc0887f9210b9c2858c4ae7f76c68b09087064f9d
Fermi_E,main_and_supplementary,Q_+1,2893,48,1,train,42,within_Cn_target_quantile_isomer_80_20_seed42,f0414567229604469a4c834cc0887f9210b9c2858c4ae7f76c68b09087064f9d
Fermi_E,main_and_supplementary,Q_+1,2894,48,1,train,42,within_Cn_target_quantile_isomer_80_20_seed42,f0414567229604469a4c834cc0887f9210b9c2858c4ae7f76c68b09087064f9d
Fermi_E,main_and_supplementary,Q_+1,2895,48,1,train,42,within_Cn_target_quantile_isomer_80_20_seed42,f0414567229604469a4c834cc0887f9210b9c2858c4ae7f76c68b09087064f9d
Fermi_E,main_and_supplementary,Q_+1,2896,48,1,train,42,within_Cn_target_quantile_isomer_80_20_seed42,f0414567229604469a4c834cc0887f9210b9c2858c4ae7f76c68b09087064f9d
Fermi_E,main_and_supplementary,Q_+1,2897,48,1,train,42,within_Cn_target_quantile_isomer_80_20_seed42,f0414567229604469a4c834cc0887f9210b9c2858c4ae7f76c68b09087064f9d
Fermi_E,main_and_supplementary,Q_+1,2898,48,1,train,42,within_Cn_target_quantile_isomer_80_20_seed42,f0414567229604469a4c834cc0887f9210b9c2858c4ae7f76c68b09087064f9d
Fermi_E,main_and_supplementary,Q_+1,2899,48,1,train,42,within_Cn_target_quantile_isomer_80_20_seed42,f0414567229604469a4c834cc0887f9210b9c2858c4ae7f76c68b09087064f9d
Fermi_E,main_and_supplementary,Q_+1,2900,48,1,train,42,within_Cn_target_quantile_isomer_80_20_seed42,f0414567229604469a4c834cc0887f9210b9c2858c4ae7f76c68b09087064f9d
Fermi_E,main_and_supplementary,Q_+1,2901,48,1,train,42,within_Cn_target_quantile_isomer_80_20_seed42,f0414567229604469a4c834cc0887f9210b9c2858c4ae7f76c68b09087064f9d
Fermi_E,main_and_supplementary,Q_+1,2902,48,1,train,42,within_Cn_target_quantile_isomer_80_20_seed42,f0414567229604469a4c834cc0887f9210b9c2858c4ae7f76c68b09087064f9d
Fermi_E,main_and_supplementary,Q_+1,2903,48,1,train,42,within_Cn_target_quantile_isomer_80_20_seed42,f0414567229604469a4c834cc0887f9210b9c2858c4ae7f76c68b09087064f9d
Fermi_E,main_and_supplementary,Q_+1,2904,48,1,train,42,within_Cn_target_quantile_isomer_80_20_seed42,f0414567229604469a4c834cc0887f9210b9c2858c4ae7f76c68b09087064f9d
Fermi_E,main_and_supplementary,Q_+1,2905,48,1,train,42,within_Cn_target_quantile_isomer_80_20_seed42,f0414567229604469a4c834cc0887f9210b9c2858c4ae7f76c68b09087064f9d
Fermi_E,main_and_supplementary,Q_+1,2906,48,1,train,42,within_Cn_target_quantile_isomer_80_20_seed42,f0414567229604469a4c834cc0887f9210b9c2858c4ae7f76c68b09087064f9d
Fermi_E,main_and_supplementary,Q_+1,2907,48,1,train,42,within_Cn_target_quantile_isomer_80_20_seed42,f0414567229604469a4c834cc0887f9210b9c2858c4ae7f76c68b09087064f9d
Fermi_E,main_and_supplementary,Q_+1,2908,48,1,train,42,within_Cn_target_quantile_isomer_80_20_seed42,f0414567229604469a4c834cc0887f9210b9c2858c4ae7f76c68b09087064f9d
Fermi_E,main_and_supplementary,Q_+1,2909,48,1,train,42,within_Cn_target_quantile_isomer_80_20_seed42,f0414567229604469a4c834cc0887f9210b9c2858c4ae7f76c68b09087064f9d
Fermi_E,main_and_supplementary,Q_+1,2910,48,1,train,42,within_Cn_target_quantile_isomer_80_20_seed42,f0414567229604469a4c834cc0887f9210b9c2858c4ae7f76c68b09087064f9d
Fermi_E,main_and_supplementary,Q_+1,2911,48,1,train,42,within_Cn_target_quantile_isomer_80_20_seed42,f0414567229604469a4c834cc0887f9210b9c2858c4ae7f76c68b09087064f9d
Fermi_E,main_and_supplementary,Q_+1,2914,48,1,train,42,within_Cn_target_quantile_isomer_80_20_seed42,f0414567229604469a4c834cc0887f9210b9c2858c4ae7f76c68b09087064f9d
Fermi_E,main_and_supplementary,Q_+1,2915,48,1,train,42,within_Cn_target_quantile_isomer_80_20_seed42,f0414567229604469a4c834cc0887f9210b9c2858c4ae7f76c68b09087064f9d
Fermi_E,main_and_supplementary,Q_+1,2917,48,1,train,42,within_Cn_target_quantile_isomer_80_20_seed42,f0414567229604469a4c834cc0887f9210b9c2858c4ae7f76c68b09087064f9d
Fermi_E,main_and_supplementary,Q_+1,2918,48,1,train,42,within_Cn_target_quantile_isomer_80_20_seed42,f0414567229604469a4c834cc0887f9210b9c2858c4ae7f76c68b09087064f9d
Fermi_E,main_and_supplementary,Q_+1,2919,48,1,train,42,within_Cn_target_quantile_isomer_80_20_seed42,f0414567229604469a4c834cc0887f9210b9c2858c4ae7f76c68b09087064f9d
Fermi_E,main_and_supplementary,Q_+1,2923,48,1,train,42,within_Cn_target_quantile_isomer_80_20_seed42,f0414567229604469a4c834cc0887f9210b9c2858c4ae7f76c68b09087064f9d
Fermi_E,main_and_supplementary,Q_+1,2925,48,1,train,42,within_Cn_target_quantile_isomer_80_20_seed42,f0414567229604469a4c834cc0887f9210b9c2858c4ae7f76c68b09087064f9d
Fermi_E,main_and_supplementary,Q_+1,2926,48,1,train,42,within_Cn_target_quantile_isomer_80_20_seed42,f0414567229604469a4c834cc0887f9210b9c2858c4ae7f76c68b09087064f9d
Fermi_E,main_and_supplementary,Q_+1,2928,48,1,train,42,within_Cn_target_quantile_isomer_80_20_seed42,f0414567229604469a4c834cc0887f9210b9c2858c4ae7f76c68b09087064f9d
Fermi_E,main_and_supplementary,Q_+1,2930,48,1,train,42,within_Cn_target_quantile_isomer_80_20_seed42,f0414567229604469a4c834cc0887f9210b9c2858c4ae7f76c68b09087064f9d
Fermi_E,main_and_supplementary,Q_+1,2931,48,1,train,42,within_Cn_target_quantile_isomer_80_20_seed42,f0414567229604469a4c834cc0887f9210b9c2858c4ae7f76c68b09087064f9d
Fermi_E,main_and_supplementary,Q_+1,2932,48,1,train,42,within_Cn_target_quantile_isomer_80_20_seed42,f0414567229604469a4c834cc0887f9210b9c2858c4ae7f76c68b09087064f9d
Fermi_E,main_and_supplementary,Q_+1,2933,48,1,train,42,within_Cn_target_quantile_isomer_80_20_seed42,f0414567229604469a4c834cc0887f9210b9c2858c4ae7f76c68b09087064f9d
Fermi_E,main_and_supplementary,Q_+1,2934,48,1,train,42,within_Cn_target_quantile_isomer_80_20_seed42,f0414567229604469a4c834cc0887f9210b9c2858c4ae7f76c68b09087064f9d
Fermi_E,main_and_supplementary,Q_+1,2935,48,1,train,42,within_Cn_target_quantile_isomer_80_20_seed42,f0414567229604469a4c834cc0887f9210b9c2858c4ae7f76c68b09087064f9d
Fermi_E,main_and_supplementary,Q_+1,2941,48,1,train,42,within_Cn_target_quantile_isomer_80_20_seed42,f0414567229604469a4c834cc0887f9210b9c2858c4ae7f76c68b09087064f9d
Fermi_E,main_and_supplementary,Q_+1,2942,48,1,train,42,within_Cn_target_quantile_isomer_80_20_seed42,f0414567229604469a4c834cc0887f9210b9c2858c4ae7f76c68b09087064f9d
Fermi_E,main_and_supplementary,Q_+1,2943,48,1,train,42,within_Cn_target_quantile_isomer_80_20_seed42,f0414567229604469a4c834cc0887f9210b9c2858c4ae7f76c68b09087064f9d
Fermi_E,main_and_supplementary,Q_+1,2944,48,1,train,42,within_Cn_target_quantile_isomer_80_20_seed42,f0414567229604469a4c834cc0887f9210b9c2858c4ae7f76c68b09087064f9d
Fermi_E,main_and_supplementary,Q_+1,2945,48,1,train,42,within_Cn_target_quantile_isomer_80_20_seed42,f0414567229604469a4c834cc0887f9210b9c2858c4ae7f76c68b09087064f9d
Fermi_E,main_and_supplementary,Q_+1,2946,48,1,train,42,within_Cn_target_quantile_isomer_80_20_seed42,f0414567229604469a4c834cc0887f9210b9c2858c4ae7f76c68b09087064f9d
Fermi_E,main_and_supplementary,Q_+1,2947,48,1,train,42,within_Cn_target_quantile_isomer_80_20_seed42,f0414567229604469a4c834cc0887f9210b9c2858c4ae7f76c68b09087064f9d
Fermi_E,main_and_supplementary,Q_+1,2948,48,1,train,42,within_Cn_target_quantile_isomer_80_20_seed42,f0414567229604469a4c834cc0887f9210b9c2858c4ae7f76c68b09087064f9d
Fermi_E,main_and_supplementary,Q_+1,2950,48,1,train,42,within_Cn_target_quantile_isomer_80_20_seed42,f0414567229604469a4c834cc0887f9210b9c2858c4ae7f76c68b09087064f9d
Fermi_E,main_and_supplementary,Q_+1,2951,48,1,train,42,within_Cn_target_quantile_isomer_80_20_seed42,f0414567229604469a4c834cc0887f9210b9c2858c4ae7f76c68b09087064f9d
Fermi_E,main_and_supplementary,Q_+1,2952,48,1,train,42,within_Cn_target_quantile_isomer_80_20_seed42,f0414567229604469a4c834cc0887f9210b9c2858c4ae7f76c68b09087064f9d
Fermi_E,main_and_supplementary,Q_+1,2954,48,1,train,42,within_Cn_target_quantile_isomer_80_20_seed42,f0414567229604469a4c834cc0887f9210b9c2858c4ae7f76c68b09087064f9d
Fermi_E,main_and_supplementary,Q_+1,2956,48,1,train,42,within_Cn_target_quantile_isomer_80_20_seed42,f0414567229604469a4c834cc0887f9210b9c2858c4ae7f76c68b09087064f9d
Fermi_E,main_and_supplementary,Q_+1,2957,48,1,train,42,within_Cn_target_quantile_isomer_80_20_seed42,f0414567229604469a4c834cc0887f9210b9c2858c4ae7f76c68b09087064f9d
Fermi_E,main_and_supplementary,Q_+1,2958,48,1,train,42,within_Cn_target_quantile_isomer_80_20_seed42,f0414567229604469a4c834cc0887f9210b9c2858c4ae7f76c68b09087064f9d
Fermi_E,main_and_supplementary,Q_+1,2960,48,1,train,42,within_Cn_target_quantile_isomer_80_20_seed42,f0414567229604469a4c834cc0887f9210b9c2858c4ae7f76c68b09087064f9d
Fermi_E,main_and_supplementary,Q_+1,2961,48,1,train,42,within_Cn_target_quantile_isomer_80_20_seed42,f0414567229604469a4c834cc0887f9210b9c2858c4ae7f76c68b09087064f9d
Fermi_E,main_and_supplementary,Q_+1,2962,48,1,train,42,within_Cn_target_quantile_isomer_80_20_seed42,f0414567229604469a4c834cc0887f9210b9c2858c4ae7f76c68b09087064f9d
Fermi_E,main_and_supplementary,Q_+1,2963,48,1,train,42,within_Cn_target_quantile_isomer_80_20_seed42,f0414567229604469a4c834cc0887f9210b9c2858c4ae7f76c68b09087064f9d
Fermi_E,main_and_supplementary,Q_+1,2964,48,1,train,42,within_Cn_target_quantile_isomer_80_20_seed42,f0414567229604469a4c834cc0887f9210b9c2858c4ae7f76c68b09087064f9d
Fermi_E,main_and_supplementary,Q_+1,2965,48,1,train,42,within_Cn_target_quantile_isomer_80_20_seed42,f0414567229604469a4c834cc0887f9210b9c2858c4ae7f76c68b09087064f9d
Fermi_E,main_and_supplementary,Q_+1,2966,48,1,train,42,within_Cn_target_quantile_isomer_80_20_seed42,f0414567229604469a4c834cc0887f9210b9c2858c4ae7f76c68b09087064f9d
Fermi_E,main_and_supplementary,Q_+1,2967,48,1,train,42,within_Cn_target_quantile_isomer_80_20_seed42,f0414567229604469a4c834cc0887f9210b9c2858c4ae7f76c68b09087064f9d
Fermi_E,main_and_supplementary,Q_+1,2969,48,1,train,42,within_Cn_target_quantile_isomer_80_20_seed42,f0414567229604469a4c834cc0887f9210b9c2858c4ae7f76c68b09087064f9d
Fermi_E,main_and_supplementary,Q_+1,2970,48,1,train,42,within_Cn_target_quantile_isomer_80_20_seed42,f0414567229604469a4c834cc0887f9210b9c2858c4ae7f76c68b09087064f9d
Fermi_E,main_and_supplementary,Q_+1,2971,48,1,train,42,within_Cn_target_quantile_isomer_80_20_seed42,f0414567229604469a4c834cc0887f9210b9c2858c4ae7f76c68b09087064f9d
Fermi_E,main_and_supplementary,Q_+1,2972,48,1,train,42,within_Cn_target_quantile_isomer_80_20_seed42,f0414567229604469a4c834cc0887f9210b9c2858c4ae7f76c68b09087064f9d
Fermi_E,main_and_supplementary,Q_+1,2973,48,1,train,42,within_Cn_target_quantile_isomer_80_20_seed42,f0414567229604469a4c834cc0887f9210b9c2858c4ae7f76c68b09087064f9d
Fermi_E,main_and_supplementary,Q_+1,2975,48,1,train,42,within_Cn_target_quantile_isomer_80_20_seed42,f0414567229604469a4c834cc0887f9210b9c2858c4ae7f76c68b09087064f9d
Fermi_E,main_and_supplementary,Q_+1,2976,48,1,train,42,within_Cn_target_quantile_isomer_80_20_seed42,f0414567229604469a4c834cc0887f9210b9c2858c4ae7f76c68b09087064f9d
Fermi_E,main_and_supplementary,Q_+1,2977,48,1,train,42,within_Cn_target_quantile_isomer_80_20_seed42,f0414567229604469a4c834cc0887f9210b9c2858c4ae7f76c68b09087064f9d
Fermi_E,main_and_supplementary,Q_+1,2978,48,1,train,42,within_Cn_target_quantile_isomer_80_20_seed42,f0414567229604469a4c834cc0887f9210b9c2858c4ae7f76c68b09087064f9d
Fermi_E,main_and_supplementary,Q_+1,2979,48,1,train,42,within_Cn_target_quantile_isomer_80_20_seed42,f0414567229604469a4c834cc0887f9210b9c2858c4ae7f76c68b09087064f9d
Fermi_E,main_and_supplementary,Q_+1,2980,48,1,train,42,within_Cn_target_quantile_isomer_80_20_seed42,f0414567229604469a4c834cc0887f9210b9c2858c4ae7f76c68b09087064f9d
Fermi_E,main_and_supplementary,Q_+1,2981,48,1,train,42,within_Cn_target_quantile_isomer_80_20_seed42,f0414567229604469a4c834cc0887f9210b9c2858c4ae7f76c68b09087064f9d
Fermi_E,main_and_supplementary,Q_+1,2982,48,1,train,42,within_Cn_target_quantile_isomer_80_20_seed42,f0414567229604469a4c834cc0887f9210b9c2858c4ae7f76c68b09087064f9d
Fermi_E,main_and_supplementary,Q_+1,2983,48,1,train,42,within_Cn_target_quantile_isomer_80_20_seed42,f0414567229604469a4c834cc0887f9210b9c2858c4ae7f76c68b09087064f9d
Fermi_E,main_and_supplementary,Q_+1,2984,48,1,train,42,within_Cn_target_quantile_isomer_80_20_seed42,f0414567229604469a4c834cc0887f9210b9c2858c4ae7f76c68b09087064f9d
Fermi_E,main_and_supplementary,Q_+1,2985,48,1,train,42,within_Cn_target_quantile_isomer_80_20_seed42,f0414567229604469a4c834cc0887f9210b9c2858c4ae7f76c68b09087064f9d
Fermi_E,main_and_supplementary,Q_+1,2988,48,1,train,42,within_Cn_target_quantile_isomer_80_20_seed42,f0414567229604469a4c834cc0887f9210b9c2858c4ae7f76c68b09087064f9d
Fermi_E,main_and_supplementary,Q_+1,2989,48,1,train,42,within_Cn_target_quantile_isomer_80_20_seed42,f0414567229604469a4c834cc0887f9210b9c2858c4ae7f76c68b09087064f9d
Fermi_E,main_and_supplementary,Q_+1,2990,48,1,train,42,within_Cn_target_quantile_isomer_80_20_seed42,f0414567229604469a4c834cc0887f9210b9c2858c4ae7f76c68b09087064f9d
Fermi_E,main_and_supplementary,Q_+1,2993,48,1,train,42,within_Cn_target_quantile_isomer_80_20_seed42,f0414567229604469a4c834cc0887f9210b9c2858c4ae7f76c68b09087064f9d
Fermi_E,main_and_supplementary,Q_+1,2994,48,1,train,42,within_Cn_target_quantile_isomer_80_20_seed42,f0414567229604469a4c834cc0887f9210b9c2858c4ae7f76c68b09087064f9d
Fermi_E,main_and_supplementary,Q_+1,2995,48,1,train,42,within_Cn_target_quantile_isomer_80_20_seed42,f0414567229604469a4c834cc0887f9210b9c2858c4ae7f76c68b09087064f9d
Fermi_E,main_and_supplementary,Q_+1,2996,48,1,train,42,within_Cn_target_quantile_isomer_80_20_seed42,f0414567229604469a4c834cc0887f9210b9c2858c4ae7f76c68b09087064f9d
Fermi_E,main_and_supplementary,Q_+1,2997,48,1,train,42,within_Cn_target_quantile_isomer_80_20_seed42,f0414567229604469a4c834cc0887f9210b9c2858c4ae7f76c68b09087064f9d
Fermi_E,main_and_supplementary,Q_+1,2999,48,1,train,42,within_Cn_target_quantile_isomer_80_20_seed42,f0414567229604469a4c834cc0887f9210b9c2858c4ae7f76c68b09087064f9d
Fermi_E,main_and_supplementary,Q_+1,3000,48,1,train,42,within_Cn_target_quantile_isomer_80_20_seed42,f0414567229604469a4c834cc0887f9210b9c2858c4ae7f76c68b09087064f9d
Fermi_E,main_and_supplementary,Q_+1,3001,48,1,train,42,within_Cn_target_quantile_isomer_80_20_seed42,f0414567229604469a4c834cc0887f9210b9c2858c4ae7f76c68b09087064f9d
Fermi_E,main_and_supplementary,Q_+1,3002,48,1,train,42,within_Cn_target_quantile_isomer_80_20_seed42,f0414567229604469a4c834cc0887f9210b9c2858c4ae7f76c68b09087064f9d
Fermi_E,main_and_supplementary,Q_+1,3003,48,1,train,42,within_Cn_target_quantile_isomer_80_20_seed42,f0414567229604469a4c834cc0887f9210b9c2858c4ae7f76c68b09087064f9d
Fermi_E,main_and_supplementary,Q_+1,3004,48,1,train,42,within_Cn_target_quantile_isomer_80_20_seed42,f0414567229604469a4c834cc0887f9210b9c2858c4ae7f76c68b09087064f9d
Fermi_E,main_and_supplementary,Q_+1,3005,48,1,train,42,within_Cn_target_quantile_isomer_80_20_seed42,f0414567229604469a4c834cc0887f9210b9c2858c4ae7f76c68b09087064f9d
Fermi_E,main_and_supplementary,Q_+1,3006,48,1,train,42,within_Cn_target_quantile_isomer_80_20_seed42,f0414567229604469a4c834cc0887f9210b9c2858c4ae7f76c68b09087064f9d
Fermi_E,main_and_supplementary,Q_+1,3007,48,1,train,42,within_Cn_target_quantile_isomer_80_20_seed42,f0414567229604469a4c834cc0887f9210b9c2858c4ae7f76c68b09087064f9d
Fermi_E,main_and_supplementary,Q_+1,3009,48,1,train,42,within_Cn_target_quantile_isomer_80_20_seed42,f0414567229604469a4c834cc0887f9210b9c2858c4ae7f76c68b09087064f9d
Fermi_E,main_and_supplementary,Q_+1,3011,48,1,train,42,within_Cn_target_quantile_isomer_80_20_seed42,f0414567229604469a4c834cc0887f9210b9c2858c4ae7f76c68b09087064f9d
Fermi_E,main_and_supplementary,Q_+1,3012,48,1,train,42,within_Cn_target_quantile_isomer_80_20_seed42,f0414567229604469a4c834cc0887f9210b9c2858c4ae7f76c68b09087064f9d
Fermi_E,main_and_supplementary,Q_+1,3013,48,1,train,42,within_Cn_target_quantile_isomer_80_20_seed42,f0414567229604469a4c834cc0887f9210b9c2858c4ae7f76c68b09087064f9d
Fermi_E,main_and_supplementary,Q_+1,3014,48,1,train,42,within_Cn_target_quantile_isomer_80_20_seed42,f0414567229604469a4c834cc0887f9210b9c2858c4ae7f76c68b09087064f9d
Fermi_E,main_and_supplementary,Q_+1,3015,48,1,train,42,within_Cn_target_quantile_isomer_80_20_seed42,f0414567229604469a4c834cc0887f9210b9c2858c4ae7f76c68b09087064f9d
Fermi_E,main_and_supplementary,Q_+1,3018,48,1,train,42,within_Cn_target_quantile_isomer_80_20_seed42,f0414567229604469a4c834cc0887f9210b9c2858c4ae7f76c68b09087064f9d
Fermi_E,main_and_supplementary,Q_+1,3019,48,1,train,42,within_Cn_target_quantile_isomer_80_20_seed42,f0414567229604469a4c834cc0887f9210b9c2858c4ae7f76c68b09087064f9d
Fermi_E,main_and_supplementary,Q_+1,3021,48,1,train,42,within_Cn_target_quantile_isomer_80_20_seed42,f0414567229604469a4c834cc0887f9210b9c2858c4ae7f76c68b09087064f9d
Fermi_E,main_and_supplementary,Q_+1,3022,48,1,train,42,within_Cn_target_quantile_isomer_80_20_seed42,f0414567229604469a4c834cc0887f9210b9c2858c4ae7f76c68b09087064f9d
Fermi_E,main_and_supplementary,Q_+1,3023,48,1,train,42,within_Cn_target_quantile_isomer_80_20_seed42,f0414567229604469a4c834cc0887f9210b9c2858c4ae7f76c68b09087064f9d
Fermi_E,main_and_supplementary,Q_+1,3024,48,1,train,42,within_Cn_target_quantile_isomer_80_20_seed42,f0414567229604469a4c834cc0887f9210b9c2858c4ae7f76c68b09087064f9d
Fermi_E,main_and_supplementary,Q_+1,3025,48,1,train,42,within_Cn_target_quantile_isomer_80_20_seed42,f0414567229604469a4c834cc0887f9210b9c2858c4ae7f76c68b09087064f9d
Fermi_E,main_and_supplementary,Q_+1,3026,48,1,train,42,within_Cn_target_quantile_isomer_80_20_seed42,f0414567229604469a4c834cc0887f9210b9c2858c4ae7f76c68b09087064f9d
Fermi_E,main_and_supplementary,Q_+1,3027,48,1,train,42,within_Cn_target_quantile_isomer_80_20_seed42,f0414567229604469a4c834cc0887f9210b9c2858c4ae7f76c68b09087064f9d
Fermi_E,main_and_supplementary,Q_+1,3028,48,1,train,42,within_Cn_target_quantile_isomer_80_20_seed42,f0414567229604469a4c834cc0887f9210b9c2858c4ae7f76c68b09087064f9d
Fermi_E,main_and_supplementary,Q_+1,3029,50,1,train,42,within_Cn_target_quantile_isomer_80_20_seed42,f0414567229604469a4c834cc0887f9210b9c2858c4ae7f76c68b09087064f9d
Fermi_E,main_and_supplementary,Q_+1,3030,50,1,train,42,within_Cn_target_quantile_isomer_80_20_seed42,f0414567229604469a4c834cc0887f9210b9c2858c4ae7f76c68b09087064f9d
Fermi_E,main_and_supplementary,Q_+1,3031,50,1,train,42,within_Cn_target_quantile_isomer_80_20_seed42,f0414567229604469a4c834cc0887f9210b9c2858c4ae7f76c68b09087064f9d
Fermi_E,main_and_supplementary,Q_+1,3032,50,1,train,42,within_Cn_target_quantile_isomer_80_20_seed42,f0414567229604469a4c834cc0887f9210b9c2858c4ae7f76c68b09087064f9d
Fermi_E,main_and_supplementary,Q_+1,3033,50,1,train,42,within_Cn_target_quantile_isomer_80_20_seed42,f0414567229604469a4c834cc0887f9210b9c2858c4ae7f76c68b09087064f9d
Fermi_E,main_and_supplementary,Q_+1,3034,50,1,train,42,within_Cn_target_quantile_isomer_80_20_seed42,f0414567229604469a4c834cc0887f9210b9c2858c4ae7f76c68b09087064f9d
Fermi_E,main_and_supplementary,Q_+1,3035,50,1,train,42,within_Cn_target_quantile_isomer_80_20_seed42,f0414567229604469a4c834cc0887f9210b9c2858c4ae7f76c68b09087064f9d
Fermi_E,main_and_supplementary,Q_+1,3036,50,1,train,42,within_Cn_target_quantile_isomer_80_20_seed42,f0414567229604469a4c834cc0887f9210b9c2858c4ae7f76c68b09087064f9d
Fermi_E,main_and_supplementary,Q_+1,3037,50,1,train,42,within_Cn_target_quantile_isomer_80_20_seed42,f0414567229604469a4c834cc0887f9210b9c2858c4ae7f76c68b09087064f9d
Fermi_E,main_and_supplementary,Q_+1,3038,50,1,train,42,within_Cn_target_quantile_isomer_80_20_seed42,f0414567229604469a4c834cc0887f9210b9c2858c4ae7f76c68b09087064f9d
Fermi_E,main_and_supplementary,Q_+1,3039,50,1,train,42,within_Cn_target_quantile_isomer_80_20_seed42,f0414567229604469a4c834cc0887f9210b9c2858c4ae7f76c68b09087064f9d
Fermi_E,main_and_supplementary,Q_+1,3041,50,1,train,42,within_Cn_target_quantile_isomer_80_20_seed42,f0414567229604469a4c834cc0887f9210b9c2858c4ae7f76c68b09087064f9d
Fermi_E,main_and_supplementary,Q_+1,3043,50,1,train,42,within_Cn_target_quantile_isomer_80_20_seed42,f0414567229604469a4c834cc0887f9210b9c2858c4ae7f76c68b09087064f9d
Fermi_E,main_and_supplementary,Q_+1,3044,50,1,train,42,within_Cn_target_quantile_isomer_80_20_seed42,f0414567229604469a4c834cc0887f9210b9c2858c4ae7f76c68b09087064f9d
Fermi_E,main_and_supplementary,Q_+1,3045,50,1,train,42,within_Cn_target_quantile_isomer_80_20_seed42,f0414567229604469a4c834cc0887f9210b9c2858c4ae7f76c68b09087064f9d
Fermi_E,main_and_supplementary,Q_+1,3047,50,1,train,42,within_Cn_target_quantile_isomer_80_20_seed42,f0414567229604469a4c834cc0887f9210b9c2858c4ae7f76c68b09087064f9d
Fermi_E,main_and_supplementary,Q_+1,3048,50,1,train,42,within_Cn_target_quantile_isomer_80_20_seed42,f0414567229604469a4c834cc0887f9210b9c2858c4ae7f76c68b09087064f9d
Fermi_E,main_and_supplementary,Q_+1,3050,50,1,train,42,within_Cn_target_quantile_isomer_80_20_seed42,f0414567229604469a4c834cc0887f9210b9c2858c4ae7f76c68b09087064f9d
Fermi_E,main_and_supplementary,Q_+1,3051,50,1,train,42,within_Cn_target_quantile_isomer_80_20_seed42,f0414567229604469a4c834cc0887f9210b9c2858c4ae7f76c68b09087064f9d
Fermi_E,main_and_supplementary,Q_+1,3052,50,1,train,42,within_Cn_target_quantile_isomer_80_20_seed42,f0414567229604469a4c834cc0887f9210b9c2858c4ae7f76c68b09087064f9d
Fermi_E,main_and_supplementary,Q_+1,3053,50,1,train,42,within_Cn_target_quantile_isomer_80_20_seed42,f0414567229604469a4c834cc0887f9210b9c2858c4ae7f76c68b09087064f9d
Fermi_E,main_and_supplementary,Q_+1,3054,50,1,train,42,within_Cn_target_quantile_isomer_80_20_seed42,f0414567229604469a4c834cc0887f9210b9c2858c4ae7f76c68b09087064f9d
Fermi_E,main_and_supplementary,Q_+1,3056,50,1,train,42,within_Cn_target_quantile_isomer_80_20_seed42,f0414567229604469a4c834cc0887f9210b9c2858c4ae7f76c68b09087064f9d
Fermi_E,main_and_supplementary,Q_+1,3057,50,1,train,42,within_Cn_target_quantile_isomer_80_20_seed42,f0414567229604469a4c834cc0887f9210b9c2858c4ae7f76c68b09087064f9d
Fermi_E,main_and_supplementary,Q_+1,3058,50,1,train,42,within_Cn_target_quantile_isomer_80_20_seed42,f0414567229604469a4c834cc0887f9210b9c2858c4ae7f76c68b09087064f9d
Fermi_E,main_and_supplementary,Q_+1,3059,50,1,train,42,within_Cn_target_quantile_isomer_80_20_seed42,f0414567229604469a4c834cc0887f9210b9c2858c4ae7f76c68b09087064f9d
Fermi_E,main_and_supplementary,Q_+1,3060,50,1,train,42,within_Cn_target_quantile_isomer_80_20_seed42,f0414567229604469a4c834cc0887f9210b9c2858c4ae7f76c68b09087064f9d
Fermi_E,main_and_supplementary,Q_+1,3061,50,1,train,42,within_Cn_target_quantile_isomer_80_20_seed42,f0414567229604469a4c834cc0887f9210b9c2858c4ae7f76c68b09087064f9d
Fermi_E,main_and_supplementary,Q_+1,3063,50,1,train,42,within_Cn_target_quantile_isomer_80_20_seed42,f0414567229604469a4c834cc0887f9210b9c2858c4ae7f76c68b09087064f9d
Fermi_E,main_and_supplementary,Q_+1,3064,50,1,train,42,within_Cn_target_quantile_isomer_80_20_seed42,f0414567229604469a4c834cc0887f9210b9c2858c4ae7f76c68b09087064f9d
Fermi_E,main_and_supplementary,Q_+1,3065,50,1,train,42,within_Cn_target_quantile_isomer_80_20_seed42,f0414567229604469a4c834cc0887f9210b9c2858c4ae7f76c68b09087064f9d
Fermi_E,main_and_supplementary,Q_+1,3069,50,1,train,42,within_Cn_target_quantile_isomer_80_20_seed42,f0414567229604469a4c834cc0887f9210b9c2858c4ae7f76c68b09087064f9d
Fermi_E,main_and_supplementary,Q_+1,3070,50,1,train,42,within_Cn_target_quantile_isomer_80_20_seed42,f0414567229604469a4c834cc0887f9210b9c2858c4ae7f76c68b09087064f9d
Fermi_E,main_and_supplementary,Q_+1,3071,50,1,train,42,within_Cn_target_quantile_isomer_80_20_seed42,f0414567229604469a4c834cc0887f9210b9c2858c4ae7f76c68b09087064f9d
Fermi_E,main_and_supplementary,Q_+1,3072,50,1,train,42,within_Cn_target_quantile_isomer_80_20_seed42,f0414567229604469a4c834cc0887f9210b9c2858c4ae7f76c68b09087064f9d
Fermi_E,main_and_supplementary,Q_+1,3073,50,1,train,42,within_Cn_target_quantile_isomer_80_20_seed42,f0414567229604469a4c834cc0887f9210b9c2858c4ae7f76c68b09087064f9d
Fermi_E,main_and_supplementary,Q_+1,3074,50,1,train,42,within_Cn_target_quantile_isomer_80_20_seed42,f0414567229604469a4c834cc0887f9210b9c2858c4ae7f76c68b09087064f9d
Fermi_E,main_and_supplementary,Q_+1,3075,50,1,train,42,within_Cn_target_quantile_isomer_80_20_seed42,f0414567229604469a4c834cc0887f9210b9c2858c4ae7f76c68b09087064f9d
Fermi_E,main_and_supplementary,Q_+1,3076,50,1,train,42,within_Cn_target_quantile_isomer_80_20_seed42,f0414567229604469a4c834cc0887f9210b9c2858c4ae7f76c68b09087064f9d
Fermi_E,main_and_supplementary,Q_+1,3077,50,1,train,42,within_Cn_target_quantile_isomer_80_20_seed42,f0414567229604469a4c834cc0887f9210b9c2858c4ae7f76c68b09087064f9d
Fermi_E,main_and_supplementary,Q_+1,3079,50,1,train,42,within_Cn_target_quantile_isomer_80_20_seed42,f0414567229604469a4c834cc0887f9210b9c2858c4ae7f76c68b09087064f9d
Fermi_E,main_and_supplementary,Q_+1,3081,50,1,train,42,within_Cn_target_quantile_isomer_80_20_seed42,f0414567229604469a4c834cc0887f9210b9c2858c4ae7f76c68b09087064f9d
Fermi_E,main_and_supplementary,Q_+1,3082,50,1,train,42,within_Cn_target_quantile_isomer_80_20_seed42,f0414567229604469a4c834cc0887f9210b9c2858c4ae7f76c68b09087064f9d
Fermi_E,main_and_supplementary,Q_+1,3083,50,1,train,42,within_Cn_target_quantile_isomer_80_20_seed42,f0414567229604469a4c834cc0887f9210b9c2858c4ae7f76c68b09087064f9d
Fermi_E,main_and_supplementary,Q_+1,3084,50,1,train,42,within_Cn_target_quantile_isomer_80_20_seed42,f0414567229604469a4c834cc0887f9210b9c2858c4ae7f76c68b09087064f9d
Fermi_E,main_and_supplementary,Q_+1,3085,50,1,train,42,within_Cn_target_quantile_isomer_80_20_seed42,f0414567229604469a4c834cc0887f9210b9c2858c4ae7f76c68b09087064f9d
Fermi_E,main_and_supplementary,Q_+1,3086,50,1,train,42,within_Cn_target_quantile_isomer_80_20_seed42,f0414567229604469a4c834cc0887f9210b9c2858c4ae7f76c68b09087064f9d
Fermi_E,main_and_supplementary,Q_+1,3087,50,1,train,42,within_Cn_target_quantile_isomer_80_20_seed42,f0414567229604469a4c834cc0887f9210b9c2858c4ae7f76c68b09087064f9d
Fermi_E,main_and_supplementary,Q_+1,3088,50,1,train,42,within_Cn_target_quantile_isomer_80_20_seed42,f0414567229604469a4c834cc0887f9210b9c2858c4ae7f76c68b09087064f9d
Fermi_E,main_and_supplementary,Q_+1,3090,50,1,train,42,within_Cn_target_quantile_isomer_80_20_seed42,f0414567229604469a4c834cc0887f9210b9c2858c4ae7f76c68b09087064f9d
Fermi_E,main_and_supplementary,Q_+1,3093,50,1,train,42,within_Cn_target_quantile_isomer_80_20_seed42,f0414567229604469a4c834cc0887f9210b9c2858c4ae7f76c68b09087064f9d
Fermi_E,main_and_supplementary,Q_+1,3094,50,1,train,42,within_Cn_target_quantile_isomer_80_20_seed42,f0414567229604469a4c834cc0887f9210b9c2858c4ae7f76c68b09087064f9d
Fermi_E,main_and_supplementary,Q_+1,3095,50,1,train,42,within_Cn_target_quantile_isomer_80_20_seed42,f0414567229604469a4c834cc0887f9210b9c2858c4ae7f76c68b09087064f9d
Fermi_E,main_and_supplementary,Q_+1,3096,50,1,train,42,within_Cn_target_quantile_isomer_80_20_seed42,f0414567229604469a4c834cc0887f9210b9c2858c4ae7f76c68b09087064f9d
Fermi_E,main_and_supplementary,Q_+1,3097,50,1,train,42,within_Cn_target_quantile_isomer_80_20_seed42,f0414567229604469a4c834cc0887f9210b9c2858c4ae7f76c68b09087064f9d
Fermi_E,main_and_supplementary,Q_+1,3099,50,1,train,42,within_Cn_target_quantile_isomer_80_20_seed42,f0414567229604469a4c834cc0887f9210b9c2858c4ae7f76c68b09087064f9d
Fermi_E,main_and_supplementary,Q_+1,3100,50,1,train,42,within_Cn_target_quantile_isomer_80_20_seed42,f0414567229604469a4c834cc0887f9210b9c2858c4ae7f76c68b09087064f9d
Fermi_E,main_and_supplementary,Q_+1,3101,50,1,train,42,within_Cn_target_quantile_isomer_80_20_seed42,f0414567229604469a4c834cc0887f9210b9c2858c4ae7f76c68b09087064f9d
Fermi_E,main_and_supplementary,Q_+1,3102,50,1,train,42,within_Cn_target_quantile_isomer_80_20_seed42,f0414567229604469a4c834cc0887f9210b9c2858c4ae7f76c68b09087064f9d
Fermi_E,main_and_supplementary,Q_+1,3105,50,1,train,42,within_Cn_target_quantile_isomer_80_20_seed42,f0414567229604469a4c834cc0887f9210b9c2858c4ae7f76c68b09087064f9d
Fermi_E,main_and_supplementary,Q_+1,3106,50,1,train,42,within_Cn_target_quantile_isomer_80_20_seed42,f0414567229604469a4c834cc0887f9210b9c2858c4ae7f76c68b09087064f9d
Fermi_E,main_and_supplementary,Q_+1,3108,50,1,train,42,within_Cn_target_quantile_isomer_80_20_seed42,f0414567229604469a4c834cc0887f9210b9c2858c4ae7f76c68b09087064f9d
Fermi_E,main_and_supplementary,Q_+1,3109,50,1,train,42,within_Cn_target_quantile_isomer_80_20_seed42,f0414567229604469a4c834cc0887f9210b9c2858c4ae7f76c68b09087064f9d
Fermi_E,main_and_supplementary,Q_+1,3110,50,1,train,42,within_Cn_target_quantile_isomer_80_20_seed42,f0414567229604469a4c834cc0887f9210b9c2858c4ae7f76c68b09087064f9d
Fermi_E,main_and_supplementary,Q_+1,3111,50,1,train,42,within_Cn_target_quantile_isomer_80_20_seed42,f0414567229604469a4c834cc0887f9210b9c2858c4ae7f76c68b09087064f9d
Fermi_E,main_and_supplementary,Q_+1,3112,50,1,train,42,within_Cn_target_quantile_isomer_80_20_seed42,f0414567229604469a4c834cc0887f9210b9c2858c4ae7f76c68b09087064f9d
Fermi_E,main_and_supplementary,Q_+1,3113,50,1,train,42,within_Cn_target_quantile_isomer_80_20_seed42,f0414567229604469a4c834cc0887f9210b9c2858c4ae7f76c68b09087064f9d
Fermi_E,main_and_supplementary,Q_+1,3114,50,1,train,42,within_Cn_target_quantile_isomer_80_20_seed42,f0414567229604469a4c834cc0887f9210b9c2858c4ae7f76c68b09087064f9d
Fermi_E,main_and_supplementary,Q_+1,3115,50,1,train,42,within_Cn_target_quantile_isomer_80_20_seed42,f0414567229604469a4c834cc0887f9210b9c2858c4ae7f76c68b09087064f9d
Fermi_E,main_and_supplementary,Q_+1,3116,50,1,train,42,within_Cn_target_quantile_isomer_80_20_seed42,f0414567229604469a4c834cc0887f9210b9c2858c4ae7f76c68b09087064f9d
Fermi_E,main_and_supplementary,Q_+1,3117,50,1,train,42,within_Cn_target_quantile_isomer_80_20_seed42,f0414567229604469a4c834cc0887f9210b9c2858c4ae7f76c68b09087064f9d
Fermi_E,main_and_supplementary,Q_+1,3118,50,1,train,42,within_Cn_target_quantile_isomer_80_20_seed42,f0414567229604469a4c834cc0887f9210b9c2858c4ae7f76c68b09087064f9d
Fermi_E,main_and_supplementary,Q_+1,3119,50,1,train,42,within_Cn_target_quantile_isomer_80_20_seed42,f0414567229604469a4c834cc0887f9210b9c2858c4ae7f76c68b09087064f9d
Fermi_E,main_and_supplementary,Q_+1,3120,50,1,train,42,within_Cn_target_quantile_isomer_80_20_seed42,f0414567229604469a4c834cc0887f9210b9c2858c4ae7f76c68b09087064f9d
Fermi_E,main_and_supplementary,Q_+1,3121,50,1,train,42,within_Cn_target_quantile_isomer_80_20_seed42,f0414567229604469a4c834cc0887f9210b9c2858c4ae7f76c68b09087064f9d
Fermi_E,main_and_supplementary,Q_+1,3122,50,1,train,42,within_Cn_target_quantile_isomer_80_20_seed42,f0414567229604469a4c834cc0887f9210b9c2858c4ae7f76c68b09087064f9d
Fermi_E,main_and_supplementary,Q_+1,3124,50,1,train,42,within_Cn_target_quantile_isomer_80_20_seed42,f0414567229604469a4c834cc0887f9210b9c2858c4ae7f76c68b09087064f9d
Fermi_E,main_and_supplementary,Q_+1,3125,50,1,train,42,within_Cn_target_quantile_isomer_80_20_seed42,f0414567229604469a4c834cc0887f9210b9c2858c4ae7f76c68b09087064f9d
Fermi_E,main_and_supplementary,Q_+1,3127,50,1,train,42,within_Cn_target_quantile_isomer_80_20_seed42,f0414567229604469a4c834cc0887f9210b9c2858c4ae7f76c68b09087064f9d
Fermi_E,main_and_supplementary,Q_+1,3128,50,1,train,42,within_Cn_target_quantile_isomer_80_20_seed42,f0414567229604469a4c834cc0887f9210b9c2858c4ae7f76c68b09087064f9d
Fermi_E,main_and_supplementary,Q_+1,3129,50,1,train,42,within_Cn_target_quantile_isomer_80_20_seed42,f0414567229604469a4c834cc0887f9210b9c2858c4ae7f76c68b09087064f9d
Fermi_E,main_and_supplementary,Q_+1,3130,50,1,train,42,within_Cn_target_quantile_isomer_80_20_seed42,f0414567229604469a4c834cc0887f9210b9c2858c4ae7f76c68b09087064f9d
Fermi_E,main_and_supplementary,Q_+1,3131,50,1,train,42,within_Cn_target_quantile_isomer_80_20_seed42,f0414567229604469a4c834cc0887f9210b9c2858c4ae7f76c68b09087064f9d
Fermi_E,main_and_supplementary,Q_+1,3132,50,1,train,42,within_Cn_target_quantile_isomer_80_20_seed42,f0414567229604469a4c834cc0887f9210b9c2858c4ae7f76c68b09087064f9d
Fermi_E,main_and_supplementary,Q_+1,3133,50,1,train,42,within_Cn_target_quantile_isomer_80_20_seed42,f0414567229604469a4c834cc0887f9210b9c2858c4ae7f76c68b09087064f9d
Fermi_E,main_and_supplementary,Q_+1,3135,50,1,train,42,within_Cn_target_quantile_isomer_80_20_seed42,f0414567229604469a4c834cc0887f9210b9c2858c4ae7f76c68b09087064f9d
Fermi_E,main_and_supplementary,Q_+1,3137,50,1,train,42,within_Cn_target_quantile_isomer_80_20_seed42,f0414567229604469a4c834cc0887f9210b9c2858c4ae7f76c68b09087064f9d
Fermi_E,main_and_supplementary,Q_+1,3138,50,1,train,42,within_Cn_target_quantile_isomer_80_20_seed42,f0414567229604469a4c834cc0887f9210b9c2858c4ae7f76c68b09087064f9d
Fermi_E,main_and_supplementary,Q_+1,3140,50,1,train,42,within_Cn_target_quantile_isomer_80_20_seed42,f0414567229604469a4c834cc0887f9210b9c2858c4ae7f76c68b09087064f9d
Fermi_E,main_and_supplementary,Q_+1,3142,50,1,train,42,within_Cn_target_quantile_isomer_80_20_seed42,f0414567229604469a4c834cc0887f9210b9c2858c4ae7f76c68b09087064f9d
Fermi_E,main_and_supplementary,Q_+1,3143,50,1,train,42,within_Cn_target_quantile_isomer_80_20_seed42,f0414567229604469a4c834cc0887f9210b9c2858c4ae7f76c68b09087064f9d
Fermi_E,main_and_supplementary,Q_+1,3146,50,1,train,42,within_Cn_target_quantile_isomer_80_20_seed42,f0414567229604469a4c834cc0887f9210b9c2858c4ae7f76c68b09087064f9d
Fermi_E,main_and_supplementary,Q_+1,3149,50,1,train,42,within_Cn_target_quantile_isomer_80_20_seed42,f0414567229604469a4c834cc0887f9210b9c2858c4ae7f76c68b09087064f9d
Fermi_E,main_and_supplementary,Q_+1,3150,50,1,train,42,within_Cn_target_quantile_isomer_80_20_seed42,f0414567229604469a4c834cc0887f9210b9c2858c4ae7f76c68b09087064f9d
Fermi_E,main_and_supplementary,Q_+1,3151,50,1,train,42,within_Cn_target_quantile_isomer_80_20_seed42,f0414567229604469a4c834cc0887f9210b9c2858c4ae7f76c68b09087064f9d
Fermi_E,main_and_supplementary,Q_+1,3152,50,1,train,42,within_Cn_target_quantile_isomer_80_20_seed42,f0414567229604469a4c834cc0887f9210b9c2858c4ae7f76c68b09087064f9d
Fermi_E,main_and_supplementary,Q_+1,3154,50,1,train,42,within_Cn_target_quantile_isomer_80_20_seed42,f0414567229604469a4c834cc0887f9210b9c2858c4ae7f76c68b09087064f9d
Fermi_E,main_and_supplementary,Q_+1,3155,50,1,train,42,within_Cn_target_quantile_isomer_80_20_seed42,f0414567229604469a4c834cc0887f9210b9c2858c4ae7f76c68b09087064f9d
Fermi_E,main_and_supplementary,Q_+1,3156,50,1,train,42,within_Cn_target_quantile_isomer_80_20_seed42,f0414567229604469a4c834cc0887f9210b9c2858c4ae7f76c68b09087064f9d
Fermi_E,main_and_supplementary,Q_+1,3157,50,1,train,42,within_Cn_target_quantile_isomer_80_20_seed42,f0414567229604469a4c834cc0887f9210b9c2858c4ae7f76c68b09087064f9d
Fermi_E,main_and_supplementary,Q_+1,3158,50,1,train,42,within_Cn_target_quantile_isomer_80_20_seed42,f0414567229604469a4c834cc0887f9210b9c2858c4ae7f76c68b09087064f9d
Fermi_E,main_and_supplementary,Q_+1,3159,50,1,train,42,within_Cn_target_quantile_isomer_80_20_seed42,f0414567229604469a4c834cc0887f9210b9c2858c4ae7f76c68b09087064f9d
Fermi_E,main_and_supplementary,Q_+1,3160,50,1,train,42,within_Cn_target_quantile_isomer_80_20_seed42,f0414567229604469a4c834cc0887f9210b9c2858c4ae7f76c68b09087064f9d
Fermi_E,main_and_supplementary,Q_+1,3161,50,1,train,42,within_Cn_target_quantile_isomer_80_20_seed42,f0414567229604469a4c834cc0887f9210b9c2858c4ae7f76c68b09087064f9d
Fermi_E,main_and_supplementary,Q_+1,3163,50,1,train,42,within_Cn_target_quantile_isomer_80_20_seed42,f0414567229604469a4c834cc0887f9210b9c2858c4ae7f76c68b09087064f9d
Fermi_E,main_and_supplementary,Q_+1,3164,50,1,train,42,within_Cn_target_quantile_isomer_80_20_seed42,f0414567229604469a4c834cc0887f9210b9c2858c4ae7f76c68b09087064f9d
Fermi_E,main_and_supplementary,Q_+1,3165,50,1,train,42,within_Cn_target_quantile_isomer_80_20_seed42,f0414567229604469a4c834cc0887f9210b9c2858c4ae7f76c68b09087064f9d
Fermi_E,main_and_supplementary,Q_+1,3166,50,1,train,42,within_Cn_target_quantile_isomer_80_20_seed42,f0414567229604469a4c834cc0887f9210b9c2858c4ae7f76c68b09087064f9d
Fermi_E,main_and_supplementary,Q_+1,3167,50,1,train,42,within_Cn_target_quantile_isomer_80_20_seed42,f0414567229604469a4c834cc0887f9210b9c2858c4ae7f76c68b09087064f9d
Fermi_E,main_and_supplementary,Q_+1,3168,50,1,train,42,within_Cn_target_quantile_isomer_80_20_seed42,f0414567229604469a4c834cc0887f9210b9c2858c4ae7f76c68b09087064f9d
Fermi_E,main_and_supplementary,Q_+1,3169,50,1,train,42,within_Cn_target_quantile_isomer_80_20_seed42,f0414567229604469a4c834cc0887f9210b9c2858c4ae7f76c68b09087064f9d
Fermi_E,main_and_supplementary,Q_+1,3170,50,1,train,42,within_Cn_target_quantile_isomer_80_20_seed42,f0414567229604469a4c834cc0887f9210b9c2858c4ae7f76c68b09087064f9d
Fermi_E,main_and_supplementary,Q_+1,3171,50,1,train,42,within_Cn_target_quantile_isomer_80_20_seed42,f0414567229604469a4c834cc0887f9210b9c2858c4ae7f76c68b09087064f9d
Fermi_E,main_and_supplementary,Q_+1,3172,50,1,train,42,within_Cn_target_quantile_isomer_80_20_seed42,f0414567229604469a4c834cc0887f9210b9c2858c4ae7f76c68b09087064f9d
Fermi_E,main_and_supplementary,Q_+1,3173,50,1,train,42,within_Cn_target_quantile_isomer_80_20_seed42,f0414567229604469a4c834cc0887f9210b9c2858c4ae7f76c68b09087064f9d
Fermi_E,main_and_supplementary,Q_+1,3174,50,1,train,42,within_Cn_target_quantile_isomer_80_20_seed42,f0414567229604469a4c834cc0887f9210b9c2858c4ae7f76c68b09087064f9d
Fermi_E,main_and_supplementary,Q_+1,3175,50,1,train,42,within_Cn_target_quantile_isomer_80_20_seed42,f0414567229604469a4c834cc0887f9210b9c2858c4ae7f76c68b09087064f9d
Fermi_E,main_and_supplementary,Q_+1,3176,50,1,train,42,within_Cn_target_quantile_isomer_80_20_seed42,f0414567229604469a4c834cc0887f9210b9c2858c4ae7f76c68b09087064f9d
Fermi_E,main_and_supplementary,Q_+1,3177,50,1,train,42,within_Cn_target_quantile_isomer_80_20_seed42,f0414567229604469a4c834cc0887f9210b9c2858c4ae7f76c68b09087064f9d
Fermi_E,main_and_supplementary,Q_+1,3179,50,1,train,42,within_Cn_target_quantile_isomer_80_20_seed42,f0414567229604469a4c834cc0887f9210b9c2858c4ae7f76c68b09087064f9d
Fermi_E,main_and_supplementary,Q_+1,3180,50,1,train,42,within_Cn_target_quantile_isomer_80_20_seed42,f0414567229604469a4c834cc0887f9210b9c2858c4ae7f76c68b09087064f9d
Fermi_E,main_and_supplementary,Q_+1,3182,50,1,train,42,within_Cn_target_quantile_isomer_80_20_seed42,f0414567229604469a4c834cc0887f9210b9c2858c4ae7f76c68b09087064f9d
Fermi_E,main_and_supplementary,Q_+1,3183,50,1,train,42,within_Cn_target_quantile_isomer_80_20_seed42,f0414567229604469a4c834cc0887f9210b9c2858c4ae7f76c68b09087064f9d
Fermi_E,main_and_supplementary,Q_+1,3185,50,1,train,42,within_Cn_target_quantile_isomer_80_20_seed42,f0414567229604469a4c834cc0887f9210b9c2858c4ae7f76c68b09087064f9d
Fermi_E,main_and_supplementary,Q_+1,3186,50,1,train,42,within_Cn_target_quantile_isomer_80_20_seed42,f0414567229604469a4c834cc0887f9210b9c2858c4ae7f76c68b09087064f9d
Fermi_E,main_and_supplementary,Q_+1,3187,50,1,train,42,within_Cn_target_quantile_isomer_80_20_seed42,f0414567229604469a4c834cc0887f9210b9c2858c4ae7f76c68b09087064f9d
Fermi_E,main_and_supplementary,Q_+1,3188,50,1,train,42,within_Cn_target_quantile_isomer_80_20_seed42,f0414567229604469a4c834cc0887f9210b9c2858c4ae7f76c68b09087064f9d
Fermi_E,main_and_supplementary,Q_+1,3189,50,1,train,42,within_Cn_target_quantile_isomer_80_20_seed42,f0414567229604469a4c834cc0887f9210b9c2858c4ae7f76c68b09087064f9d
Fermi_E,main_and_supplementary,Q_+1,3190,50,1,train,42,within_Cn_target_quantile_isomer_80_20_seed42,f0414567229604469a4c834cc0887f9210b9c2858c4ae7f76c68b09087064f9d
Fermi_E,main_and_supplementary,Q_+1,3192,50,1,train,42,within_Cn_target_quantile_isomer_80_20_seed42,f0414567229604469a4c834cc0887f9210b9c2858c4ae7f76c68b09087064f9d
Fermi_E,main_and_supplementary,Q_+1,3193,50,1,train,42,within_Cn_target_quantile_isomer_80_20_seed42,f0414567229604469a4c834cc0887f9210b9c2858c4ae7f76c68b09087064f9d
Fermi_E,main_and_supplementary,Q_+1,3194,50,1,train,42,within_Cn_target_quantile_isomer_80_20_seed42,f0414567229604469a4c834cc0887f9210b9c2858c4ae7f76c68b09087064f9d
Fermi_E,main_and_supplementary,Q_+1,3195,50,1,train,42,within_Cn_target_quantile_isomer_80_20_seed42,f0414567229604469a4c834cc0887f9210b9c2858c4ae7f76c68b09087064f9d
Fermi_E,main_and_supplementary,Q_+1,3198,50,1,train,42,within_Cn_target_quantile_isomer_80_20_seed42,f0414567229604469a4c834cc0887f9210b9c2858c4ae7f76c68b09087064f9d
Fermi_E,main_and_supplementary,Q_+1,3199,50,1,train,42,within_Cn_target_quantile_isomer_80_20_seed42,f0414567229604469a4c834cc0887f9210b9c2858c4ae7f76c68b09087064f9d
Fermi_E,main_and_supplementary,Q_+1,3200,50,1,train,42,within_Cn_target_quantile_isomer_80_20_seed42,f0414567229604469a4c834cc0887f9210b9c2858c4ae7f76c68b09087064f9d
Fermi_E,main_and_supplementary,Q_+1,3201,50,1,train,42,within_Cn_target_quantile_isomer_80_20_seed42,f0414567229604469a4c834cc0887f9210b9c2858c4ae7f76c68b09087064f9d
Fermi_E,main_and_supplementary,Q_+1,3202,50,1,train,42,within_Cn_target_quantile_isomer_80_20_seed42,f0414567229604469a4c834cc0887f9210b9c2858c4ae7f76c68b09087064f9d
Fermi_E,main_and_supplementary,Q_+1,3204,50,1,train,42,within_Cn_target_quantile_isomer_80_20_seed42,f0414567229604469a4c834cc0887f9210b9c2858c4ae7f76c68b09087064f9d
Fermi_E,main_and_supplementary,Q_+1,3205,50,1,train,42,within_Cn_target_quantile_isomer_80_20_seed42,f0414567229604469a4c834cc0887f9210b9c2858c4ae7f76c68b09087064f9d
Fermi_E,main_and_supplementary,Q_+1,3206,50,1,train,42,within_Cn_target_quantile_isomer_80_20_seed42,f0414567229604469a4c834cc0887f9210b9c2858c4ae7f76c68b09087064f9d
Fermi_E,main_and_supplementary,Q_+1,3207,50,1,train,42,within_Cn_target_quantile_isomer_80_20_seed42,f0414567229604469a4c834cc0887f9210b9c2858c4ae7f76c68b09087064f9d
Fermi_E,main_and_supplementary,Q_+1,3208,50,1,train,42,within_Cn_target_quantile_isomer_80_20_seed42,f0414567229604469a4c834cc0887f9210b9c2858c4ae7f76c68b09087064f9d
Fermi_E,main_and_supplementary,Q_+1,3209,50,1,train,42,within_Cn_target_quantile_isomer_80_20_seed42,f0414567229604469a4c834cc0887f9210b9c2858c4ae7f76c68b09087064f9d
Fermi_E,main_and_supplementary,Q_+1,3210,50,1,train,42,within_Cn_target_quantile_isomer_80_20_seed42,f0414567229604469a4c834cc0887f9210b9c2858c4ae7f76c68b09087064f9d
Fermi_E,main_and_supplementary,Q_+1,3211,50,1,train,42,within_Cn_target_quantile_isomer_80_20_seed42,f0414567229604469a4c834cc0887f9210b9c2858c4ae7f76c68b09087064f9d
Fermi_E,main_and_supplementary,Q_+1,3212,50,1,train,42,within_Cn_target_quantile_isomer_80_20_seed42,f0414567229604469a4c834cc0887f9210b9c2858c4ae7f76c68b09087064f9d
Fermi_E,main_and_supplementary,Q_+1,3213,50,1,train,42,within_Cn_target_quantile_isomer_80_20_seed42,f0414567229604469a4c834cc0887f9210b9c2858c4ae7f76c68b09087064f9d
Fermi_E,main_and_supplementary,Q_+1,3214,50,1,train,42,within_Cn_target_quantile_isomer_80_20_seed42,f0414567229604469a4c834cc0887f9210b9c2858c4ae7f76c68b09087064f9d
Fermi_E,main_and_supplementary,Q_+1,3215,50,1,train,42,within_Cn_target_quantile_isomer_80_20_seed42,f0414567229604469a4c834cc0887f9210b9c2858c4ae7f76c68b09087064f9d
Fermi_E,main_and_supplementary,Q_+1,3216,50,1,train,42,within_Cn_target_quantile_isomer_80_20_seed42,f0414567229604469a4c834cc0887f9210b9c2858c4ae7f76c68b09087064f9d
Fermi_E,main_and_supplementary,Q_+1,3217,50,1,train,42,within_Cn_target_quantile_isomer_80_20_seed42,f0414567229604469a4c834cc0887f9210b9c2858c4ae7f76c68b09087064f9d
Fermi_E,main_and_supplementary,Q_+1,3218,50,1,train,42,within_Cn_target_quantile_isomer_80_20_seed42,f0414567229604469a4c834cc0887f9210b9c2858c4ae7f76c68b09087064f9d
Fermi_E,main_and_supplementary,Q_+1,3219,50,1,train,42,within_Cn_target_quantile_isomer_80_20_seed42,f0414567229604469a4c834cc0887f9210b9c2858c4ae7f76c68b09087064f9d
Fermi_E,main_and_supplementary,Q_+1,3220,50,1,train,42,within_Cn_target_quantile_isomer_80_20_seed42,f0414567229604469a4c834cc0887f9210b9c2858c4ae7f76c68b09087064f9d
Fermi_E,main_and_supplementary,Q_+1,3221,50,1,train,42,within_Cn_target_quantile_isomer_80_20_seed42,f0414567229604469a4c834cc0887f9210b9c2858c4ae7f76c68b09087064f9d
Fermi_E,main_and_supplementary,Q_+1,3222,50,1,train,42,within_Cn_target_quantile_isomer_80_20_seed42,f0414567229604469a4c834cc0887f9210b9c2858c4ae7f76c68b09087064f9d
Fermi_E,main_and_supplementary,Q_+1,3223,50,1,train,42,within_Cn_target_quantile_isomer_80_20_seed42,f0414567229604469a4c834cc0887f9210b9c2858c4ae7f76c68b09087064f9d
Fermi_E,main_and_supplementary,Q_+1,3224,50,1,train,42,within_Cn_target_quantile_isomer_80_20_seed42,f0414567229604469a4c834cc0887f9210b9c2858c4ae7f76c68b09087064f9d
Fermi_E,main_and_supplementary,Q_+1,3225,50,1,train,42,within_Cn_target_quantile_isomer_80_20_seed42,f0414567229604469a4c834cc0887f9210b9c2858c4ae7f76c68b09087064f9d
Fermi_E,main_and_supplementary,Q_+1,3227,50,1,train,42,within_Cn_target_quantile_isomer_80_20_seed42,f0414567229604469a4c834cc0887f9210b9c2858c4ae7f76c68b09087064f9d
Fermi_E,main_and_supplementary,Q_+1,3228,50,1,train,42,within_Cn_target_quantile_isomer_80_20_seed42,f0414567229604469a4c834cc0887f9210b9c2858c4ae7f76c68b09087064f9d
Fermi_E,main_and_supplementary,Q_+1,3229,50,1,train,42,within_Cn_target_quantile_isomer_80_20_seed42,f0414567229604469a4c834cc0887f9210b9c2858c4ae7f76c68b09087064f9d
Fermi_E,main_and_supplementary,Q_+1,3230,50,1,train,42,within_Cn_target_quantile_isomer_80_20_seed42,f0414567229604469a4c834cc0887f9210b9c2858c4ae7f76c68b09087064f9d
Fermi_E,main_and_supplementary,Q_+1,3232,50,1,train,42,within_Cn_target_quantile_isomer_80_20_seed42,f0414567229604469a4c834cc0887f9210b9c2858c4ae7f76c68b09087064f9d
Fermi_E,main_and_supplementary,Q_+1,3234,50,1,train,42,within_Cn_target_quantile_isomer_80_20_seed42,f0414567229604469a4c834cc0887f9210b9c2858c4ae7f76c68b09087064f9d
Fermi_E,main_and_supplementary,Q_+1,3235,50,1,train,42,within_Cn_target_quantile_isomer_80_20_seed42,f0414567229604469a4c834cc0887f9210b9c2858c4ae7f76c68b09087064f9d
Fermi_E,main_and_supplementary,Q_+1,3236,50,1,train,42,within_Cn_target_quantile_isomer_80_20_seed42,f0414567229604469a4c834cc0887f9210b9c2858c4ae7f76c68b09087064f9d
Fermi_E,main_and_supplementary,Q_+1,3238,50,1,train,42,within_Cn_target_quantile_isomer_80_20_seed42,f0414567229604469a4c834cc0887f9210b9c2858c4ae7f76c68b09087064f9d
Fermi_E,main_and_supplementary,Q_+1,3239,50,1,train,42,within_Cn_target_quantile_isomer_80_20_seed42,f0414567229604469a4c834cc0887f9210b9c2858c4ae7f76c68b09087064f9d
Fermi_E,main_and_supplementary,Q_+1,3240,50,1,train,42,within_Cn_target_quantile_isomer_80_20_seed42,f0414567229604469a4c834cc0887f9210b9c2858c4ae7f76c68b09087064f9d
Fermi_E,main_and_supplementary,Q_+1,3241,50,1,train,42,within_Cn_target_quantile_isomer_80_20_seed42,f0414567229604469a4c834cc0887f9210b9c2858c4ae7f76c68b09087064f9d
Fermi_E,main_and_supplementary,Q_+1,3242,50,1,train,42,within_Cn_target_quantile_isomer_80_20_seed42,f0414567229604469a4c834cc0887f9210b9c2858c4ae7f76c68b09087064f9d
Fermi_E,main_and_supplementary,Q_+1,3243,50,1,train,42,within_Cn_target_quantile_isomer_80_20_seed42,f0414567229604469a4c834cc0887f9210b9c2858c4ae7f76c68b09087064f9d
Fermi_E,main_and_supplementary,Q_+1,3245,50,1,train,42,within_Cn_target_quantile_isomer_80_20_seed42,f0414567229604469a4c834cc0887f9210b9c2858c4ae7f76c68b09087064f9d
Fermi_E,main_and_supplementary,Q_+1,3246,50,1,train,42,within_Cn_target_quantile_isomer_80_20_seed42,f0414567229604469a4c834cc0887f9210b9c2858c4ae7f76c68b09087064f9d
Fermi_E,main_and_supplementary,Q_+1,3247,50,1,train,42,within_Cn_target_quantile_isomer_80_20_seed42,f0414567229604469a4c834cc0887f9210b9c2858c4ae7f76c68b09087064f9d
Fermi_E,main_and_supplementary,Q_+1,3248,50,1,train,42,within_Cn_target_quantile_isomer_80_20_seed42,f0414567229604469a4c834cc0887f9210b9c2858c4ae7f76c68b09087064f9d
Fermi_E,main_and_supplementary,Q_+1,3249,50,1,train,42,within_Cn_target_quantile_isomer_80_20_seed42,f0414567229604469a4c834cc0887f9210b9c2858c4ae7f76c68b09087064f9d
Fermi_E,main_and_supplementary,Q_+1,3251,50,1,train,42,within_Cn_target_quantile_isomer_80_20_seed42,f0414567229604469a4c834cc0887f9210b9c2858c4ae7f76c68b09087064f9d
Fermi_E,main_and_supplementary,Q_+1,3252,50,1,train,42,within_Cn_target_quantile_isomer_80_20_seed42,f0414567229604469a4c834cc0887f9210b9c2858c4ae7f76c68b09087064f9d
Fermi_E,main_and_supplementary,Q_+1,3253,50,1,train,42,within_Cn_target_quantile_isomer_80_20_seed42,f0414567229604469a4c834cc0887f9210b9c2858c4ae7f76c68b09087064f9d
Fermi_E,main_and_supplementary,Q_+1,3255,50,1,train,42,within_Cn_target_quantile_isomer_80_20_seed42,f0414567229604469a4c834cc0887f9210b9c2858c4ae7f76c68b09087064f9d
Fermi_E,main_and_supplementary,Q_+1,3256,50,1,train,42,within_Cn_target_quantile_isomer_80_20_seed42,f0414567229604469a4c834cc0887f9210b9c2858c4ae7f76c68b09087064f9d
Fermi_E,main_and_supplementary,Q_+1,3257,50,1,train,42,within_Cn_target_quantile_isomer_80_20_seed42,f0414567229604469a4c834cc0887f9210b9c2858c4ae7f76c68b09087064f9d
Fermi_E,main_and_supplementary,Q_+1,3258,50,1,train,42,within_Cn_target_quantile_isomer_80_20_seed42,f0414567229604469a4c834cc0887f9210b9c2858c4ae7f76c68b09087064f9d
Fermi_E,main_and_supplementary,Q_+1,3260,50,1,train,42,within_Cn_target_quantile_isomer_80_20_seed42,f0414567229604469a4c834cc0887f9210b9c2858c4ae7f76c68b09087064f9d
Fermi_E,main_and_supplementary,Q_+1,3262,50,1,train,42,within_Cn_target_quantile_isomer_80_20_seed42,f0414567229604469a4c834cc0887f9210b9c2858c4ae7f76c68b09087064f9d
Fermi_E,main_and_supplementary,Q_+1,3263,50,1,train,42,within_Cn_target_quantile_isomer_80_20_seed42,f0414567229604469a4c834cc0887f9210b9c2858c4ae7f76c68b09087064f9d
Fermi_E,main_and_supplementary,Q_+1,3264,50,1,train,42,within_Cn_target_quantile_isomer_80_20_seed42,f0414567229604469a4c834cc0887f9210b9c2858c4ae7f76c68b09087064f9d
Fermi_E,main_and_supplementary,Q_+1,3265,50,1,train,42,within_Cn_target_quantile_isomer_80_20_seed42,f0414567229604469a4c834cc0887f9210b9c2858c4ae7f76c68b09087064f9d
Fermi_E,main_and_supplementary,Q_+1,3266,50,1,train,42,within_Cn_target_quantile_isomer_80_20_seed42,f0414567229604469a4c834cc0887f9210b9c2858c4ae7f76c68b09087064f9d
Fermi_E,main_and_supplementary,Q_+1,3267,50,1,train,42,within_Cn_target_quantile_isomer_80_20_seed42,f0414567229604469a4c834cc0887f9210b9c2858c4ae7f76c68b09087064f9d
Fermi_E,main_and_supplementary,Q_+1,3268,50,1,train,42,within_Cn_target_quantile_isomer_80_20_seed42,f0414567229604469a4c834cc0887f9210b9c2858c4ae7f76c68b09087064f9d
Fermi_E,main_and_supplementary,Q_+1,3269,50,1,train,42,within_Cn_target_quantile_isomer_80_20_seed42,f0414567229604469a4c834cc0887f9210b9c2858c4ae7f76c68b09087064f9d
Fermi_E,main_and_supplementary,Q_+1,3270,50,1,train,42,within_Cn_target_quantile_isomer_80_20_seed42,f0414567229604469a4c834cc0887f9210b9c2858c4ae7f76c68b09087064f9d
Fermi_E,main_and_supplementary,Q_+1,3271,50,1,train,42,within_Cn_target_quantile_isomer_80_20_seed42,f0414567229604469a4c834cc0887f9210b9c2858c4ae7f76c68b09087064f9d
Fermi_E,main_and_supplementary,Q_+1,3272,50,1,train,42,within_Cn_target_quantile_isomer_80_20_seed42,f0414567229604469a4c834cc0887f9210b9c2858c4ae7f76c68b09087064f9d
Fermi_E,main_and_supplementary,Q_+1,3273,50,1,train,42,within_Cn_target_quantile_isomer_80_20_seed42,f0414567229604469a4c834cc0887f9210b9c2858c4ae7f76c68b09087064f9d
Fermi_E,main_and_supplementary,Q_+1,3274,50,1,train,42,within_Cn_target_quantile_isomer_80_20_seed42,f0414567229604469a4c834cc0887f9210b9c2858c4ae7f76c68b09087064f9d
Fermi_E,main_and_supplementary,Q_+1,3276,50,1,train,42,within_Cn_target_quantile_isomer_80_20_seed42,f0414567229604469a4c834cc0887f9210b9c2858c4ae7f76c68b09087064f9d
Fermi_E,main_and_supplementary,Q_+1,3277,50,1,train,42,within_Cn_target_quantile_isomer_80_20_seed42,f0414567229604469a4c834cc0887f9210b9c2858c4ae7f76c68b09087064f9d
Fermi_E,main_and_supplementary,Q_+1,3278,50,1,train,42,within_Cn_target_quantile_isomer_80_20_seed42,f0414567229604469a4c834cc0887f9210b9c2858c4ae7f76c68b09087064f9d
Fermi_E,main_and_supplementary,Q_+1,3279,50,1,train,42,within_Cn_target_quantile_isomer_80_20_seed42,f0414567229604469a4c834cc0887f9210b9c2858c4ae7f76c68b09087064f9d
Fermi_E,main_and_supplementary,Q_+1,3280,50,1,train,42,within_Cn_target_quantile_isomer_80_20_seed42,f0414567229604469a4c834cc0887f9210b9c2858c4ae7f76c68b09087064f9d
Fermi_E,main_and_supplementary,Q_+1,3281,50,1,train,42,within_Cn_target_quantile_isomer_80_20_seed42,f0414567229604469a4c834cc0887f9210b9c2858c4ae7f76c68b09087064f9d
Fermi_E,main_and_supplementary,Q_+1,3282,50,1,train,42,within_Cn_target_quantile_isomer_80_20_seed42,f0414567229604469a4c834cc0887f9210b9c2858c4ae7f76c68b09087064f9d
Fermi_E,main_and_supplementary,Q_+1,3283,50,1,train,42,within_Cn_target_quantile_isomer_80_20_seed42,f0414567229604469a4c834cc0887f9210b9c2858c4ae7f76c68b09087064f9d
Fermi_E,main_and_supplementary,Q_+1,3286,50,1,train,42,within_Cn_target_quantile_isomer_80_20_seed42,f0414567229604469a4c834cc0887f9210b9c2858c4ae7f76c68b09087064f9d
Fermi_E,main_and_supplementary,Q_+1,3287,50,1,train,42,within_Cn_target_quantile_isomer_80_20_seed42,f0414567229604469a4c834cc0887f9210b9c2858c4ae7f76c68b09087064f9d
Fermi_E,main_and_supplementary,Q_+1,3290,50,1,train,42,within_Cn_target_quantile_isomer_80_20_seed42,f0414567229604469a4c834cc0887f9210b9c2858c4ae7f76c68b09087064f9d
Fermi_E,main_and_supplementary,Q_+1,3291,50,1,train,42,within_Cn_target_quantile_isomer_80_20_seed42,f0414567229604469a4c834cc0887f9210b9c2858c4ae7f76c68b09087064f9d
Fermi_E,main_and_supplementary,Q_+1,3293,50,1,train,42,within_Cn_target_quantile_isomer_80_20_seed42,f0414567229604469a4c834cc0887f9210b9c2858c4ae7f76c68b09087064f9d
Fermi_E,main_and_supplementary,Q_+1,3295,50,1,train,42,within_Cn_target_quantile_isomer_80_20_seed42,f0414567229604469a4c834cc0887f9210b9c2858c4ae7f76c68b09087064f9d
Fermi_E,main_and_supplementary,Q_+1,3296,50,1,train,42,within_Cn_target_quantile_isomer_80_20_seed42,f0414567229604469a4c834cc0887f9210b9c2858c4ae7f76c68b09087064f9d
Fermi_E,main_and_supplementary,Q_+1,3297,50,1,train,42,within_Cn_target_quantile_isomer_80_20_seed42,f0414567229604469a4c834cc0887f9210b9c2858c4ae7f76c68b09087064f9d
Fermi_E,main_and_supplementary,Q_+1,3299,50,1,train,42,within_Cn_target_quantile_isomer_80_20_seed42,f0414567229604469a4c834cc0887f9210b9c2858c4ae7f76c68b09087064f9d
Fermi_E,main_and_supplementary,Q_+1,3300,52,1,train,42,within_Cn_target_quantile_isomer_80_20_seed42,f0414567229604469a4c834cc0887f9210b9c2858c4ae7f76c68b09087064f9d
Fermi_E,main_and_supplementary,Q_+1,3301,52,1,train,42,within_Cn_target_quantile_isomer_80_20_seed42,f0414567229604469a4c834cc0887f9210b9c2858c4ae7f76c68b09087064f9d
Fermi_E,main_and_supplementary,Q_+1,3302,52,1,train,42,within_Cn_target_quantile_isomer_80_20_seed42,f0414567229604469a4c834cc0887f9210b9c2858c4ae7f76c68b09087064f9d
Fermi_E,main_and_supplementary,Q_+1,3303,52,1,train,42,within_Cn_target_quantile_isomer_80_20_seed42,f0414567229604469a4c834cc0887f9210b9c2858c4ae7f76c68b09087064f9d
Fermi_E,main_and_supplementary,Q_+1,3304,52,1,train,42,within_Cn_target_quantile_isomer_80_20_seed42,f0414567229604469a4c834cc0887f9210b9c2858c4ae7f76c68b09087064f9d
Fermi_E,main_and_supplementary,Q_+1,3305,52,1,train,42,within_Cn_target_quantile_isomer_80_20_seed42,f0414567229604469a4c834cc0887f9210b9c2858c4ae7f76c68b09087064f9d
Fermi_E,main_and_supplementary,Q_+1,3306,52,1,train,42,within_Cn_target_quantile_isomer_80_20_seed42,f0414567229604469a4c834cc0887f9210b9c2858c4ae7f76c68b09087064f9d
Fermi_E,main_and_supplementary,Q_+1,3307,52,1,train,42,within_Cn_target_quantile_isomer_80_20_seed42,f0414567229604469a4c834cc0887f9210b9c2858c4ae7f76c68b09087064f9d
Fermi_E,main_and_supplementary,Q_+1,3308,52,1,train,42,within_Cn_target_quantile_isomer_80_20_seed42,f0414567229604469a4c834cc0887f9210b9c2858c4ae7f76c68b09087064f9d
Fermi_E,main_and_supplementary,Q_+1,3309,52,1,train,42,within_Cn_target_quantile_isomer_80_20_seed42,f0414567229604469a4c834cc0887f9210b9c2858c4ae7f76c68b09087064f9d
Fermi_E,main_and_supplementary,Q_+1,3310,52,1,train,42,within_Cn_target_quantile_isomer_80_20_seed42,f0414567229604469a4c834cc0887f9210b9c2858c4ae7f76c68b09087064f9d
Fermi_E,main_and_supplementary,Q_+1,3311,52,1,train,42,within_Cn_target_quantile_isomer_80_20_seed42,f0414567229604469a4c834cc0887f9210b9c2858c4ae7f76c68b09087064f9d
Fermi_E,main_and_supplementary,Q_+1,3313,52,1,train,42,within_Cn_target_quantile_isomer_80_20_seed42,f0414567229604469a4c834cc0887f9210b9c2858c4ae7f76c68b09087064f9d
Fermi_E,main_and_supplementary,Q_+1,3314,52,1,train,42,within_Cn_target_quantile_isomer_80_20_seed42,f0414567229604469a4c834cc0887f9210b9c2858c4ae7f76c68b09087064f9d
Fermi_E,main_and_supplementary,Q_+1,3315,52,1,train,42,within_Cn_target_quantile_isomer_80_20_seed42,f0414567229604469a4c834cc0887f9210b9c2858c4ae7f76c68b09087064f9d
Fermi_E,main_and_supplementary,Q_+1,3316,52,1,train,42,within_Cn_target_quantile_isomer_80_20_seed42,f0414567229604469a4c834cc0887f9210b9c2858c4ae7f76c68b09087064f9d
Fermi_E,main_and_supplementary,Q_+1,3317,52,1,train,42,within_Cn_target_quantile_isomer_80_20_seed42,f0414567229604469a4c834cc0887f9210b9c2858c4ae7f76c68b09087064f9d
Fermi_E,main_and_supplementary,Q_+1,3320,52,1,train,42,within_Cn_target_quantile_isomer_80_20_seed42,f0414567229604469a4c834cc0887f9210b9c2858c4ae7f76c68b09087064f9d
Fermi_E,main_and_supplementary,Q_+1,3322,52,1,train,42,within_Cn_target_quantile_isomer_80_20_seed42,f0414567229604469a4c834cc0887f9210b9c2858c4ae7f76c68b09087064f9d
Fermi_E,main_and_supplementary,Q_+1,3323,52,1,train,42,within_Cn_target_quantile_isomer_80_20_seed42,f0414567229604469a4c834cc0887f9210b9c2858c4ae7f76c68b09087064f9d
Fermi_E,main_and_supplementary,Q_+1,3325,52,1,train,42,within_Cn_target_quantile_isomer_80_20_seed42,f0414567229604469a4c834cc0887f9210b9c2858c4ae7f76c68b09087064f9d
Fermi_E,main_and_supplementary,Q_+1,3326,52,1,train,42,within_Cn_target_quantile_isomer_80_20_seed42,f0414567229604469a4c834cc0887f9210b9c2858c4ae7f76c68b09087064f9d
Fermi_E,main_and_supplementary,Q_+1,3327,52,1,train,42,within_Cn_target_quantile_isomer_80_20_seed42,f0414567229604469a4c834cc0887f9210b9c2858c4ae7f76c68b09087064f9d
Fermi_E,main_and_supplementary,Q_+1,3329,52,1,train,42,within_Cn_target_quantile_isomer_80_20_seed42,f0414567229604469a4c834cc0887f9210b9c2858c4ae7f76c68b09087064f9d
Fermi_E,main_and_supplementary,Q_+1,3330,52,1,train,42,within_Cn_target_quantile_isomer_80_20_seed42,f0414567229604469a4c834cc0887f9210b9c2858c4ae7f76c68b09087064f9d
Fermi_E,main_and_supplementary,Q_+1,3331,52,1,train,42,within_Cn_target_quantile_isomer_80_20_seed42,f0414567229604469a4c834cc0887f9210b9c2858c4ae7f76c68b09087064f9d
Fermi_E,main_and_supplementary,Q_+1,3332,52,1,train,42,within_Cn_target_quantile_isomer_80_20_seed42,f0414567229604469a4c834cc0887f9210b9c2858c4ae7f76c68b09087064f9d
Fermi_E,main_and_supplementary,Q_+1,3333,52,1,train,42,within_Cn_target_quantile_isomer_80_20_seed42,f0414567229604469a4c834cc0887f9210b9c2858c4ae7f76c68b09087064f9d
Fermi_E,main_and_supplementary,Q_+1,3334,52,1,train,42,within_Cn_target_quantile_isomer_80_20_seed42,f0414567229604469a4c834cc0887f9210b9c2858c4ae7f76c68b09087064f9d
Fermi_E,main_and_supplementary,Q_+1,3335,52,1,train,42,within_Cn_target_quantile_isomer_80_20_seed42,f0414567229604469a4c834cc0887f9210b9c2858c4ae7f76c68b09087064f9d
Fermi_E,main_and_supplementary,Q_+1,3336,52,1,train,42,within_Cn_target_quantile_isomer_80_20_seed42,f0414567229604469a4c834cc0887f9210b9c2858c4ae7f76c68b09087064f9d
Fermi_E,main_and_supplementary,Q_+1,3337,52,1,train,42,within_Cn_target_quantile_isomer_80_20_seed42,f0414567229604469a4c834cc0887f9210b9c2858c4ae7f76c68b09087064f9d
Fermi_E,main_and_supplementary,Q_+1,3339,52,1,train,42,within_Cn_target_quantile_isomer_80_20_seed42,f0414567229604469a4c834cc0887f9210b9c2858c4ae7f76c68b09087064f9d
Fermi_E,main_and_supplementary,Q_+1,3341,52,1,train,42,within_Cn_target_quantile_isomer_80_20_seed42,f0414567229604469a4c834cc0887f9210b9c2858c4ae7f76c68b09087064f9d
Fermi_E,main_and_supplementary,Q_+1,3342,52,1,train,42,within_Cn_target_quantile_isomer_80_20_seed42,f0414567229604469a4c834cc0887f9210b9c2858c4ae7f76c68b09087064f9d
Fermi_E,main_and_supplementary,Q_+1,3344,52,1,train,42,within_Cn_target_quantile_isomer_80_20_seed42,f0414567229604469a4c834cc0887f9210b9c2858c4ae7f76c68b09087064f9d
Fermi_E,main_and_supplementary,Q_+1,3345,52,1,train,42,within_Cn_target_quantile_isomer_80_20_seed42,f0414567229604469a4c834cc0887f9210b9c2858c4ae7f76c68b09087064f9d
Fermi_E,main_and_supplementary,Q_+1,3347,52,1,train,42,within_Cn_target_quantile_isomer_80_20_seed42,f0414567229604469a4c834cc0887f9210b9c2858c4ae7f76c68b09087064f9d
Fermi_E,main_and_supplementary,Q_+1,3348,52,1,train,42,within_Cn_target_quantile_isomer_80_20_seed42,f0414567229604469a4c834cc0887f9210b9c2858c4ae7f76c68b09087064f9d
Fermi_E,main_and_supplementary,Q_+1,3349,52,1,train,42,within_Cn_target_quantile_isomer_80_20_seed42,f0414567229604469a4c834cc0887f9210b9c2858c4ae7f76c68b09087064f9d
Fermi_E,main_and_supplementary,Q_+1,3350,52,1,train,42,within_Cn_target_quantile_isomer_80_20_seed42,f0414567229604469a4c834cc0887f9210b9c2858c4ae7f76c68b09087064f9d
Fermi_E,main_and_supplementary,Q_+1,3351,52,1,train,42,within_Cn_target_quantile_isomer_80_20_seed42,f0414567229604469a4c834cc0887f9210b9c2858c4ae7f76c68b09087064f9d
Fermi_E,main_and_supplementary,Q_+1,3352,52,1,train,42,within_Cn_target_quantile_isomer_80_20_seed42,f0414567229604469a4c834cc0887f9210b9c2858c4ae7f76c68b09087064f9d
Fermi_E,main_and_supplementary,Q_+1,3353,52,1,train,42,within_Cn_target_quantile_isomer_80_20_seed42,f0414567229604469a4c834cc0887f9210b9c2858c4ae7f76c68b09087064f9d
Fermi_E,main_and_supplementary,Q_+1,3354,52,1,train,42,within_Cn_target_quantile_isomer_80_20_seed42,f0414567229604469a4c834cc0887f9210b9c2858c4ae7f76c68b09087064f9d
Fermi_E,main_and_supplementary,Q_+1,3355,52,1,train,42,within_Cn_target_quantile_isomer_80_20_seed42,f0414567229604469a4c834cc0887f9210b9c2858c4ae7f76c68b09087064f9d
Fermi_E,main_and_supplementary,Q_+1,3356,52,1,train,42,within_Cn_target_quantile_isomer_80_20_seed42,f0414567229604469a4c834cc0887f9210b9c2858c4ae7f76c68b09087064f9d
Fermi_E,main_and_supplementary,Q_+1,3357,52,1,train,42,within_Cn_target_quantile_isomer_80_20_seed42,f0414567229604469a4c834cc0887f9210b9c2858c4ae7f76c68b09087064f9d
Fermi_E,main_and_supplementary,Q_+1,3358,52,1,train,42,within_Cn_target_quantile_isomer_80_20_seed42,f0414567229604469a4c834cc0887f9210b9c2858c4ae7f76c68b09087064f9d
Fermi_E,main_and_supplementary,Q_+1,3359,52,1,train,42,within_Cn_target_quantile_isomer_80_20_seed42,f0414567229604469a4c834cc0887f9210b9c2858c4ae7f76c68b09087064f9d
Fermi_E,main_and_supplementary,Q_+1,3360,52,1,train,42,within_Cn_target_quantile_isomer_80_20_seed42,f0414567229604469a4c834cc0887f9210b9c2858c4ae7f76c68b09087064f9d
Fermi_E,main_and_supplementary,Q_+1,3361,52,1,train,42,within_Cn_target_quantile_isomer_80_20_seed42,f0414567229604469a4c834cc0887f9210b9c2858c4ae7f76c68b09087064f9d
Fermi_E,main_and_supplementary,Q_+1,3362,52,1,train,42,within_Cn_target_quantile_isomer_80_20_seed42,f0414567229604469a4c834cc0887f9210b9c2858c4ae7f76c68b09087064f9d
Fermi_E,main_and_supplementary,Q_+1,3363,52,1,train,42,within_Cn_target_quantile_isomer_80_20_seed42,f0414567229604469a4c834cc0887f9210b9c2858c4ae7f76c68b09087064f9d
Fermi_E,main_and_supplementary,Q_+1,3364,52,1,train,42,within_Cn_target_quantile_isomer_80_20_seed42,f0414567229604469a4c834cc0887f9210b9c2858c4ae7f76c68b09087064f9d
Fermi_E,main_and_supplementary,Q_+1,3365,52,1,train,42,within_Cn_target_quantile_isomer_80_20_seed42,f0414567229604469a4c834cc0887f9210b9c2858c4ae7f76c68b09087064f9d
Fermi_E,main_and_supplementary,Q_+1,3366,52,1,train,42,within_Cn_target_quantile_isomer_80_20_seed42,f0414567229604469a4c834cc0887f9210b9c2858c4ae7f76c68b09087064f9d
Fermi_E,main_and_supplementary,Q_+1,3367,52,1,train,42,within_Cn_target_quantile_isomer_80_20_seed42,f0414567229604469a4c834cc0887f9210b9c2858c4ae7f76c68b09087064f9d
Fermi_E,main_and_supplementary,Q_+1,3368,52,1,train,42,within_Cn_target_quantile_isomer_80_20_seed42,f0414567229604469a4c834cc0887f9210b9c2858c4ae7f76c68b09087064f9d
Fermi_E,main_and_supplementary,Q_+1,3369,52,1,train,42,within_Cn_target_quantile_isomer_80_20_seed42,f0414567229604469a4c834cc0887f9210b9c2858c4ae7f76c68b09087064f9d
Fermi_E,main_and_supplementary,Q_+1,3370,52,1,train,42,within_Cn_target_quantile_isomer_80_20_seed42,f0414567229604469a4c834cc0887f9210b9c2858c4ae7f76c68b09087064f9d
Fermi_E,main_and_supplementary,Q_+1,3371,52,1,train,42,within_Cn_target_quantile_isomer_80_20_seed42,f0414567229604469a4c834cc0887f9210b9c2858c4ae7f76c68b09087064f9d
Fermi_E,main_and_supplementary,Q_+1,3372,52,1,train,42,within_Cn_target_quantile_isomer_80_20_seed42,f0414567229604469a4c834cc0887f9210b9c2858c4ae7f76c68b09087064f9d
Fermi_E,main_and_supplementary,Q_+1,3373,52,1,train,42,within_Cn_target_quantile_isomer_80_20_seed42,f0414567229604469a4c834cc0887f9210b9c2858c4ae7f76c68b09087064f9d
Fermi_E,main_and_supplementary,Q_+1,3374,52,1,train,42,within_Cn_target_quantile_isomer_80_20_seed42,f0414567229604469a4c834cc0887f9210b9c2858c4ae7f76c68b09087064f9d
Fermi_E,main_and_supplementary,Q_+1,3375,52,1,train,42,within_Cn_target_quantile_isomer_80_20_seed42,f0414567229604469a4c834cc0887f9210b9c2858c4ae7f76c68b09087064f9d
Fermi_E,main_and_supplementary,Q_+1,3376,52,1,train,42,within_Cn_target_quantile_isomer_80_20_seed42,f0414567229604469a4c834cc0887f9210b9c2858c4ae7f76c68b09087064f9d
Fermi_E,main_and_supplementary,Q_+1,3377,52,1,train,42,within_Cn_target_quantile_isomer_80_20_seed42,f0414567229604469a4c834cc0887f9210b9c2858c4ae7f76c68b09087064f9d
Fermi_E,main_and_supplementary,Q_+1,3378,52,1,train,42,within_Cn_target_quantile_isomer_80_20_seed42,f0414567229604469a4c834cc0887f9210b9c2858c4ae7f76c68b09087064f9d
Fermi_E,main_and_supplementary,Q_+1,3379,52,1,train,42,within_Cn_target_quantile_isomer_80_20_seed42,f0414567229604469a4c834cc0887f9210b9c2858c4ae7f76c68b09087064f9d
Fermi_E,main_and_supplementary,Q_+1,3381,52,1,train,42,within_Cn_target_quantile_isomer_80_20_seed42,f0414567229604469a4c834cc0887f9210b9c2858c4ae7f76c68b09087064f9d
Fermi_E,main_and_supplementary,Q_+1,3383,52,1,train,42,within_Cn_target_quantile_isomer_80_20_seed42,f0414567229604469a4c834cc0887f9210b9c2858c4ae7f76c68b09087064f9d
Fermi_E,main_and_supplementary,Q_+1,3384,52,1,train,42,within_Cn_target_quantile_isomer_80_20_seed42,f0414567229604469a4c834cc0887f9210b9c2858c4ae7f76c68b09087064f9d
Fermi_E,main_and_supplementary,Q_+1,3385,52,1,train,42,within_Cn_target_quantile_isomer_80_20_seed42,f0414567229604469a4c834cc0887f9210b9c2858c4ae7f76c68b09087064f9d
Fermi_E,main_and_supplementary,Q_+1,3386,52,1,train,42,within_Cn_target_quantile_isomer_80_20_seed42,f0414567229604469a4c834cc0887f9210b9c2858c4ae7f76c68b09087064f9d
Fermi_E,main_and_supplementary,Q_+1,3387,52,1,train,42,within_Cn_target_quantile_isomer_80_20_seed42,f0414567229604469a4c834cc0887f9210b9c2858c4ae7f76c68b09087064f9d
Fermi_E,main_and_supplementary,Q_+1,3388,52,1,train,42,within_Cn_target_quantile_isomer_80_20_seed42,f0414567229604469a4c834cc0887f9210b9c2858c4ae7f76c68b09087064f9d
Fermi_E,main_and_supplementary,Q_+1,3389,52,1,train,42,within_Cn_target_quantile_isomer_80_20_seed42,f0414567229604469a4c834cc0887f9210b9c2858c4ae7f76c68b09087064f9d
Fermi_E,main_and_supplementary,Q_+1,3390,52,1,train,42,within_Cn_target_quantile_isomer_80_20_seed42,f0414567229604469a4c834cc0887f9210b9c2858c4ae7f76c68b09087064f9d
Fermi_E,main_and_supplementary,Q_+1,3391,52,1,train,42,within_Cn_target_quantile_isomer_80_20_seed42,f0414567229604469a4c834cc0887f9210b9c2858c4ae7f76c68b09087064f9d
Fermi_E,main_and_supplementary,Q_+1,3392,52,1,train,42,within_Cn_target_quantile_isomer_80_20_seed42,f0414567229604469a4c834cc0887f9210b9c2858c4ae7f76c68b09087064f9d
Fermi_E,main_and_supplementary,Q_+1,3393,52,1,train,42,within_Cn_target_quantile_isomer_80_20_seed42,f0414567229604469a4c834cc0887f9210b9c2858c4ae7f76c68b09087064f9d
Fermi_E,main_and_supplementary,Q_+1,3394,52,1,train,42,within_Cn_target_quantile_isomer_80_20_seed42,f0414567229604469a4c834cc0887f9210b9c2858c4ae7f76c68b09087064f9d
Fermi_E,main_and_supplementary,Q_+1,3395,52,1,train,42,within_Cn_target_quantile_isomer_80_20_seed42,f0414567229604469a4c834cc0887f9210b9c2858c4ae7f76c68b09087064f9d
Fermi_E,main_and_supplementary,Q_+1,3396,52,1,train,42,within_Cn_target_quantile_isomer_80_20_seed42,f0414567229604469a4c834cc0887f9210b9c2858c4ae7f76c68b09087064f9d
Fermi_E,main_and_supplementary,Q_+1,3397,52,1,train,42,within_Cn_target_quantile_isomer_80_20_seed42,f0414567229604469a4c834cc0887f9210b9c2858c4ae7f76c68b09087064f9d
Fermi_E,main_and_supplementary,Q_+1,3398,52,1,train,42,within_Cn_target_quantile_isomer_80_20_seed42,f0414567229604469a4c834cc0887f9210b9c2858c4ae7f76c68b09087064f9d
Fermi_E,main_and_supplementary,Q_+1,3399,52,1,train,42,within_Cn_target_quantile_isomer_80_20_seed42,f0414567229604469a4c834cc0887f9210b9c2858c4ae7f76c68b09087064f9d
Fermi_E,main_and_supplementary,Q_+1,3400,52,1,train,42,within_Cn_target_quantile_isomer_80_20_seed42,f0414567229604469a4c834cc0887f9210b9c2858c4ae7f76c68b09087064f9d
Fermi_E,main_and_supplementary,Q_+1,3401,52,1,train,42,within_Cn_target_quantile_isomer_80_20_seed42,f0414567229604469a4c834cc0887f9210b9c2858c4ae7f76c68b09087064f9d
Fermi_E,main_and_supplementary,Q_+1,3402,52,1,train,42,within_Cn_target_quantile_isomer_80_20_seed42,f0414567229604469a4c834cc0887f9210b9c2858c4ae7f76c68b09087064f9d
Fermi_E,main_and_supplementary,Q_+1,3403,52,1,train,42,within_Cn_target_quantile_isomer_80_20_seed42,f0414567229604469a4c834cc0887f9210b9c2858c4ae7f76c68b09087064f9d
Fermi_E,main_and_supplementary,Q_+1,3404,52,1,train,42,within_Cn_target_quantile_isomer_80_20_seed42,f0414567229604469a4c834cc0887f9210b9c2858c4ae7f76c68b09087064f9d
Fermi_E,main_and_supplementary,Q_+1,3405,52,1,train,42,within_Cn_target_quantile_isomer_80_20_seed42,f0414567229604469a4c834cc0887f9210b9c2858c4ae7f76c68b09087064f9d
Fermi_E,main_and_supplementary,Q_+1,3406,52,1,train,42,within_Cn_target_quantile_isomer_80_20_seed42,f0414567229604469a4c834cc0887f9210b9c2858c4ae7f76c68b09087064f9d
Fermi_E,main_and_supplementary,Q_+1,3407,52,1,train,42,within_Cn_target_quantile_isomer_80_20_seed42,f0414567229604469a4c834cc0887f9210b9c2858c4ae7f76c68b09087064f9d
Fermi_E,main_and_supplementary,Q_+1,3408,52,1,train,42,within_Cn_target_quantile_isomer_80_20_seed42,f0414567229604469a4c834cc0887f9210b9c2858c4ae7f76c68b09087064f9d
Fermi_E,main_and_supplementary,Q_+1,3411,52,1,train,42,within_Cn_target_quantile_isomer_80_20_seed42,f0414567229604469a4c834cc0887f9210b9c2858c4ae7f76c68b09087064f9d
Fermi_E,main_and_supplementary,Q_+1,3413,52,1,train,42,within_Cn_target_quantile_isomer_80_20_seed42,f0414567229604469a4c834cc0887f9210b9c2858c4ae7f76c68b09087064f9d
Fermi_E,main_and_supplementary,Q_+1,3415,52,1,train,42,within_Cn_target_quantile_isomer_80_20_seed42,f0414567229604469a4c834cc0887f9210b9c2858c4ae7f76c68b09087064f9d
Fermi_E,main_and_supplementary,Q_+1,3416,52,1,train,42,within_Cn_target_quantile_isomer_80_20_seed42,f0414567229604469a4c834cc0887f9210b9c2858c4ae7f76c68b09087064f9d
Fermi_E,main_and_supplementary,Q_+1,3417,52,1,train,42,within_Cn_target_quantile_isomer_80_20_seed42,f0414567229604469a4c834cc0887f9210b9c2858c4ae7f76c68b09087064f9d
Fermi_E,main_and_supplementary,Q_+1,3419,52,1,train,42,within_Cn_target_quantile_isomer_80_20_seed42,f0414567229604469a4c834cc0887f9210b9c2858c4ae7f76c68b09087064f9d
Fermi_E,main_and_supplementary,Q_+1,3421,52,1,train,42,within_Cn_target_quantile_isomer_80_20_seed42,f0414567229604469a4c834cc0887f9210b9c2858c4ae7f76c68b09087064f9d
Fermi_E,main_and_supplementary,Q_+1,3422,52,1,train,42,within_Cn_target_quantile_isomer_80_20_seed42,f0414567229604469a4c834cc0887f9210b9c2858c4ae7f76c68b09087064f9d
Fermi_E,main_and_supplementary,Q_+1,3423,52,1,train,42,within_Cn_target_quantile_isomer_80_20_seed42,f0414567229604469a4c834cc0887f9210b9c2858c4ae7f76c68b09087064f9d
Fermi_E,main_and_supplementary,Q_+1,3424,52,1,train,42,within_Cn_target_quantile_isomer_80_20_seed42,f0414567229604469a4c834cc0887f9210b9c2858c4ae7f76c68b09087064f9d
Fermi_E,main_and_supplementary,Q_+1,3425,52,1,train,42,within_Cn_target_quantile_isomer_80_20_seed42,f0414567229604469a4c834cc0887f9210b9c2858c4ae7f76c68b09087064f9d
Fermi_E,main_and_supplementary,Q_+1,3426,52,1,train,42,within_Cn_target_quantile_isomer_80_20_seed42,f0414567229604469a4c834cc0887f9210b9c2858c4ae7f76c68b09087064f9d
Fermi_E,main_and_supplementary,Q_+1,3427,52,1,train,42,within_Cn_target_quantile_isomer_80_20_seed42,f0414567229604469a4c834cc0887f9210b9c2858c4ae7f76c68b09087064f9d
Fermi_E,main_and_supplementary,Q_+1,3428,52,1,train,42,within_Cn_target_quantile_isomer_80_20_seed42,f0414567229604469a4c834cc0887f9210b9c2858c4ae7f76c68b09087064f9d
Fermi_E,main_and_supplementary,Q_+1,3429,52,1,train,42,within_Cn_target_quantile_isomer_80_20_seed42,f0414567229604469a4c834cc0887f9210b9c2858c4ae7f76c68b09087064f9d
Fermi_E,main_and_supplementary,Q_+1,3430,52,1,train,42,within_Cn_target_quantile_isomer_80_20_seed42,f0414567229604469a4c834cc0887f9210b9c2858c4ae7f76c68b09087064f9d
Fermi_E,main_and_supplementary,Q_+1,3431,52,1,train,42,within_Cn_target_quantile_isomer_80_20_seed42,f0414567229604469a4c834cc0887f9210b9c2858c4ae7f76c68b09087064f9d
Fermi_E,main_and_supplementary,Q_+1,3433,52,1,train,42,within_Cn_target_quantile_isomer_80_20_seed42,f0414567229604469a4c834cc0887f9210b9c2858c4ae7f76c68b09087064f9d
Fermi_E,main_and_supplementary,Q_+1,3434,52,1,train,42,within_Cn_target_quantile_isomer_80_20_seed42,f0414567229604469a4c834cc0887f9210b9c2858c4ae7f76c68b09087064f9d
Fermi_E,main_and_supplementary,Q_+1,3435,52,1,train,42,within_Cn_target_quantile_isomer_80_20_seed42,f0414567229604469a4c834cc0887f9210b9c2858c4ae7f76c68b09087064f9d
Fermi_E,main_and_supplementary,Q_+1,3436,52,1,train,42,within_Cn_target_quantile_isomer_80_20_seed42,f0414567229604469a4c834cc0887f9210b9c2858c4ae7f76c68b09087064f9d
Fermi_E,main_and_supplementary,Q_+1,3437,52,1,train,42,within_Cn_target_quantile_isomer_80_20_seed42,f0414567229604469a4c834cc0887f9210b9c2858c4ae7f76c68b09087064f9d
Fermi_E,main_and_supplementary,Q_+1,3438,52,1,train,42,within_Cn_target_quantile_isomer_80_20_seed42,f0414567229604469a4c834cc0887f9210b9c2858c4ae7f76c68b09087064f9d
Fermi_E,main_and_supplementary,Q_+1,3439,52,1,train,42,within_Cn_target_quantile_isomer_80_20_seed42,f0414567229604469a4c834cc0887f9210b9c2858c4ae7f76c68b09087064f9d
Fermi_E,main_and_supplementary,Q_+1,3440,52,1,train,42,within_Cn_target_quantile_isomer_80_20_seed42,f0414567229604469a4c834cc0887f9210b9c2858c4ae7f76c68b09087064f9d
Fermi_E,main_and_supplementary,Q_+1,3441,52,1,train,42,within_Cn_target_quantile_isomer_80_20_seed42,f0414567229604469a4c834cc0887f9210b9c2858c4ae7f76c68b09087064f9d
Fermi_E,main_and_supplementary,Q_+1,3442,52,1,train,42,within_Cn_target_quantile_isomer_80_20_seed42,f0414567229604469a4c834cc0887f9210b9c2858c4ae7f76c68b09087064f9d
Fermi_E,main_and_supplementary,Q_+1,3443,52,1,train,42,within_Cn_target_quantile_isomer_80_20_seed42,f0414567229604469a4c834cc0887f9210b9c2858c4ae7f76c68b09087064f9d
Fermi_E,main_and_supplementary,Q_+1,3444,52,1,train,42,within_Cn_target_quantile_isomer_80_20_seed42,f0414567229604469a4c834cc0887f9210b9c2858c4ae7f76c68b09087064f9d
Fermi_E,main_and_supplementary,Q_+1,3445,52,1,train,42,within_Cn_target_quantile_isomer_80_20_seed42,f0414567229604469a4c834cc0887f9210b9c2858c4ae7f76c68b09087064f9d
Fermi_E,main_and_supplementary,Q_+1,3446,52,1,train,42,within_Cn_target_quantile_isomer_80_20_seed42,f0414567229604469a4c834cc0887f9210b9c2858c4ae7f76c68b09087064f9d
Fermi_E,main_and_supplementary,Q_+1,3447,52,1,train,42,within_Cn_target_quantile_isomer_80_20_seed42,f0414567229604469a4c834cc0887f9210b9c2858c4ae7f76c68b09087064f9d
Fermi_E,main_and_supplementary,Q_+1,3449,52,1,train,42,within_Cn_target_quantile_isomer_80_20_seed42,f0414567229604469a4c834cc0887f9210b9c2858c4ae7f76c68b09087064f9d
Fermi_E,main_and_supplementary,Q_+1,3450,52,1,train,42,within_Cn_target_quantile_isomer_80_20_seed42,f0414567229604469a4c834cc0887f9210b9c2858c4ae7f76c68b09087064f9d
Fermi_E,main_and_supplementary,Q_+1,3453,52,1,train,42,within_Cn_target_quantile_isomer_80_20_seed42,f0414567229604469a4c834cc0887f9210b9c2858c4ae7f76c68b09087064f9d
Fermi_E,main_and_supplementary,Q_+1,3454,52,1,train,42,within_Cn_target_quantile_isomer_80_20_seed42,f0414567229604469a4c834cc0887f9210b9c2858c4ae7f76c68b09087064f9d
Fermi_E,main_and_supplementary,Q_+1,3455,52,1,train,42,within_Cn_target_quantile_isomer_80_20_seed42,f0414567229604469a4c834cc0887f9210b9c2858c4ae7f76c68b09087064f9d
Fermi_E,main_and_supplementary,Q_+1,3457,52,1,train,42,within_Cn_target_quantile_isomer_80_20_seed42,f0414567229604469a4c834cc0887f9210b9c2858c4ae7f76c68b09087064f9d
Fermi_E,main_and_supplementary,Q_+1,3459,52,1,train,42,within_Cn_target_quantile_isomer_80_20_seed42,f0414567229604469a4c834cc0887f9210b9c2858c4ae7f76c68b09087064f9d
Fermi_E,main_and_supplementary,Q_+1,3460,52,1,train,42,within_Cn_target_quantile_isomer_80_20_seed42,f0414567229604469a4c834cc0887f9210b9c2858c4ae7f76c68b09087064f9d
Fermi_E,main_and_supplementary,Q_+1,3461,52,1,train,42,within_Cn_target_quantile_isomer_80_20_seed42,f0414567229604469a4c834cc0887f9210b9c2858c4ae7f76c68b09087064f9d
Fermi_E,main_and_supplementary,Q_+1,3462,52,1,train,42,within_Cn_target_quantile_isomer_80_20_seed42,f0414567229604469a4c834cc0887f9210b9c2858c4ae7f76c68b09087064f9d
Fermi_E,main_and_supplementary,Q_+1,3463,52,1,train,42,within_Cn_target_quantile_isomer_80_20_seed42,f0414567229604469a4c834cc0887f9210b9c2858c4ae7f76c68b09087064f9d
Fermi_E,main_and_supplementary,Q_+1,3464,52,1,train,42,within_Cn_target_quantile_isomer_80_20_seed42,f0414567229604469a4c834cc0887f9210b9c2858c4ae7f76c68b09087064f9d
Fermi_E,main_and_supplementary,Q_+1,3465,52,1,train,42,within_Cn_target_quantile_isomer_80_20_seed42,f0414567229604469a4c834cc0887f9210b9c2858c4ae7f76c68b09087064f9d
Fermi_E,main_and_supplementary,Q_+1,3466,52,1,train,42,within_Cn_target_quantile_isomer_80_20_seed42,f0414567229604469a4c834cc0887f9210b9c2858c4ae7f76c68b09087064f9d
Fermi_E,main_and_supplementary,Q_+1,3469,52,1,train,42,within_Cn_target_quantile_isomer_80_20_seed42,f0414567229604469a4c834cc0887f9210b9c2858c4ae7f76c68b09087064f9d
Fermi_E,main_and_supplementary,Q_+1,3470,52,1,train,42,within_Cn_target_quantile_isomer_80_20_seed42,f0414567229604469a4c834cc0887f9210b9c2858c4ae7f76c68b09087064f9d
Fermi_E,main_and_supplementary,Q_+1,3471,52,1,train,42,within_Cn_target_quantile_isomer_80_20_seed42,f0414567229604469a4c834cc0887f9210b9c2858c4ae7f76c68b09087064f9d
Fermi_E,main_and_supplementary,Q_+1,3472,52,1,train,42,within_Cn_target_quantile_isomer_80_20_seed42,f0414567229604469a4c834cc0887f9210b9c2858c4ae7f76c68b09087064f9d
Fermi_E,main_and_supplementary,Q_+1,3473,52,1,train,42,within_Cn_target_quantile_isomer_80_20_seed42,f0414567229604469a4c834cc0887f9210b9c2858c4ae7f76c68b09087064f9d
Fermi_E,main_and_supplementary,Q_+1,3475,52,1,train,42,within_Cn_target_quantile_isomer_80_20_seed42,f0414567229604469a4c834cc0887f9210b9c2858c4ae7f76c68b09087064f9d
Fermi_E,main_and_supplementary,Q_+1,3476,52,1,train,42,within_Cn_target_quantile_isomer_80_20_seed42,f0414567229604469a4c834cc0887f9210b9c2858c4ae7f76c68b09087064f9d
Fermi_E,main_and_supplementary,Q_+1,3477,52,1,train,42,within_Cn_target_quantile_isomer_80_20_seed42,f0414567229604469a4c834cc0887f9210b9c2858c4ae7f76c68b09087064f9d
Fermi_E,main_and_supplementary,Q_+1,3478,52,1,train,42,within_Cn_target_quantile_isomer_80_20_seed42,f0414567229604469a4c834cc0887f9210b9c2858c4ae7f76c68b09087064f9d
Fermi_E,main_and_supplementary,Q_+1,3479,52,1,train,42,within_Cn_target_quantile_isomer_80_20_seed42,f0414567229604469a4c834cc0887f9210b9c2858c4ae7f76c68b09087064f9d
Fermi_E,main_and_supplementary,Q_+1,3480,52,1,train,42,within_Cn_target_quantile_isomer_80_20_seed42,f0414567229604469a4c834cc0887f9210b9c2858c4ae7f76c68b09087064f9d
Fermi_E,main_and_supplementary,Q_+1,3481,52,1,train,42,within_Cn_target_quantile_isomer_80_20_seed42,f0414567229604469a4c834cc0887f9210b9c2858c4ae7f76c68b09087064f9d
Fermi_E,main_and_supplementary,Q_+1,3482,52,1,train,42,within_Cn_target_quantile_isomer_80_20_seed42,f0414567229604469a4c834cc0887f9210b9c2858c4ae7f76c68b09087064f9d
Fermi_E,main_and_supplementary,Q_+1,3483,52,1,train,42,within_Cn_target_quantile_isomer_80_20_seed42,f0414567229604469a4c834cc0887f9210b9c2858c4ae7f76c68b09087064f9d
Fermi_E,main_and_supplementary,Q_+1,3485,52,1,train,42,within_Cn_target_quantile_isomer_80_20_seed42,f0414567229604469a4c834cc0887f9210b9c2858c4ae7f76c68b09087064f9d
Fermi_E,main_and_supplementary,Q_+1,3486,52,1,train,42,within_Cn_target_quantile_isomer_80_20_seed42,f0414567229604469a4c834cc0887f9210b9c2858c4ae7f76c68b09087064f9d
Fermi_E,main_and_supplementary,Q_+1,3487,52,1,train,42,within_Cn_target_quantile_isomer_80_20_seed42,f0414567229604469a4c834cc0887f9210b9c2858c4ae7f76c68b09087064f9d
Fermi_E,main_and_supplementary,Q_+1,3488,52,1,train,42,within_Cn_target_quantile_isomer_80_20_seed42,f0414567229604469a4c834cc0887f9210b9c2858c4ae7f76c68b09087064f9d
Fermi_E,main_and_supplementary,Q_+1,3489,52,1,train,42,within_Cn_target_quantile_isomer_80_20_seed42,f0414567229604469a4c834cc0887f9210b9c2858c4ae7f76c68b09087064f9d
Fermi_E,main_and_supplementary,Q_+1,3490,52,1,train,42,within_Cn_target_quantile_isomer_80_20_seed42,f0414567229604469a4c834cc0887f9210b9c2858c4ae7f76c68b09087064f9d
Fermi_E,main_and_supplementary,Q_+1,3491,52,1,train,42,within_Cn_target_quantile_isomer_80_20_seed42,f0414567229604469a4c834cc0887f9210b9c2858c4ae7f76c68b09087064f9d
Fermi_E,main_and_supplementary,Q_+1,3493,52,1,train,42,within_Cn_target_quantile_isomer_80_20_seed42,f0414567229604469a4c834cc0887f9210b9c2858c4ae7f76c68b09087064f9d
Fermi_E,main_and_supplementary,Q_+1,3494,52,1,train,42,within_Cn_target_quantile_isomer_80_20_seed42,f0414567229604469a4c834cc0887f9210b9c2858c4ae7f76c68b09087064f9d
Fermi_E,main_and_supplementary,Q_+1,3495,52,1,train,42,within_Cn_target_quantile_isomer_80_20_seed42,f0414567229604469a4c834cc0887f9210b9c2858c4ae7f76c68b09087064f9d
Fermi_E,main_and_supplementary,Q_+1,3497,52,1,train,42,within_Cn_target_quantile_isomer_80_20_seed42,f0414567229604469a4c834cc0887f9210b9c2858c4ae7f76c68b09087064f9d
Fermi_E,main_and_supplementary,Q_+1,3498,52,1,train,42,within_Cn_target_quantile_isomer_80_20_seed42,f0414567229604469a4c834cc0887f9210b9c2858c4ae7f76c68b09087064f9d
Fermi_E,main_and_supplementary,Q_+1,3499,52,1,train,42,within_Cn_target_quantile_isomer_80_20_seed42,f0414567229604469a4c834cc0887f9210b9c2858c4ae7f76c68b09087064f9d
Fermi_E,main_and_supplementary,Q_+1,3500,52,1,train,42,within_Cn_target_quantile_isomer_80_20_seed42,f0414567229604469a4c834cc0887f9210b9c2858c4ae7f76c68b09087064f9d
Fermi_E,main_and_supplementary,Q_+1,3501,52,1,train,42,within_Cn_target_quantile_isomer_80_20_seed42,f0414567229604469a4c834cc0887f9210b9c2858c4ae7f76c68b09087064f9d
Fermi_E,main_and_supplementary,Q_+1,3503,52,1,train,42,within_Cn_target_quantile_isomer_80_20_seed42,f0414567229604469a4c834cc0887f9210b9c2858c4ae7f76c68b09087064f9d
Fermi_E,main_and_supplementary,Q_+1,3505,52,1,train,42,within_Cn_target_quantile_isomer_80_20_seed42,f0414567229604469a4c834cc0887f9210b9c2858c4ae7f76c68b09087064f9d
Fermi_E,main_and_supplementary,Q_+1,3506,52,1,train,42,within_Cn_target_quantile_isomer_80_20_seed42,f0414567229604469a4c834cc0887f9210b9c2858c4ae7f76c68b09087064f9d
Fermi_E,main_and_supplementary,Q_+1,3507,52,1,train,42,within_Cn_target_quantile_isomer_80_20_seed42,f0414567229604469a4c834cc0887f9210b9c2858c4ae7f76c68b09087064f9d
Fermi_E,main_and_supplementary,Q_+1,3508,52,1,train,42,within_Cn_target_quantile_isomer_80_20_seed42,f0414567229604469a4c834cc0887f9210b9c2858c4ae7f76c68b09087064f9d
Fermi_E,main_and_supplementary,Q_+1,3509,52,1,train,42,within_Cn_target_quantile_isomer_80_20_seed42,f0414567229604469a4c834cc0887f9210b9c2858c4ae7f76c68b09087064f9d
Fermi_E,main_and_supplementary,Q_+1,3510,52,1,train,42,within_Cn_target_quantile_isomer_80_20_seed42,f0414567229604469a4c834cc0887f9210b9c2858c4ae7f76c68b09087064f9d
Fermi_E,main_and_supplementary,Q_+1,3511,52,1,train,42,within_Cn_target_quantile_isomer_80_20_seed42,f0414567229604469a4c834cc0887f9210b9c2858c4ae7f76c68b09087064f9d
Fermi_E,main_and_supplementary,Q_+1,3512,52,1,train,42,within_Cn_target_quantile_isomer_80_20_seed42,f0414567229604469a4c834cc0887f9210b9c2858c4ae7f76c68b09087064f9d
Fermi_E,main_and_supplementary,Q_+1,3515,52,1,train,42,within_Cn_target_quantile_isomer_80_20_seed42,f0414567229604469a4c834cc0887f9210b9c2858c4ae7f76c68b09087064f9d
Fermi_E,main_and_supplementary,Q_+1,3516,52,1,train,42,within_Cn_target_quantile_isomer_80_20_seed42,f0414567229604469a4c834cc0887f9210b9c2858c4ae7f76c68b09087064f9d
Fermi_E,main_and_supplementary,Q_+1,3517,52,1,train,42,within_Cn_target_quantile_isomer_80_20_seed42,f0414567229604469a4c834cc0887f9210b9c2858c4ae7f76c68b09087064f9d
Fermi_E,main_and_supplementary,Q_+1,3518,52,1,train,42,within_Cn_target_quantile_isomer_80_20_seed42,f0414567229604469a4c834cc0887f9210b9c2858c4ae7f76c68b09087064f9d
Fermi_E,main_and_supplementary,Q_+1,3519,52,1,train,42,within_Cn_target_quantile_isomer_80_20_seed42,f0414567229604469a4c834cc0887f9210b9c2858c4ae7f76c68b09087064f9d
Fermi_E,main_and_supplementary,Q_+1,3520,52,1,train,42,within_Cn_target_quantile_isomer_80_20_seed42,f0414567229604469a4c834cc0887f9210b9c2858c4ae7f76c68b09087064f9d
Fermi_E,main_and_supplementary,Q_+1,3521,52,1,train,42,within_Cn_target_quantile_isomer_80_20_seed42,f0414567229604469a4c834cc0887f9210b9c2858c4ae7f76c68b09087064f9d
Fermi_E,main_and_supplementary,Q_+1,3522,52,1,train,42,within_Cn_target_quantile_isomer_80_20_seed42,f0414567229604469a4c834cc0887f9210b9c2858c4ae7f76c68b09087064f9d
Fermi_E,main_and_supplementary,Q_+1,3523,52,1,train,42,within_Cn_target_quantile_isomer_80_20_seed42,f0414567229604469a4c834cc0887f9210b9c2858c4ae7f76c68b09087064f9d
Fermi_E,main_and_supplementary,Q_+1,3524,52,1,train,42,within_Cn_target_quantile_isomer_80_20_seed42,f0414567229604469a4c834cc0887f9210b9c2858c4ae7f76c68b09087064f9d
Fermi_E,main_and_supplementary,Q_+1,3525,52,1,train,42,within_Cn_target_quantile_isomer_80_20_seed42,f0414567229604469a4c834cc0887f9210b9c2858c4ae7f76c68b09087064f9d
Fermi_E,main_and_supplementary,Q_+1,3526,52,1,train,42,within_Cn_target_quantile_isomer_80_20_seed42,f0414567229604469a4c834cc0887f9210b9c2858c4ae7f76c68b09087064f9d
Fermi_E,main_and_supplementary,Q_+1,3527,52,1,train,42,within_Cn_target_quantile_isomer_80_20_seed42,f0414567229604469a4c834cc0887f9210b9c2858c4ae7f76c68b09087064f9d
Fermi_E,main_and_supplementary,Q_+1,3528,52,1,train,42,within_Cn_target_quantile_isomer_80_20_seed42,f0414567229604469a4c834cc0887f9210b9c2858c4ae7f76c68b09087064f9d
Fermi_E,main_and_supplementary,Q_+1,3529,52,1,train,42,within_Cn_target_quantile_isomer_80_20_seed42,f0414567229604469a4c834cc0887f9210b9c2858c4ae7f76c68b09087064f9d
Fermi_E,main_and_supplementary,Q_+1,3530,52,1,train,42,within_Cn_target_quantile_isomer_80_20_seed42,f0414567229604469a4c834cc0887f9210b9c2858c4ae7f76c68b09087064f9d
Fermi_E,main_and_supplementary,Q_+1,3531,52,1,train,42,within_Cn_target_quantile_isomer_80_20_seed42,f0414567229604469a4c834cc0887f9210b9c2858c4ae7f76c68b09087064f9d
Fermi_E,main_and_supplementary,Q_+1,3532,52,1,train,42,within_Cn_target_quantile_isomer_80_20_seed42,f0414567229604469a4c834cc0887f9210b9c2858c4ae7f76c68b09087064f9d
Fermi_E,main_and_supplementary,Q_+1,3534,52,1,train,42,within_Cn_target_quantile_isomer_80_20_seed42,f0414567229604469a4c834cc0887f9210b9c2858c4ae7f76c68b09087064f9d
Fermi_E,main_and_supplementary,Q_+1,3535,52,1,train,42,within_Cn_target_quantile_isomer_80_20_seed42,f0414567229604469a4c834cc0887f9210b9c2858c4ae7f76c68b09087064f9d
Fermi_E,main_and_supplementary,Q_+1,3536,52,1,train,42,within_Cn_target_quantile_isomer_80_20_seed42,f0414567229604469a4c834cc0887f9210b9c2858c4ae7f76c68b09087064f9d
Fermi_E,main_and_supplementary,Q_+1,3537,52,1,train,42,within_Cn_target_quantile_isomer_80_20_seed42,f0414567229604469a4c834cc0887f9210b9c2858c4ae7f76c68b09087064f9d
Fermi_E,main_and_supplementary,Q_+1,3538,52,1,train,42,within_Cn_target_quantile_isomer_80_20_seed42,f0414567229604469a4c834cc0887f9210b9c2858c4ae7f76c68b09087064f9d
Fermi_E,main_and_supplementary,Q_+1,3540,52,1,train,42,within_Cn_target_quantile_isomer_80_20_seed42,f0414567229604469a4c834cc0887f9210b9c2858c4ae7f76c68b09087064f9d
Fermi_E,main_and_supplementary,Q_+1,3541,52,1,train,42,within_Cn_target_quantile_isomer_80_20_seed42,f0414567229604469a4c834cc0887f9210b9c2858c4ae7f76c68b09087064f9d
Fermi_E,main_and_supplementary,Q_+1,3542,52,1,train,42,within_Cn_target_quantile_isomer_80_20_seed42,f0414567229604469a4c834cc0887f9210b9c2858c4ae7f76c68b09087064f9d
Fermi_E,main_and_supplementary,Q_+1,3544,52,1,train,42,within_Cn_target_quantile_isomer_80_20_seed42,f0414567229604469a4c834cc0887f9210b9c2858c4ae7f76c68b09087064f9d
Fermi_E,main_and_supplementary,Q_+1,3545,52,1,train,42,within_Cn_target_quantile_isomer_80_20_seed42,f0414567229604469a4c834cc0887f9210b9c2858c4ae7f76c68b09087064f9d
Fermi_E,main_and_supplementary,Q_+1,3546,52,1,train,42,within_Cn_target_quantile_isomer_80_20_seed42,f0414567229604469a4c834cc0887f9210b9c2858c4ae7f76c68b09087064f9d
Fermi_E,main_and_supplementary,Q_+1,3547,52,1,train,42,within_Cn_target_quantile_isomer_80_20_seed42,f0414567229604469a4c834cc0887f9210b9c2858c4ae7f76c68b09087064f9d
Fermi_E,main_and_supplementary,Q_+1,3549,52,1,train,42,within_Cn_target_quantile_isomer_80_20_seed42,f0414567229604469a4c834cc0887f9210b9c2858c4ae7f76c68b09087064f9d
Fermi_E,main_and_supplementary,Q_+1,3550,52,1,train,42,within_Cn_target_quantile_isomer_80_20_seed42,f0414567229604469a4c834cc0887f9210b9c2858c4ae7f76c68b09087064f9d
Fermi_E,main_and_supplementary,Q_+1,3551,52,1,train,42,within_Cn_target_quantile_isomer_80_20_seed42,f0414567229604469a4c834cc0887f9210b9c2858c4ae7f76c68b09087064f9d
Fermi_E,main_and_supplementary,Q_+1,3552,52,1,train,42,within_Cn_target_quantile_isomer_80_20_seed42,f0414567229604469a4c834cc0887f9210b9c2858c4ae7f76c68b09087064f9d
Fermi_E,main_and_supplementary,Q_+1,3553,52,1,train,42,within_Cn_target_quantile_isomer_80_20_seed42,f0414567229604469a4c834cc0887f9210b9c2858c4ae7f76c68b09087064f9d
Fermi_E,main_and_supplementary,Q_+1,3555,52,1,train,42,within_Cn_target_quantile_isomer_80_20_seed42,f0414567229604469a4c834cc0887f9210b9c2858c4ae7f76c68b09087064f9d
Fermi_E,main_and_supplementary,Q_+1,3556,52,1,train,42,within_Cn_target_quantile_isomer_80_20_seed42,f0414567229604469a4c834cc0887f9210b9c2858c4ae7f76c68b09087064f9d
Fermi_E,main_and_supplementary,Q_+1,3557,52,1,train,42,within_Cn_target_quantile_isomer_80_20_seed42,f0414567229604469a4c834cc0887f9210b9c2858c4ae7f76c68b09087064f9d
Fermi_E,main_and_supplementary,Q_+1,3558,52,1,train,42,within_Cn_target_quantile_isomer_80_20_seed42,f0414567229604469a4c834cc0887f9210b9c2858c4ae7f76c68b09087064f9d
Fermi_E,main_and_supplementary,Q_+1,3559,52,1,train,42,within_Cn_target_quantile_isomer_80_20_seed42,f0414567229604469a4c834cc0887f9210b9c2858c4ae7f76c68b09087064f9d
Fermi_E,main_and_supplementary,Q_+1,3560,52,1,train,42,within_Cn_target_quantile_isomer_80_20_seed42,f0414567229604469a4c834cc0887f9210b9c2858c4ae7f76c68b09087064f9d
Fermi_E,main_and_supplementary,Q_+1,3562,52,1,train,42,within_Cn_target_quantile_isomer_80_20_seed42,f0414567229604469a4c834cc0887f9210b9c2858c4ae7f76c68b09087064f9d
Fermi_E,main_and_supplementary,Q_+1,3564,52,1,train,42,within_Cn_target_quantile_isomer_80_20_seed42,f0414567229604469a4c834cc0887f9210b9c2858c4ae7f76c68b09087064f9d
Fermi_E,main_and_supplementary,Q_+1,3566,52,1,train,42,within_Cn_target_quantile_isomer_80_20_seed42,f0414567229604469a4c834cc0887f9210b9c2858c4ae7f76c68b09087064f9d
Fermi_E,main_and_supplementary,Q_+1,3567,52,1,train,42,within_Cn_target_quantile_isomer_80_20_seed42,f0414567229604469a4c834cc0887f9210b9c2858c4ae7f76c68b09087064f9d
Fermi_E,main_and_supplementary,Q_+1,3569,52,1,train,42,within_Cn_target_quantile_isomer_80_20_seed42,f0414567229604469a4c834cc0887f9210b9c2858c4ae7f76c68b09087064f9d
Fermi_E,main_and_supplementary,Q_+1,3570,52,1,train,42,within_Cn_target_quantile_isomer_80_20_seed42,f0414567229604469a4c834cc0887f9210b9c2858c4ae7f76c68b09087064f9d
Fermi_E,main_and_supplementary,Q_+1,3571,52,1,train,42,within_Cn_target_quantile_isomer_80_20_seed42,f0414567229604469a4c834cc0887f9210b9c2858c4ae7f76c68b09087064f9d
Fermi_E,main_and_supplementary,Q_+1,3572,52,1,train,42,within_Cn_target_quantile_isomer_80_20_seed42,f0414567229604469a4c834cc0887f9210b9c2858c4ae7f76c68b09087064f9d
Fermi_E,main_and_supplementary,Q_+1,3573,52,1,train,42,within_Cn_target_quantile_isomer_80_20_seed42,f0414567229604469a4c834cc0887f9210b9c2858c4ae7f76c68b09087064f9d
Fermi_E,main_and_supplementary,Q_+1,3574,52,1,train,42,within_Cn_target_quantile_isomer_80_20_seed42,f0414567229604469a4c834cc0887f9210b9c2858c4ae7f76c68b09087064f9d
Fermi_E,main_and_supplementary,Q_+1,3576,52,1,train,42,within_Cn_target_quantile_isomer_80_20_seed42,f0414567229604469a4c834cc0887f9210b9c2858c4ae7f76c68b09087064f9d
Fermi_E,main_and_supplementary,Q_+1,3577,52,1,train,42,within_Cn_target_quantile_isomer_80_20_seed42,f0414567229604469a4c834cc0887f9210b9c2858c4ae7f76c68b09087064f9d
Fermi_E,main_and_supplementary,Q_+1,3578,52,1,train,42,within_Cn_target_quantile_isomer_80_20_seed42,f0414567229604469a4c834cc0887f9210b9c2858c4ae7f76c68b09087064f9d
Fermi_E,main_and_supplementary,Q_+1,3579,52,1,train,42,within_Cn_target_quantile_isomer_80_20_seed42,f0414567229604469a4c834cc0887f9210b9c2858c4ae7f76c68b09087064f9d
Fermi_E,main_and_supplementary,Q_+1,3580,52,1,train,42,within_Cn_target_quantile_isomer_80_20_seed42,f0414567229604469a4c834cc0887f9210b9c2858c4ae7f76c68b09087064f9d
Fermi_E,main_and_supplementary,Q_+1,3581,52,1,train,42,within_Cn_target_quantile_isomer_80_20_seed42,f0414567229604469a4c834cc0887f9210b9c2858c4ae7f76c68b09087064f9d
Fermi_E,main_and_supplementary,Q_+1,3584,52,1,train,42,within_Cn_target_quantile_isomer_80_20_seed42,f0414567229604469a4c834cc0887f9210b9c2858c4ae7f76c68b09087064f9d
Fermi_E,main_and_supplementary,Q_+1,3585,52,1,train,42,within_Cn_target_quantile_isomer_80_20_seed42,f0414567229604469a4c834cc0887f9210b9c2858c4ae7f76c68b09087064f9d
Fermi_E,main_and_supplementary,Q_+1,3587,52,1,train,42,within_Cn_target_quantile_isomer_80_20_seed42,f0414567229604469a4c834cc0887f9210b9c2858c4ae7f76c68b09087064f9d
Fermi_E,main_and_supplementary,Q_+1,3588,52,1,train,42,within_Cn_target_quantile_isomer_80_20_seed42,f0414567229604469a4c834cc0887f9210b9c2858c4ae7f76c68b09087064f9d
Fermi_E,main_and_supplementary,Q_+1,3589,52,1,train,42,within_Cn_target_quantile_isomer_80_20_seed42,f0414567229604469a4c834cc0887f9210b9c2858c4ae7f76c68b09087064f9d
Fermi_E,main_and_supplementary,Q_+1,3590,52,1,train,42,within_Cn_target_quantile_isomer_80_20_seed42,f0414567229604469a4c834cc0887f9210b9c2858c4ae7f76c68b09087064f9d
Fermi_E,main_and_supplementary,Q_+1,3591,52,1,train,42,within_Cn_target_quantile_isomer_80_20_seed42,f0414567229604469a4c834cc0887f9210b9c2858c4ae7f76c68b09087064f9d
Fermi_E,main_and_supplementary,Q_+1,3592,52,1,train,42,within_Cn_target_quantile_isomer_80_20_seed42,f0414567229604469a4c834cc0887f9210b9c2858c4ae7f76c68b09087064f9d
Fermi_E,main_and_supplementary,Q_+1,3593,52,1,train,42,within_Cn_target_quantile_isomer_80_20_seed42,f0414567229604469a4c834cc0887f9210b9c2858c4ae7f76c68b09087064f9d
Fermi_E,main_and_supplementary,Q_+1,3597,52,1,train,42,within_Cn_target_quantile_isomer_80_20_seed42,f0414567229604469a4c834cc0887f9210b9c2858c4ae7f76c68b09087064f9d
Fermi_E,main_and_supplementary,Q_+1,3598,52,1,train,42,within_Cn_target_quantile_isomer_80_20_seed42,f0414567229604469a4c834cc0887f9210b9c2858c4ae7f76c68b09087064f9d
Fermi_E,main_and_supplementary,Q_+1,3599,52,1,train,42,within_Cn_target_quantile_isomer_80_20_seed42,f0414567229604469a4c834cc0887f9210b9c2858c4ae7f76c68b09087064f9d
Fermi_E,main_and_supplementary,Q_+1,3600,52,1,train,42,within_Cn_target_quantile_isomer_80_20_seed42,f0414567229604469a4c834cc0887f9210b9c2858c4ae7f76c68b09087064f9d
Fermi_E,main_and_supplementary,Q_+1,3602,52,1,train,42,within_Cn_target_quantile_isomer_80_20_seed42,f0414567229604469a4c834cc0887f9210b9c2858c4ae7f76c68b09087064f9d
Fermi_E,main_and_supplementary,Q_+1,3605,52,1,train,42,within_Cn_target_quantile_isomer_80_20_seed42,f0414567229604469a4c834cc0887f9210b9c2858c4ae7f76c68b09087064f9d
Fermi_E,main_and_supplementary,Q_+1,3607,52,1,train,42,within_Cn_target_quantile_isomer_80_20_seed42,f0414567229604469a4c834cc0887f9210b9c2858c4ae7f76c68b09087064f9d
Fermi_E,main_and_supplementary,Q_+1,3609,52,1,train,42,within_Cn_target_quantile_isomer_80_20_seed42,f0414567229604469a4c834cc0887f9210b9c2858c4ae7f76c68b09087064f9d
Fermi_E,main_and_supplementary,Q_+1,3612,52,1,train,42,within_Cn_target_quantile_isomer_80_20_seed42,f0414567229604469a4c834cc0887f9210b9c2858c4ae7f76c68b09087064f9d
Fermi_E,main_and_supplementary,Q_+1,3614,52,1,train,42,within_Cn_target_quantile_isomer_80_20_seed42,f0414567229604469a4c834cc0887f9210b9c2858c4ae7f76c68b09087064f9d
Fermi_E,main_and_supplementary,Q_+1,3615,52,1,train,42,within_Cn_target_quantile_isomer_80_20_seed42,f0414567229604469a4c834cc0887f9210b9c2858c4ae7f76c68b09087064f9d
Fermi_E,main_and_supplementary,Q_+1,3616,52,1,train,42,within_Cn_target_quantile_isomer_80_20_seed42,f0414567229604469a4c834cc0887f9210b9c2858c4ae7f76c68b09087064f9d
Fermi_E,main_and_supplementary,Q_+1,3617,52,1,train,42,within_Cn_target_quantile_isomer_80_20_seed42,f0414567229604469a4c834cc0887f9210b9c2858c4ae7f76c68b09087064f9d
Fermi_E,main_and_supplementary,Q_+1,3618,52,1,train,42,within_Cn_target_quantile_isomer_80_20_seed42,f0414567229604469a4c834cc0887f9210b9c2858c4ae7f76c68b09087064f9d
Fermi_E,main_and_supplementary,Q_+1,3619,52,1,train,42,within_Cn_target_quantile_isomer_80_20_seed42,f0414567229604469a4c834cc0887f9210b9c2858c4ae7f76c68b09087064f9d
Fermi_E,main_and_supplementary,Q_+1,3620,52,1,train,42,within_Cn_target_quantile_isomer_80_20_seed42,f0414567229604469a4c834cc0887f9210b9c2858c4ae7f76c68b09087064f9d
Fermi_E,main_and_supplementary,Q_+1,3622,52,1,train,42,within_Cn_target_quantile_isomer_80_20_seed42,f0414567229604469a4c834cc0887f9210b9c2858c4ae7f76c68b09087064f9d
Fermi_E,main_and_supplementary,Q_+1,3623,52,1,train,42,within_Cn_target_quantile_isomer_80_20_seed42,f0414567229604469a4c834cc0887f9210b9c2858c4ae7f76c68b09087064f9d
Fermi_E,main_and_supplementary,Q_+1,3624,52,1,train,42,within_Cn_target_quantile_isomer_80_20_seed42,f0414567229604469a4c834cc0887f9210b9c2858c4ae7f76c68b09087064f9d
Fermi_E,main_and_supplementary,Q_+1,3625,52,1,train,42,within_Cn_target_quantile_isomer_80_20_seed42,f0414567229604469a4c834cc0887f9210b9c2858c4ae7f76c68b09087064f9d
Fermi_E,main_and_supplementary,Q_+1,3626,52,1,train,42,within_Cn_target_quantile_isomer_80_20_seed42,f0414567229604469a4c834cc0887f9210b9c2858c4ae7f76c68b09087064f9d
Fermi_E,main_and_supplementary,Q_+1,3627,52,1,train,42,within_Cn_target_quantile_isomer_80_20_seed42,f0414567229604469a4c834cc0887f9210b9c2858c4ae7f76c68b09087064f9d
Fermi_E,main_and_supplementary,Q_+1,3629,52,1,train,42,within_Cn_target_quantile_isomer_80_20_seed42,f0414567229604469a4c834cc0887f9210b9c2858c4ae7f76c68b09087064f9d
Fermi_E,main_and_supplementary,Q_+1,3630,52,1,train,42,within_Cn_target_quantile_isomer_80_20_seed42,f0414567229604469a4c834cc0887f9210b9c2858c4ae7f76c68b09087064f9d
Fermi_E,main_and_supplementary,Q_+1,3631,52,1,train,42,within_Cn_target_quantile_isomer_80_20_seed42,f0414567229604469a4c834cc0887f9210b9c2858c4ae7f76c68b09087064f9d
Fermi_E,main_and_supplementary,Q_+1,3632,52,1,train,42,within_Cn_target_quantile_isomer_80_20_seed42,f0414567229604469a4c834cc0887f9210b9c2858c4ae7f76c68b09087064f9d
Fermi_E,main_and_supplementary,Q_+1,3633,52,1,train,42,within_Cn_target_quantile_isomer_80_20_seed42,f0414567229604469a4c834cc0887f9210b9c2858c4ae7f76c68b09087064f9d
Fermi_E,main_and_supplementary,Q_+1,3634,52,1,train,42,within_Cn_target_quantile_isomer_80_20_seed42,f0414567229604469a4c834cc0887f9210b9c2858c4ae7f76c68b09087064f9d
Fermi_E,main_and_supplementary,Q_+1,3635,52,1,train,42,within_Cn_target_quantile_isomer_80_20_seed42,f0414567229604469a4c834cc0887f9210b9c2858c4ae7f76c68b09087064f9d
Fermi_E,main_and_supplementary,Q_+1,3636,52,1,train,42,within_Cn_target_quantile_isomer_80_20_seed42,f0414567229604469a4c834cc0887f9210b9c2858c4ae7f76c68b09087064f9d
Fermi_E,main_and_supplementary,Q_+1,3637,52,1,train,42,within_Cn_target_quantile_isomer_80_20_seed42,f0414567229604469a4c834cc0887f9210b9c2858c4ae7f76c68b09087064f9d
Fermi_E,main_and_supplementary,Q_+1,3638,52,1,train,42,within_Cn_target_quantile_isomer_80_20_seed42,f0414567229604469a4c834cc0887f9210b9c2858c4ae7f76c68b09087064f9d
Fermi_E,main_and_supplementary,Q_+1,3639,52,1,train,42,within_Cn_target_quantile_isomer_80_20_seed42,f0414567229604469a4c834cc0887f9210b9c2858c4ae7f76c68b09087064f9d
Fermi_E,main_and_supplementary,Q_+1,3641,52,1,train,42,within_Cn_target_quantile_isomer_80_20_seed42,f0414567229604469a4c834cc0887f9210b9c2858c4ae7f76c68b09087064f9d
Fermi_E,main_and_supplementary,Q_+1,3643,52,1,train,42,within_Cn_target_quantile_isomer_80_20_seed42,f0414567229604469a4c834cc0887f9210b9c2858c4ae7f76c68b09087064f9d
Fermi_E,main_and_supplementary,Q_+1,3644,52,1,train,42,within_Cn_target_quantile_isomer_80_20_seed42,f0414567229604469a4c834cc0887f9210b9c2858c4ae7f76c68b09087064f9d
Fermi_E,main_and_supplementary,Q_+1,3645,52,1,train,42,within_Cn_target_quantile_isomer_80_20_seed42,f0414567229604469a4c834cc0887f9210b9c2858c4ae7f76c68b09087064f9d
Fermi_E,main_and_supplementary,Q_+1,3647,52,1,train,42,within_Cn_target_quantile_isomer_80_20_seed42,f0414567229604469a4c834cc0887f9210b9c2858c4ae7f76c68b09087064f9d
Fermi_E,main_and_supplementary,Q_+1,3648,52,1,train,42,within_Cn_target_quantile_isomer_80_20_seed42,f0414567229604469a4c834cc0887f9210b9c2858c4ae7f76c68b09087064f9d
Fermi_E,main_and_supplementary,Q_+1,3649,52,1,train,42,within_Cn_target_quantile_isomer_80_20_seed42,f0414567229604469a4c834cc0887f9210b9c2858c4ae7f76c68b09087064f9d
Fermi_E,main_and_supplementary,Q_+1,3650,52,1,train,42,within_Cn_target_quantile_isomer_80_20_seed42,f0414567229604469a4c834cc0887f9210b9c2858c4ae7f76c68b09087064f9d
Fermi_E,main_and_supplementary,Q_+1,3652,52,1,train,42,within_Cn_target_quantile_isomer_80_20_seed42,f0414567229604469a4c834cc0887f9210b9c2858c4ae7f76c68b09087064f9d
Fermi_E,main_and_supplementary,Q_+1,3653,52,1,train,42,within_Cn_target_quantile_isomer_80_20_seed42,f0414567229604469a4c834cc0887f9210b9c2858c4ae7f76c68b09087064f9d
Fermi_E,main_and_supplementary,Q_+1,3654,52,1,train,42,within_Cn_target_quantile_isomer_80_20_seed42,f0414567229604469a4c834cc0887f9210b9c2858c4ae7f76c68b09087064f9d
Fermi_E,main_and_supplementary,Q_+1,3656,52,1,train,42,within_Cn_target_quantile_isomer_80_20_seed42,f0414567229604469a4c834cc0887f9210b9c2858c4ae7f76c68b09087064f9d
Fermi_E,main_and_supplementary,Q_+1,3657,52,1,train,42,within_Cn_target_quantile_isomer_80_20_seed42,f0414567229604469a4c834cc0887f9210b9c2858c4ae7f76c68b09087064f9d
Fermi_E,main_and_supplementary,Q_+1,3658,52,1,train,42,within_Cn_target_quantile_isomer_80_20_seed42,f0414567229604469a4c834cc0887f9210b9c2858c4ae7f76c68b09087064f9d
Fermi_E,main_and_supplementary,Q_+1,3659,52,1,train,42,within_Cn_target_quantile_isomer_80_20_seed42,f0414567229604469a4c834cc0887f9210b9c2858c4ae7f76c68b09087064f9d
Fermi_E,main_and_supplementary,Q_+1,3660,52,1,train,42,within_Cn_target_quantile_isomer_80_20_seed42,f0414567229604469a4c834cc0887f9210b9c2858c4ae7f76c68b09087064f9d
Fermi_E,main_and_supplementary,Q_+1,3663,52,1,train,42,within_Cn_target_quantile_isomer_80_20_seed42,f0414567229604469a4c834cc0887f9210b9c2858c4ae7f76c68b09087064f9d
Fermi_E,main_and_supplementary,Q_+1,3664,52,1,train,42,within_Cn_target_quantile_isomer_80_20_seed42,f0414567229604469a4c834cc0887f9210b9c2858c4ae7f76c68b09087064f9d
Fermi_E,main_and_supplementary,Q_+1,3665,52,1,train,42,within_Cn_target_quantile_isomer_80_20_seed42,f0414567229604469a4c834cc0887f9210b9c2858c4ae7f76c68b09087064f9d
Fermi_E,main_and_supplementary,Q_+1,3666,52,1,train,42,within_Cn_target_quantile_isomer_80_20_seed42,f0414567229604469a4c834cc0887f9210b9c2858c4ae7f76c68b09087064f9d
Fermi_E,main_and_supplementary,Q_+1,3668,52,1,train,42,within_Cn_target_quantile_isomer_80_20_seed42,f0414567229604469a4c834cc0887f9210b9c2858c4ae7f76c68b09087064f9d
Fermi_E,main_and_supplementary,Q_+1,3669,52,1,train,42,within_Cn_target_quantile_isomer_80_20_seed42,f0414567229604469a4c834cc0887f9210b9c2858c4ae7f76c68b09087064f9d
Fermi_E,main_and_supplementary,Q_+1,3671,52,1,train,42,within_Cn_target_quantile_isomer_80_20_seed42,f0414567229604469a4c834cc0887f9210b9c2858c4ae7f76c68b09087064f9d
Fermi_E,main_and_supplementary,Q_+1,3672,52,1,train,42,within_Cn_target_quantile_isomer_80_20_seed42,f0414567229604469a4c834cc0887f9210b9c2858c4ae7f76c68b09087064f9d
Fermi_E,main_and_supplementary,Q_+1,3674,52,1,train,42,within_Cn_target_quantile_isomer_80_20_seed42,f0414567229604469a4c834cc0887f9210b9c2858c4ae7f76c68b09087064f9d
Fermi_E,main_and_supplementary,Q_+1,3675,52,1,train,42,within_Cn_target_quantile_isomer_80_20_seed42,f0414567229604469a4c834cc0887f9210b9c2858c4ae7f76c68b09087064f9d
Fermi_E,main_and_supplementary,Q_+1,3676,52,1,train,42,within_Cn_target_quantile_isomer_80_20_seed42,f0414567229604469a4c834cc0887f9210b9c2858c4ae7f76c68b09087064f9d
Fermi_E,main_and_supplementary,Q_+1,3677,52,1,train,42,within_Cn_target_quantile_isomer_80_20_seed42,f0414567229604469a4c834cc0887f9210b9c2858c4ae7f76c68b09087064f9d
Fermi_E,main_and_supplementary,Q_+1,3678,52,1,train,42,within_Cn_target_quantile_isomer_80_20_seed42,f0414567229604469a4c834cc0887f9210b9c2858c4ae7f76c68b09087064f9d
Fermi_E,main_and_supplementary,Q_+1,3679,52,1,train,42,within_Cn_target_quantile_isomer_80_20_seed42,f0414567229604469a4c834cc0887f9210b9c2858c4ae7f76c68b09087064f9d
Fermi_E,main_and_supplementary,Q_+1,3680,52,1,train,42,within_Cn_target_quantile_isomer_80_20_seed42,f0414567229604469a4c834cc0887f9210b9c2858c4ae7f76c68b09087064f9d
Fermi_E,main_and_supplementary,Q_+1,3681,52,1,train,42,within_Cn_target_quantile_isomer_80_20_seed42,f0414567229604469a4c834cc0887f9210b9c2858c4ae7f76c68b09087064f9d
Fermi_E,main_and_supplementary,Q_+1,3683,52,1,train,42,within_Cn_target_quantile_isomer_80_20_seed42,f0414567229604469a4c834cc0887f9210b9c2858c4ae7f76c68b09087064f9d
Fermi_E,main_and_supplementary,Q_+1,3684,52,1,train,42,within_Cn_target_quantile_isomer_80_20_seed42,f0414567229604469a4c834cc0887f9210b9c2858c4ae7f76c68b09087064f9d
Fermi_E,main_and_supplementary,Q_+1,3685,52,1,train,42,within_Cn_target_quantile_isomer_80_20_seed42,f0414567229604469a4c834cc0887f9210b9c2858c4ae7f76c68b09087064f9d
Fermi_E,main_and_supplementary,Q_+1,3686,52,1,train,42,within_Cn_target_quantile_isomer_80_20_seed42,f0414567229604469a4c834cc0887f9210b9c2858c4ae7f76c68b09087064f9d
Fermi_E,main_and_supplementary,Q_+1,3687,52,1,train,42,within_Cn_target_quantile_isomer_80_20_seed42,f0414567229604469a4c834cc0887f9210b9c2858c4ae7f76c68b09087064f9d
Fermi_E,main_and_supplementary,Q_+1,3688,52,1,train,42,within_Cn_target_quantile_isomer_80_20_seed42,f0414567229604469a4c834cc0887f9210b9c2858c4ae7f76c68b09087064f9d
Fermi_E,main_and_supplementary,Q_+1,3689,52,1,train,42,within_Cn_target_quantile_isomer_80_20_seed42,f0414567229604469a4c834cc0887f9210b9c2858c4ae7f76c68b09087064f9d
Fermi_E,main_and_supplementary,Q_+1,3690,52,1,train,42,within_Cn_target_quantile_isomer_80_20_seed42,f0414567229604469a4c834cc0887f9210b9c2858c4ae7f76c68b09087064f9d
Fermi_E,main_and_supplementary,Q_+1,3692,52,1,train,42,within_Cn_target_quantile_isomer_80_20_seed42,f0414567229604469a4c834cc0887f9210b9c2858c4ae7f76c68b09087064f9d
Fermi_E,main_and_supplementary,Q_+1,3693,52,1,train,42,within_Cn_target_quantile_isomer_80_20_seed42,f0414567229604469a4c834cc0887f9210b9c2858c4ae7f76c68b09087064f9d
Fermi_E,main_and_supplementary,Q_+1,3694,52,1,train,42,within_Cn_target_quantile_isomer_80_20_seed42,f0414567229604469a4c834cc0887f9210b9c2858c4ae7f76c68b09087064f9d
Fermi_E,main_and_supplementary,Q_+1,3695,52,1,train,42,within_Cn_target_quantile_isomer_80_20_seed42,f0414567229604469a4c834cc0887f9210b9c2858c4ae7f76c68b09087064f9d
Fermi_E,main_and_supplementary,Q_+1,3696,52,1,train,42,within_Cn_target_quantile_isomer_80_20_seed42,f0414567229604469a4c834cc0887f9210b9c2858c4ae7f76c68b09087064f9d
Fermi_E,main_and_supplementary,Q_+1,3698,52,1,train,42,within_Cn_target_quantile_isomer_80_20_seed42,f0414567229604469a4c834cc0887f9210b9c2858c4ae7f76c68b09087064f9d
Fermi_E,main_and_supplementary,Q_+1,3702,52,1,train,42,within_Cn_target_quantile_isomer_80_20_seed42,f0414567229604469a4c834cc0887f9210b9c2858c4ae7f76c68b09087064f9d
Fermi_E,main_and_supplementary,Q_+1,3703,52,1,train,42,within_Cn_target_quantile_isomer_80_20_seed42,f0414567229604469a4c834cc0887f9210b9c2858c4ae7f76c68b09087064f9d
Fermi_E,main_and_supplementary,Q_+1,3704,52,1,train,42,within_Cn_target_quantile_isomer_80_20_seed42,f0414567229604469a4c834cc0887f9210b9c2858c4ae7f76c68b09087064f9d
Fermi_E,main_and_supplementary,Q_+1,3705,52,1,train,42,within_Cn_target_quantile_isomer_80_20_seed42,f0414567229604469a4c834cc0887f9210b9c2858c4ae7f76c68b09087064f9d
Fermi_E,main_and_supplementary,Q_+1,3706,52,1,train,42,within_Cn_target_quantile_isomer_80_20_seed42,f0414567229604469a4c834cc0887f9210b9c2858c4ae7f76c68b09087064f9d
Fermi_E,main_and_supplementary,Q_+1,3707,52,1,train,42,within_Cn_target_quantile_isomer_80_20_seed42,f0414567229604469a4c834cc0887f9210b9c2858c4ae7f76c68b09087064f9d
Fermi_E,main_and_supplementary,Q_+1,3711,52,1,train,42,within_Cn_target_quantile_isomer_80_20_seed42,f0414567229604469a4c834cc0887f9210b9c2858c4ae7f76c68b09087064f9d
Fermi_E,main_and_supplementary,Q_+1,3713,52,1,train,42,within_Cn_target_quantile_isomer_80_20_seed42,f0414567229604469a4c834cc0887f9210b9c2858c4ae7f76c68b09087064f9d
Fermi_E,main_and_supplementary,Q_+1,3714,52,1,train,42,within_Cn_target_quantile_isomer_80_20_seed42,f0414567229604469a4c834cc0887f9210b9c2858c4ae7f76c68b09087064f9d
Fermi_E,main_and_supplementary,Q_+1,3716,52,1,train,42,within_Cn_target_quantile_isomer_80_20_seed42,f0414567229604469a4c834cc0887f9210b9c2858c4ae7f76c68b09087064f9d
Fermi_E,main_and_supplementary,Q_+1,3717,52,1,train,42,within_Cn_target_quantile_isomer_80_20_seed42,f0414567229604469a4c834cc0887f9210b9c2858c4ae7f76c68b09087064f9d
Fermi_E,main_and_supplementary,Q_+1,3718,52,1,train,42,within_Cn_target_quantile_isomer_80_20_seed42,f0414567229604469a4c834cc0887f9210b9c2858c4ae7f76c68b09087064f9d
Fermi_E,main_and_supplementary,Q_+1,3719,52,1,train,42,within_Cn_target_quantile_isomer_80_20_seed42,f0414567229604469a4c834cc0887f9210b9c2858c4ae7f76c68b09087064f9d
Fermi_E,main_and_supplementary,Q_+1,3720,52,1,train,42,within_Cn_target_quantile_isomer_80_20_seed42,f0414567229604469a4c834cc0887f9210b9c2858c4ae7f76c68b09087064f9d
Fermi_E,main_and_supplementary,Q_+1,3721,52,1,train,42,within_Cn_target_quantile_isomer_80_20_seed42,f0414567229604469a4c834cc0887f9210b9c2858c4ae7f76c68b09087064f9d
Fermi_E,main_and_supplementary,Q_+1,3723,52,1,train,42,within_Cn_target_quantile_isomer_80_20_seed42,f0414567229604469a4c834cc0887f9210b9c2858c4ae7f76c68b09087064f9d
Fermi_E,main_and_supplementary,Q_+1,3724,52,1,train,42,within_Cn_target_quantile_isomer_80_20_seed42,f0414567229604469a4c834cc0887f9210b9c2858c4ae7f76c68b09087064f9d
Fermi_E,main_and_supplementary,Q_+1,3725,52,1,train,42,within_Cn_target_quantile_isomer_80_20_seed42,f0414567229604469a4c834cc0887f9210b9c2858c4ae7f76c68b09087064f9d
Fermi_E,main_and_supplementary,Q_+1,3728,52,1,train,42,within_Cn_target_quantile_isomer_80_20_seed42,f0414567229604469a4c834cc0887f9210b9c2858c4ae7f76c68b09087064f9d
Fermi_E,main_and_supplementary,Q_+1,3730,52,1,train,42,within_Cn_target_quantile_isomer_80_20_seed42,f0414567229604469a4c834cc0887f9210b9c2858c4ae7f76c68b09087064f9d
Fermi_E,main_and_supplementary,Q_+1,3731,52,1,train,42,within_Cn_target_quantile_isomer_80_20_seed42,f0414567229604469a4c834cc0887f9210b9c2858c4ae7f76c68b09087064f9d
Fermi_E,main_and_supplementary,Q_+1,3733,52,1,train,42,within_Cn_target_quantile_isomer_80_20_seed42,f0414567229604469a4c834cc0887f9210b9c2858c4ae7f76c68b09087064f9d
Fermi_E,main_and_supplementary,Q_+1,3734,52,1,train,42,within_Cn_target_quantile_isomer_80_20_seed42,f0414567229604469a4c834cc0887f9210b9c2858c4ae7f76c68b09087064f9d
Fermi_E,main_and_supplementary,Q_+1,3736,52,1,train,42,within_Cn_target_quantile_isomer_80_20_seed42,f0414567229604469a4c834cc0887f9210b9c2858c4ae7f76c68b09087064f9d
Fermi_E,main_and_supplementary,Q_+1,3737,60,1,train,42,within_Cn_target_quantile_isomer_80_20_seed42,f0414567229604469a4c834cc0887f9210b9c2858c4ae7f76c68b09087064f9d
Fermi_E,main_and_supplementary,Q_+1,3738,70,1,train,42,within_Cn_target_quantile_isomer_80_20_seed42,f0414567229604469a4c834cc0887f9210b9c2858c4ae7f76c68b09087064f9d
Fermi_E,main_and_supplementary,Q_+1,3739,72,1,train,42,within_Cn_target_quantile_isomer_80_20_seed42,f0414567229604469a4c834cc0887f9210b9c2858c4ae7f76c68b09087064f9d
Fermi_E,main_and_supplementary,Q_+1,3740,74,1,train,42,within_Cn_target_quantile_isomer_80_20_seed42,f0414567229604469a4c834cc0887f9210b9c2858c4ae7f76c68b09087064f9d
Fermi_E,main_and_supplementary,Q_+1,3742,76,1,train,42,within_Cn_target_quantile_isomer_80_20_seed42,f0414567229604469a4c834cc0887f9210b9c2858c4ae7f76c68b09087064f9d
Fermi_E,main_and_supplementary,Q_+1,3743,78,1,train,42,within_Cn_target_quantile_isomer_80_20_seed42,f0414567229604469a4c834cc0887f9210b9c2858c4ae7f76c68b09087064f9d
Fermi_E,main_and_supplementary,Q_+1,3745,78,1,train,42,within_Cn_target_quantile_isomer_80_20_seed42,f0414567229604469a4c834cc0887f9210b9c2858c4ae7f76c68b09087064f9d
Fermi_E,main_and_supplementary,Q_+1,3746,78,1,train,42,within_Cn_target_quantile_isomer_80_20_seed42,f0414567229604469a4c834cc0887f9210b9c2858c4ae7f76c68b09087064f9d
Fermi_E,main_and_supplementary,Q_+1,3749,80,1,train,42,within_Cn_target_quantile_isomer_80_20_seed42,f0414567229604469a4c834cc0887f9210b9c2858c4ae7f76c68b09087064f9d
Fermi_E,main_and_supplementary,Q_+1,3751,80,1,train,42,within_Cn_target_quantile_isomer_80_20_seed42,f0414567229604469a4c834cc0887f9210b9c2858c4ae7f76c68b09087064f9d
Fermi_E,main_and_supplementary,Q_+1,3753,80,1,train,42,within_Cn_target_quantile_isomer_80_20_seed42,f0414567229604469a4c834cc0887f9210b9c2858c4ae7f76c68b09087064f9d
Fermi_E,main_and_supplementary,Q_+1,3754,82,1,train,42,within_Cn_target_quantile_isomer_80_20_seed42,f0414567229604469a4c834cc0887f9210b9c2858c4ae7f76c68b09087064f9d
Fermi_E,main_and_supplementary,Q_+1,3755,82,1,train,42,within_Cn_target_quantile_isomer_80_20_seed42,f0414567229604469a4c834cc0887f9210b9c2858c4ae7f76c68b09087064f9d
Fermi_E,main_and_supplementary,Q_+1,3756,82,1,train,42,within_Cn_target_quantile_isomer_80_20_seed42,f0414567229604469a4c834cc0887f9210b9c2858c4ae7f76c68b09087064f9d
Fermi_E,main_and_supplementary,Q_+1,3760,82,1,train,42,within_Cn_target_quantile_isomer_80_20_seed42,f0414567229604469a4c834cc0887f9210b9c2858c4ae7f76c68b09087064f9d
Fermi_E,main_and_supplementary,Q_+1,3762,82,1,train,42,within_Cn_target_quantile_isomer_80_20_seed42,f0414567229604469a4c834cc0887f9210b9c2858c4ae7f76c68b09087064f9d
Fermi_E,main_and_supplementary,Q_+1,3763,84,1,train,42,within_Cn_target_quantile_isomer_80_20_seed42,f0414567229604469a4c834cc0887f9210b9c2858c4ae7f76c68b09087064f9d
Fermi_E,main_and_supplementary,Q_+1,3765,84,1,train,42,within_Cn_target_quantile_isomer_80_20_seed42,f0414567229604469a4c834cc0887f9210b9c2858c4ae7f76c68b09087064f9d
Fermi_E,main_and_supplementary,Q_+1,3766,84,1,train,42,within_Cn_target_quantile_isomer_80_20_seed42,f0414567229604469a4c834cc0887f9210b9c2858c4ae7f76c68b09087064f9d
Fermi_E,main_and_supplementary,Q_+1,3768,84,1,train,42,within_Cn_target_quantile_isomer_80_20_seed42,f0414567229604469a4c834cc0887f9210b9c2858c4ae7f76c68b09087064f9d
Fermi_E,main_and_supplementary,Q_+1,3769,84,1,train,42,within_Cn_target_quantile_isomer_80_20_seed42,f0414567229604469a4c834cc0887f9210b9c2858c4ae7f76c68b09087064f9d
Fermi_E,main_and_supplementary,Q_+1,3771,84,1,train,42,within_Cn_target_quantile_isomer_80_20_seed42,f0414567229604469a4c834cc0887f9210b9c2858c4ae7f76c68b09087064f9d
Fermi_E,main_and_supplementary,Q_+1,3773,84,1,train,42,within_Cn_target_quantile_isomer_80_20_seed42,f0414567229604469a4c834cc0887f9210b9c2858c4ae7f76c68b09087064f9d
Fermi_E,main_and_supplementary,Q_+1,3774,84,1,train,42,within_Cn_target_quantile_isomer_80_20_seed42,f0414567229604469a4c834cc0887f9210b9c2858c4ae7f76c68b09087064f9d
Fermi_E,main_and_supplementary,Q_+1,3775,84,1,train,42,within_Cn_target_quantile_isomer_80_20_seed42,f0414567229604469a4c834cc0887f9210b9c2858c4ae7f76c68b09087064f9d
Fermi_E,main_and_supplementary,Q_+1,3776,84,1,train,42,within_Cn_target_quantile_isomer_80_20_seed42,f0414567229604469a4c834cc0887f9210b9c2858c4ae7f76c68b09087064f9d
Fermi_E,main_and_supplementary,Q_+1,3777,84,1,train,42,within_Cn_target_quantile_isomer_80_20_seed42,f0414567229604469a4c834cc0887f9210b9c2858c4ae7f76c68b09087064f9d
Fermi_E,main_and_supplementary,Q_+1,3778,84,1,train,42,within_Cn_target_quantile_isomer_80_20_seed42,f0414567229604469a4c834cc0887f9210b9c2858c4ae7f76c68b09087064f9d
Fermi_E,main_and_supplementary,Q_+1,3779,84,1,train,42,within_Cn_target_quantile_isomer_80_20_seed42,f0414567229604469a4c834cc0887f9210b9c2858c4ae7f76c68b09087064f9d
Fermi_E,main_and_supplementary,Q_+1,3781,84,1,train,42,within_Cn_target_quantile_isomer_80_20_seed42,f0414567229604469a4c834cc0887f9210b9c2858c4ae7f76c68b09087064f9d
Fermi_E,main_and_supplementary,Q_+1,3782,84,1,train,42,within_Cn_target_quantile_isomer_80_20_seed42,f0414567229604469a4c834cc0887f9210b9c2858c4ae7f76c68b09087064f9d
Fermi_E,main_and_supplementary,Q_+1,3783,84,1,train,42,within_Cn_target_quantile_isomer_80_20_seed42,f0414567229604469a4c834cc0887f9210b9c2858c4ae7f76c68b09087064f9d
Fermi_E,main_and_supplementary,Q_+1,3784,84,1,train,42,within_Cn_target_quantile_isomer_80_20_seed42,f0414567229604469a4c834cc0887f9210b9c2858c4ae7f76c68b09087064f9d
Fermi_E,main_and_supplementary,Q_+1,3785,84,1,train,42,within_Cn_target_quantile_isomer_80_20_seed42,f0414567229604469a4c834cc0887f9210b9c2858c4ae7f76c68b09087064f9d
Fermi_E,main_and_supplementary,Q_+1,3786,84,1,train,42,within_Cn_target_quantile_isomer_80_20_seed42,f0414567229604469a4c834cc0887f9210b9c2858c4ae7f76c68b09087064f9d
Fermi_E,main_and_supplementary,Q_+1,3787,86,1,train,42,within_Cn_target_quantile_isomer_80_20_seed42,f0414567229604469a4c834cc0887f9210b9c2858c4ae7f76c68b09087064f9d
Fermi_E,main_and_supplementary,Q_+1,3788,86,1,train,42,within_Cn_target_quantile_isomer_80_20_seed42,f0414567229604469a4c834cc0887f9210b9c2858c4ae7f76c68b09087064f9d
Fermi_E,main_and_supplementary,Q_+1,3789,86,1,train,42,within_Cn_target_quantile_isomer_80_20_seed42,f0414567229604469a4c834cc0887f9210b9c2858c4ae7f76c68b09087064f9d
Fermi_E,main_and_supplementary,Q_+1,3790,86,1,train,42,within_Cn_target_quantile_isomer_80_20_seed42,f0414567229604469a4c834cc0887f9210b9c2858c4ae7f76c68b09087064f9d
Fermi_E,main_and_supplementary,Q_+1,3791,86,1,train,42,within_Cn_target_quantile_isomer_80_20_seed42,f0414567229604469a4c834cc0887f9210b9c2858c4ae7f76c68b09087064f9d
Fermi_E,main_and_supplementary,Q_+1,3793,86,1,train,42,within_Cn_target_quantile_isomer_80_20_seed42,f0414567229604469a4c834cc0887f9210b9c2858c4ae7f76c68b09087064f9d
Fermi_E,main_and_supplementary,Q_+1,3795,86,1,train,42,within_Cn_target_quantile_isomer_80_20_seed42,f0414567229604469a4c834cc0887f9210b9c2858c4ae7f76c68b09087064f9d
Fermi_E,main_and_supplementary,Q_+1,3796,86,1,train,42,within_Cn_target_quantile_isomer_80_20_seed42,f0414567229604469a4c834cc0887f9210b9c2858c4ae7f76c68b09087064f9d
Fermi_E,main_and_supplementary,Q_+1,3798,86,1,train,42,within_Cn_target_quantile_isomer_80_20_seed42,f0414567229604469a4c834cc0887f9210b9c2858c4ae7f76c68b09087064f9d
Fermi_E,main_and_supplementary,Q_+1,3799,86,1,train,42,within_Cn_target_quantile_isomer_80_20_seed42,f0414567229604469a4c834cc0887f9210b9c2858c4ae7f76c68b09087064f9d
Fermi_E,main_and_supplementary,Q_+1,3800,86,1,train,42,within_Cn_target_quantile_isomer_80_20_seed42,f0414567229604469a4c834cc0887f9210b9c2858c4ae7f76c68b09087064f9d
Fermi_E,main_and_supplementary,Q_+1,3802,86,1,train,42,within_Cn_target_quantile_isomer_80_20_seed42,f0414567229604469a4c834cc0887f9210b9c2858c4ae7f76c68b09087064f9d
Fermi_E,main_and_supplementary,Q_+1,3803,86,1,train,42,within_Cn_target_quantile_isomer_80_20_seed42,f0414567229604469a4c834cc0887f9210b9c2858c4ae7f76c68b09087064f9d
Fermi_E,main_and_supplementary,Q_+1,3804,86,1,train,42,within_Cn_target_quantile_isomer_80_20_seed42,f0414567229604469a4c834cc0887f9210b9c2858c4ae7f76c68b09087064f9d
Fermi_E,main_and_supplementary,Q_+1,3806,90,1,train,42,within_Cn_target_quantile_isomer_80_20_seed42,f0414567229604469a4c834cc0887f9210b9c2858c4ae7f76c68b09087064f9d
Fermi_E,main_and_supplementary,Q_+1,3807,90,1,train,42,within_Cn_target_quantile_isomer_80_20_seed42,f0414567229604469a4c834cc0887f9210b9c2858c4ae7f76c68b09087064f9d
Fermi_E,main_and_supplementary,Q_+1,3809,90,1,train,42,within_Cn_target_quantile_isomer_80_20_seed42,f0414567229604469a4c834cc0887f9210b9c2858c4ae7f76c68b09087064f9d
Fermi_E,main_and_supplementary,Q_+1,3810,90,1,train,42,within_Cn_target_quantile_isomer_80_20_seed42,f0414567229604469a4c834cc0887f9210b9c2858c4ae7f76c68b09087064f9d
Fermi_E,main_and_supplementary,Q_+1,3811,90,1,train,42,within_Cn_target_quantile_isomer_80_20_seed42,f0414567229604469a4c834cc0887f9210b9c2858c4ae7f76c68b09087064f9d
Fermi_E,main_and_supplementary,Q_+1,3812,90,1,train,42,within_Cn_target_quantile_isomer_80_20_seed42,f0414567229604469a4c834cc0887f9210b9c2858c4ae7f76c68b09087064f9d
Fermi_E,main_and_supplementary,Q_+1,3813,90,1,train,42,within_Cn_target_quantile_isomer_80_20_seed42,f0414567229604469a4c834cc0887f9210b9c2858c4ae7f76c68b09087064f9d
Fermi_E,main_and_supplementary,Q_+1,3814,90,1,train,42,within_Cn_target_quantile_isomer_80_20_seed42,f0414567229604469a4c834cc0887f9210b9c2858c4ae7f76c68b09087064f9d
Fermi_E,main_and_supplementary,Q_+1,3815,90,1,train,42,within_Cn_target_quantile_isomer_80_20_seed42,f0414567229604469a4c834cc0887f9210b9c2858c4ae7f76c68b09087064f9d
Fermi_E,main_and_supplementary,Q_+1,3816,90,1,train,42,within_Cn_target_quantile_isomer_80_20_seed42,f0414567229604469a4c834cc0887f9210b9c2858c4ae7f76c68b09087064f9d
Fermi_E,main_and_supplementary,Q_+1,3817,90,1,train,42,within_Cn_target_quantile_isomer_80_20_seed42,f0414567229604469a4c834cc0887f9210b9c2858c4ae7f76c68b09087064f9d
Fermi_E,main_and_supplementary,Q_+1,3818,90,1,train,42,within_Cn_target_quantile_isomer_80_20_seed42,f0414567229604469a4c834cc0887f9210b9c2858c4ae7f76c68b09087064f9d
Fermi_E,main_and_supplementary,Q_+1,3820,90,1,train,42,within_Cn_target_quantile_isomer_80_20_seed42,f0414567229604469a4c834cc0887f9210b9c2858c4ae7f76c68b09087064f9d
Fermi_E,main_and_supplementary,Q_+1,3823,90,1,train,42,within_Cn_target_quantile_isomer_80_20_seed42,f0414567229604469a4c834cc0887f9210b9c2858c4ae7f76c68b09087064f9d
Fermi_E,main_and_supplementary,Q_+1,3824,90,1,train,42,within_Cn_target_quantile_isomer_80_20_seed42,f0414567229604469a4c834cc0887f9210b9c2858c4ae7f76c68b09087064f9d
Fermi_E,main_and_supplementary,Q_+1,3825,90,1,train,42,within_Cn_target_quantile_isomer_80_20_seed42,f0414567229604469a4c834cc0887f9210b9c2858c4ae7f76c68b09087064f9d
Fermi_E,main_and_supplementary,Q_+1,3826,90,1,train,42,within_Cn_target_quantile_isomer_80_20_seed42,f0414567229604469a4c834cc0887f9210b9c2858c4ae7f76c68b09087064f9d
Fermi_E,main_and_supplementary,Q_+1,3827,90,1,train,42,within_Cn_target_quantile_isomer_80_20_seed42,f0414567229604469a4c834cc0887f9210b9c2858c4ae7f76c68b09087064f9d
Fermi_E,main_and_supplementary,Q_+1,3828,90,1,train,42,within_Cn_target_quantile_isomer_80_20_seed42,f0414567229604469a4c834cc0887f9210b9c2858c4ae7f76c68b09087064f9d
Fermi_E,main_and_supplementary,Q_+1,3830,90,1,train,42,within_Cn_target_quantile_isomer_80_20_seed42,f0414567229604469a4c834cc0887f9210b9c2858c4ae7f76c68b09087064f9d
Fermi_E,main_and_supplementary,Q_+1,3832,90,1,train,42,within_Cn_target_quantile_isomer_80_20_seed42,f0414567229604469a4c834cc0887f9210b9c2858c4ae7f76c68b09087064f9d
Fermi_E,main_and_supplementary,Q_+1,3833,90,1,train,42,within_Cn_target_quantile_isomer_80_20_seed42,f0414567229604469a4c834cc0887f9210b9c2858c4ae7f76c68b09087064f9d
Fermi_E,main_and_supplementary,Q_+1,3835,90,1,train,42,within_Cn_target_quantile_isomer_80_20_seed42,f0414567229604469a4c834cc0887f9210b9c2858c4ae7f76c68b09087064f9d
Fermi_E,main_and_supplementary,Q_+1,3836,90,1,train,42,within_Cn_target_quantile_isomer_80_20_seed42,f0414567229604469a4c834cc0887f9210b9c2858c4ae7f76c68b09087064f9d
Fermi_E,main_and_supplementary,Q_+1,3837,90,1,train,42,within_Cn_target_quantile_isomer_80_20_seed42,f0414567229604469a4c834cc0887f9210b9c2858c4ae7f76c68b09087064f9d
Fermi_E,main_and_supplementary,Q_+1,3838,90,1,train,42,within_Cn_target_quantile_isomer_80_20_seed42,f0414567229604469a4c834cc0887f9210b9c2858c4ae7f76c68b09087064f9d
Fermi_E,main_and_supplementary,Q_+1,3839,90,1,train,42,within_Cn_target_quantile_isomer_80_20_seed42,f0414567229604469a4c834cc0887f9210b9c2858c4ae7f76c68b09087064f9d
Fermi_E,main_and_supplementary,Q_+1,3842,90,1,train,42,within_Cn_target_quantile_isomer_80_20_seed42,f0414567229604469a4c834cc0887f9210b9c2858c4ae7f76c68b09087064f9d
Fermi_E,main_and_supplementary,Q_+1,3843,90,1,train,42,within_Cn_target_quantile_isomer_80_20_seed42,f0414567229604469a4c834cc0887f9210b9c2858c4ae7f76c68b09087064f9d
Fermi_E,main_and_supplementary,Q_+1,3845,90,1,train,42,within_Cn_target_quantile_isomer_80_20_seed42,f0414567229604469a4c834cc0887f9210b9c2858c4ae7f76c68b09087064f9d
Fermi_E,main_and_supplementary,Q_+1,3846,90,1,train,42,within_Cn_target_quantile_isomer_80_20_seed42,f0414567229604469a4c834cc0887f9210b9c2858c4ae7f76c68b09087064f9d
Fermi_E,main_and_supplementary,Q_+1,3847,90,1,train,42,within_Cn_target_quantile_isomer_80_20_seed42,f0414567229604469a4c834cc0887f9210b9c2858c4ae7f76c68b09087064f9d
Fermi_E,main_and_supplementary,Q_+1,3848,90,1,train,42,within_Cn_target_quantile_isomer_80_20_seed42,f0414567229604469a4c834cc0887f9210b9c2858c4ae7f76c68b09087064f9d
Fermi_E,main_and_supplementary,Q_+1,3849,90,1,train,42,within_Cn_target_quantile_isomer_80_20_seed42,f0414567229604469a4c834cc0887f9210b9c2858c4ae7f76c68b09087064f9d
Fermi_E,main_and_supplementary,Q_+1,3850,90,1,train,42,within_Cn_target_quantile_isomer_80_20_seed42,f0414567229604469a4c834cc0887f9210b9c2858c4ae7f76c68b09087064f9d
Fermi_E,main_and_supplementary,Q_+1,3851,90,1,train,42,within_Cn_target_quantile_isomer_80_20_seed42,f0414567229604469a4c834cc0887f9210b9c2858c4ae7f76c68b09087064f9d
Fermi_E,main_and_supplementary,Q_+1,3852,92,1,train,42,within_Cn_target_quantile_isomer_80_20_seed42,f0414567229604469a4c834cc0887f9210b9c2858c4ae7f76c68b09087064f9d
Fermi_E,main_and_supplementary,Q_+1,3853,92,1,train,42,within_Cn_target_quantile_isomer_80_20_seed42,f0414567229604469a4c834cc0887f9210b9c2858c4ae7f76c68b09087064f9d
Fermi_E,main_and_supplementary,Q_+1,3854,92,1,train,42,within_Cn_target_quantile_isomer_80_20_seed42,f0414567229604469a4c834cc0887f9210b9c2858c4ae7f76c68b09087064f9d
Fermi_E,main_and_supplementary,Q_+1,3855,92,1,train,42,within_Cn_target_quantile_isomer_80_20_seed42,f0414567229604469a4c834cc0887f9210b9c2858c4ae7f76c68b09087064f9d
Fermi_E,main_and_supplementary,Q_+1,3856,92,1,train,42,within_Cn_target_quantile_isomer_80_20_seed42,f0414567229604469a4c834cc0887f9210b9c2858c4ae7f76c68b09087064f9d
Fermi_E,main_and_supplementary,Q_+1,3857,92,1,train,42,within_Cn_target_quantile_isomer_80_20_seed42,f0414567229604469a4c834cc0887f9210b9c2858c4ae7f76c68b09087064f9d
Fermi_E,main_and_supplementary,Q_+1,3858,92,1,train,42,within_Cn_target_quantile_isomer_80_20_seed42,f0414567229604469a4c834cc0887f9210b9c2858c4ae7f76c68b09087064f9d
Fermi_E,main_and_supplementary,Q_+1,3859,92,1,train,42,within_Cn_target_quantile_isomer_80_20_seed42,f0414567229604469a4c834cc0887f9210b9c2858c4ae7f76c68b09087064f9d
Fermi_E,main_and_supplementary,Q_+1,3861,92,1,train,42,within_Cn_target_quantile_isomer_80_20_seed42,f0414567229604469a4c834cc0887f9210b9c2858c4ae7f76c68b09087064f9d
Fermi_E,main_and_supplementary,Q_+1,3862,92,1,train,42,within_Cn_target_quantile_isomer_80_20_seed42,f0414567229604469a4c834cc0887f9210b9c2858c4ae7f76c68b09087064f9d
Fermi_E,main_and_supplementary,Q_+1,3863,92,1,train,42,within_Cn_target_quantile_isomer_80_20_seed42,f0414567229604469a4c834cc0887f9210b9c2858c4ae7f76c68b09087064f9d
Fermi_E,main_and_supplementary,Q_+1,3865,92,1,train,42,within_Cn_target_quantile_isomer_80_20_seed42,f0414567229604469a4c834cc0887f9210b9c2858c4ae7f76c68b09087064f9d
Fermi_E,main_and_supplementary,Q_+1,3866,92,1,train,42,within_Cn_target_quantile_isomer_80_20_seed42,f0414567229604469a4c834cc0887f9210b9c2858c4ae7f76c68b09087064f9d
Fermi_E,main_and_supplementary,Q_+1,3867,92,1,train,42,within_Cn_target_quantile_isomer_80_20_seed42,f0414567229604469a4c834cc0887f9210b9c2858c4ae7f76c68b09087064f9d
Fermi_E,main_and_supplementary,Q_+1,3870,92,1,train,42,within_Cn_target_quantile_isomer_80_20_seed42,f0414567229604469a4c834cc0887f9210b9c2858c4ae7f76c68b09087064f9d
Fermi_E,main_and_supplementary,Q_+1,3871,92,1,train,42,within_Cn_target_quantile_isomer_80_20_seed42,f0414567229604469a4c834cc0887f9210b9c2858c4ae7f76c68b09087064f9d
Fermi_E,main_and_supplementary,Q_+1,3872,92,1,train,42,within_Cn_target_quantile_isomer_80_20_seed42,f0414567229604469a4c834cc0887f9210b9c2858c4ae7f76c68b09087064f9d
Fermi_E,main_and_supplementary,Q_+1,3874,92,1,train,42,within_Cn_target_quantile_isomer_80_20_seed42,f0414567229604469a4c834cc0887f9210b9c2858c4ae7f76c68b09087064f9d
Fermi_E,main_and_supplementary,Q_+1,3875,92,1,train,42,within_Cn_target_quantile_isomer_80_20_seed42,f0414567229604469a4c834cc0887f9210b9c2858c4ae7f76c68b09087064f9d
Fermi_E,main_and_supplementary,Q_+1,3876,92,1,train,42,within_Cn_target_quantile_isomer_80_20_seed42,f0414567229604469a4c834cc0887f9210b9c2858c4ae7f76c68b09087064f9d
Fermi_E,main_and_supplementary,Q_+1,3877,92,1,train,42,within_Cn_target_quantile_isomer_80_20_seed42,f0414567229604469a4c834cc0887f9210b9c2858c4ae7f76c68b09087064f9d
Fermi_E,main_and_supplementary,Q_+1,3879,92,1,train,42,within_Cn_target_quantile_isomer_80_20_seed42,f0414567229604469a4c834cc0887f9210b9c2858c4ae7f76c68b09087064f9d
Fermi_E,main_and_supplementary,Q_+1,3881,92,1,train,42,within_Cn_target_quantile_isomer_80_20_seed42,f0414567229604469a4c834cc0887f9210b9c2858c4ae7f76c68b09087064f9d
Fermi_E,main_and_supplementary,Q_+1,3882,92,1,train,42,within_Cn_target_quantile_isomer_80_20_seed42,f0414567229604469a4c834cc0887f9210b9c2858c4ae7f76c68b09087064f9d
Fermi_E,main_and_supplementary,Q_+1,3883,92,1,train,42,within_Cn_target_quantile_isomer_80_20_seed42,f0414567229604469a4c834cc0887f9210b9c2858c4ae7f76c68b09087064f9d
Fermi_E,main_and_supplementary,Q_+1,3885,92,1,train,42,within_Cn_target_quantile_isomer_80_20_seed42,f0414567229604469a4c834cc0887f9210b9c2858c4ae7f76c68b09087064f9d
Fermi_E,main_and_supplementary,Q_+1,3888,92,1,train,42,within_Cn_target_quantile_isomer_80_20_seed42,f0414567229604469a4c834cc0887f9210b9c2858c4ae7f76c68b09087064f9d
Fermi_E,main_and_supplementary,Q_+1,3889,92,1,train,42,within_Cn_target_quantile_isomer_80_20_seed42,f0414567229604469a4c834cc0887f9210b9c2858c4ae7f76c68b09087064f9d
Fermi_E,main_and_supplementary,Q_+1,3890,92,1,train,42,within_Cn_target_quantile_isomer_80_20_seed42,f0414567229604469a4c834cc0887f9210b9c2858c4ae7f76c68b09087064f9d
Fermi_E,main_and_supplementary,Q_+1,3891,92,1,train,42,within_Cn_target_quantile_isomer_80_20_seed42,f0414567229604469a4c834cc0887f9210b9c2858c4ae7f76c68b09087064f9d
Fermi_E,main_and_supplementary,Q_+1,3892,92,1,train,42,within_Cn_target_quantile_isomer_80_20_seed42,f0414567229604469a4c834cc0887f9210b9c2858c4ae7f76c68b09087064f9d
Fermi_E,main_and_supplementary,Q_+1,3893,92,1,train,42,within_Cn_target_quantile_isomer_80_20_seed42,f0414567229604469a4c834cc0887f9210b9c2858c4ae7f76c68b09087064f9d
Fermi_E,main_and_supplementary,Q_+1,3894,92,1,train,42,within_Cn_target_quantile_isomer_80_20_seed42,f0414567229604469a4c834cc0887f9210b9c2858c4ae7f76c68b09087064f9d
Fermi_E,main_and_supplementary,Q_+1,3895,92,1,train,42,within_Cn_target_quantile_isomer_80_20_seed42,f0414567229604469a4c834cc0887f9210b9c2858c4ae7f76c68b09087064f9d
Fermi_E,main_and_supplementary,Q_+1,3896,92,1,train,42,within_Cn_target_quantile_isomer_80_20_seed42,f0414567229604469a4c834cc0887f9210b9c2858c4ae7f76c68b09087064f9d
Fermi_E,main_and_supplementary,Q_+1,3897,92,1,train,42,within_Cn_target_quantile_isomer_80_20_seed42,f0414567229604469a4c834cc0887f9210b9c2858c4ae7f76c68b09087064f9d
Fermi_E,main_and_supplementary,Q_+1,3898,92,1,train,42,within_Cn_target_quantile_isomer_80_20_seed42,f0414567229604469a4c834cc0887f9210b9c2858c4ae7f76c68b09087064f9d
Fermi_E,main_and_supplementary,Q_+1,3899,92,1,train,42,within_Cn_target_quantile_isomer_80_20_seed42,f0414567229604469a4c834cc0887f9210b9c2858c4ae7f76c68b09087064f9d
Fermi_E,main_and_supplementary,Q_+1,3900,92,1,train,42,within_Cn_target_quantile_isomer_80_20_seed42,f0414567229604469a4c834cc0887f9210b9c2858c4ae7f76c68b09087064f9d
Fermi_E,main_and_supplementary,Q_+1,3901,92,1,train,42,within_Cn_target_quantile_isomer_80_20_seed42,f0414567229604469a4c834cc0887f9210b9c2858c4ae7f76c68b09087064f9d
Fermi_E,main_and_supplementary,Q_+1,3902,92,1,train,42,within_Cn_target_quantile_isomer_80_20_seed42,f0414567229604469a4c834cc0887f9210b9c2858c4ae7f76c68b09087064f9d
Fermi_E,main_and_supplementary,Q_+1,3903,92,1,train,42,within_Cn_target_quantile_isomer_80_20_seed42,f0414567229604469a4c834cc0887f9210b9c2858c4ae7f76c68b09087064f9d
Fermi_E,main_and_supplementary,Q_+1,3904,92,1,train,42,within_Cn_target_quantile_isomer_80_20_seed42,f0414567229604469a4c834cc0887f9210b9c2858c4ae7f76c68b09087064f9d
Fermi_E,main_and_supplementary,Q_+1,3905,92,1,train,42,within_Cn_target_quantile_isomer_80_20_seed42,f0414567229604469a4c834cc0887f9210b9c2858c4ae7f76c68b09087064f9d
Fermi_E,main_and_supplementary,Q_+1,3906,92,1,train,42,within_Cn_target_quantile_isomer_80_20_seed42,f0414567229604469a4c834cc0887f9210b9c2858c4ae7f76c68b09087064f9d
Fermi_E,main_and_supplementary,Q_+1,3908,92,1,train,42,within_Cn_target_quantile_isomer_80_20_seed42,f0414567229604469a4c834cc0887f9210b9c2858c4ae7f76c68b09087064f9d
Fermi_E,main_and_supplementary,Q_+1,3909,92,1,train,42,within_Cn_target_quantile_isomer_80_20_seed42,f0414567229604469a4c834cc0887f9210b9c2858c4ae7f76c68b09087064f9d
Fermi_E,main_and_supplementary,Q_+1,3911,92,1,train,42,within_Cn_target_quantile_isomer_80_20_seed42,f0414567229604469a4c834cc0887f9210b9c2858c4ae7f76c68b09087064f9d
Fermi_E,main_and_supplementary,Q_+1,3913,92,1,train,42,within_Cn_target_quantile_isomer_80_20_seed42,f0414567229604469a4c834cc0887f9210b9c2858c4ae7f76c68b09087064f9d
Fermi_E,main_and_supplementary,Q_+1,3914,92,1,train,42,within_Cn_target_quantile_isomer_80_20_seed42,f0414567229604469a4c834cc0887f9210b9c2858c4ae7f76c68b09087064f9d
Fermi_E,main_and_supplementary,Q_+1,3915,92,1,train,42,within_Cn_target_quantile_isomer_80_20_seed42,f0414567229604469a4c834cc0887f9210b9c2858c4ae7f76c68b09087064f9d
Fermi_E,main_and_supplementary,Q_+1,3916,92,1,train,42,within_Cn_target_quantile_isomer_80_20_seed42,f0414567229604469a4c834cc0887f9210b9c2858c4ae7f76c68b09087064f9d
Fermi_E,main_and_supplementary,Q_+1,3917,92,1,train,42,within_Cn_target_quantile_isomer_80_20_seed42,f0414567229604469a4c834cc0887f9210b9c2858c4ae7f76c68b09087064f9d
Fermi_E,main_and_supplementary,Q_+1,3918,92,1,train,42,within_Cn_target_quantile_isomer_80_20_seed42,f0414567229604469a4c834cc0887f9210b9c2858c4ae7f76c68b09087064f9d
Fermi_E,main_and_supplementary,Q_+1,3919,92,1,train,42,within_Cn_target_quantile_isomer_80_20_seed42,f0414567229604469a4c834cc0887f9210b9c2858c4ae7f76c68b09087064f9d
Fermi_E,main_and_supplementary,Q_+1,3920,92,1,train,42,within_Cn_target_quantile_isomer_80_20_seed42,f0414567229604469a4c834cc0887f9210b9c2858c4ae7f76c68b09087064f9d
Fermi_E,main_and_supplementary,Q_+1,3921,92,1,train,42,within_Cn_target_quantile_isomer_80_20_seed42,f0414567229604469a4c834cc0887f9210b9c2858c4ae7f76c68b09087064f9d
Fermi_E,main_and_supplementary,Q_+1,3922,92,1,train,42,within_Cn_target_quantile_isomer_80_20_seed42,f0414567229604469a4c834cc0887f9210b9c2858c4ae7f76c68b09087064f9d
Fermi_E,main_and_supplementary,Q_+1,3923,92,1,train,42,within_Cn_target_quantile_isomer_80_20_seed42,f0414567229604469a4c834cc0887f9210b9c2858c4ae7f76c68b09087064f9d
Fermi_E,main_and_supplementary,Q_+1,3924,92,1,train,42,within_Cn_target_quantile_isomer_80_20_seed42,f0414567229604469a4c834cc0887f9210b9c2858c4ae7f76c68b09087064f9d
Fermi_E,main_and_supplementary,Q_+1,3925,92,1,train,42,within_Cn_target_quantile_isomer_80_20_seed42,f0414567229604469a4c834cc0887f9210b9c2858c4ae7f76c68b09087064f9d
Fermi_E,main_and_supplementary,Q_+1,3926,92,1,train,42,within_Cn_target_quantile_isomer_80_20_seed42,f0414567229604469a4c834cc0887f9210b9c2858c4ae7f76c68b09087064f9d
Fermi_E,main_and_supplementary,Q_+1,3927,92,1,train,42,within_Cn_target_quantile_isomer_80_20_seed42,f0414567229604469a4c834cc0887f9210b9c2858c4ae7f76c68b09087064f9d
Fermi_E,main_and_supplementary,Q_+1,3928,92,1,train,42,within_Cn_target_quantile_isomer_80_20_seed42,f0414567229604469a4c834cc0887f9210b9c2858c4ae7f76c68b09087064f9d
Fermi_E,main_and_supplementary,Q_+1,3930,92,1,train,42,within_Cn_target_quantile_isomer_80_20_seed42,f0414567229604469a4c834cc0887f9210b9c2858c4ae7f76c68b09087064f9d
Fermi_E,main_and_supplementary,Q_+1,3931,92,1,train,42,within_Cn_target_quantile_isomer_80_20_seed42,f0414567229604469a4c834cc0887f9210b9c2858c4ae7f76c68b09087064f9d
Fermi_E,main_and_supplementary,Q_+1,3933,92,1,train,42,within_Cn_target_quantile_isomer_80_20_seed42,f0414567229604469a4c834cc0887f9210b9c2858c4ae7f76c68b09087064f9d
Fermi_E,main_and_supplementary,Q_+1,3934,92,1,train,42,within_Cn_target_quantile_isomer_80_20_seed42,f0414567229604469a4c834cc0887f9210b9c2858c4ae7f76c68b09087064f9d
Fermi_E,main_and_supplementary,Q_+1,3936,92,1,train,42,within_Cn_target_quantile_isomer_80_20_seed42,f0414567229604469a4c834cc0887f9210b9c2858c4ae7f76c68b09087064f9d
Fermi_E,main_and_supplementary,Q_+1,3937,92,1,train,42,within_Cn_target_quantile_isomer_80_20_seed42,f0414567229604469a4c834cc0887f9210b9c2858c4ae7f76c68b09087064f9d
Fermi_E,main_and_supplementary,Q_+1,3938,94,1,train,42,within_Cn_target_quantile_isomer_80_20_seed42,f0414567229604469a4c834cc0887f9210b9c2858c4ae7f76c68b09087064f9d
Fermi_E,main_and_supplementary,Q_+1,3939,94,1,train,42,within_Cn_target_quantile_isomer_80_20_seed42,f0414567229604469a4c834cc0887f9210b9c2858c4ae7f76c68b09087064f9d
Fermi_E,main_and_supplementary,Q_+1,3940,94,1,train,42,within_Cn_target_quantile_isomer_80_20_seed42,f0414567229604469a4c834cc0887f9210b9c2858c4ae7f76c68b09087064f9d
Fermi_E,main_and_supplementary,Q_+1,3941,94,1,train,42,within_Cn_target_quantile_isomer_80_20_seed42,f0414567229604469a4c834cc0887f9210b9c2858c4ae7f76c68b09087064f9d
Fermi_E,main_and_supplementary,Q_+1,3942,94,1,train,42,within_Cn_target_quantile_isomer_80_20_seed42,f0414567229604469a4c834cc0887f9210b9c2858c4ae7f76c68b09087064f9d
Fermi_E,main_and_supplementary,Q_+1,3943,94,1,train,42,within_Cn_target_quantile_isomer_80_20_seed42,f0414567229604469a4c834cc0887f9210b9c2858c4ae7f76c68b09087064f9d
Fermi_E,main_and_supplementary,Q_+1,3944,94,1,train,42,within_Cn_target_quantile_isomer_80_20_seed42,f0414567229604469a4c834cc0887f9210b9c2858c4ae7f76c68b09087064f9d
Fermi_E,main_and_supplementary,Q_+1,3946,94,1,train,42,within_Cn_target_quantile_isomer_80_20_seed42,f0414567229604469a4c834cc0887f9210b9c2858c4ae7f76c68b09087064f9d
Fermi_E,main_and_supplementary,Q_+1,3947,94,1,train,42,within_Cn_target_quantile_isomer_80_20_seed42,f0414567229604469a4c834cc0887f9210b9c2858c4ae7f76c68b09087064f9d
Fermi_E,main_and_supplementary,Q_+1,3948,94,1,train,42,within_Cn_target_quantile_isomer_80_20_seed42,f0414567229604469a4c834cc0887f9210b9c2858c4ae7f76c68b09087064f9d
Fermi_E,main_and_supplementary,Q_+1,3949,94,1,train,42,within_Cn_target_quantile_isomer_80_20_seed42,f0414567229604469a4c834cc0887f9210b9c2858c4ae7f76c68b09087064f9d
Fermi_E,main_and_supplementary,Q_+1,3950,94,1,train,42,within_Cn_target_quantile_isomer_80_20_seed42,f0414567229604469a4c834cc0887f9210b9c2858c4ae7f76c68b09087064f9d
Fermi_E,main_and_supplementary,Q_+1,3951,94,1,train,42,within_Cn_target_quantile_isomer_80_20_seed42,f0414567229604469a4c834cc0887f9210b9c2858c4ae7f76c68b09087064f9d
Fermi_E,main_and_supplementary,Q_+1,3952,94,1,train,42,within_Cn_target_quantile_isomer_80_20_seed42,f0414567229604469a4c834cc0887f9210b9c2858c4ae7f76c68b09087064f9d
Fermi_E,main_and_supplementary,Q_+1,3953,94,1,train,42,within_Cn_target_quantile_isomer_80_20_seed42,f0414567229604469a4c834cc0887f9210b9c2858c4ae7f76c68b09087064f9d
Fermi_E,main_and_supplementary,Q_+1,3954,94,1,train,42,within_Cn_target_quantile_isomer_80_20_seed42,f0414567229604469a4c834cc0887f9210b9c2858c4ae7f76c68b09087064f9d
Fermi_E,main_and_supplementary,Q_+1,3955,94,1,train,42,within_Cn_target_quantile_isomer_80_20_seed42,f0414567229604469a4c834cc0887f9210b9c2858c4ae7f76c68b09087064f9d
Fermi_E,main_and_supplementary,Q_+1,3956,94,1,train,42,within_Cn_target_quantile_isomer_80_20_seed42,f0414567229604469a4c834cc0887f9210b9c2858c4ae7f76c68b09087064f9d
Fermi_E,main_and_supplementary,Q_+1,3957,94,1,train,42,within_Cn_target_quantile_isomer_80_20_seed42,f0414567229604469a4c834cc0887f9210b9c2858c4ae7f76c68b09087064f9d
Fermi_E,main_and_supplementary,Q_+1,3958,94,1,train,42,within_Cn_target_quantile_isomer_80_20_seed42,f0414567229604469a4c834cc0887f9210b9c2858c4ae7f76c68b09087064f9d
Fermi_E,main_and_supplementary,Q_+1,3959,94,1,train,42,within_Cn_target_quantile_isomer_80_20_seed42,f0414567229604469a4c834cc0887f9210b9c2858c4ae7f76c68b09087064f9d
Fermi_E,main_and_supplementary,Q_+1,3961,94,1,train,42,within_Cn_target_quantile_isomer_80_20_seed42,f0414567229604469a4c834cc0887f9210b9c2858c4ae7f76c68b09087064f9d
Fermi_E,main_and_supplementary,Q_+1,3962,94,1,train,42,within_Cn_target_quantile_isomer_80_20_seed42,f0414567229604469a4c834cc0887f9210b9c2858c4ae7f76c68b09087064f9d
Fermi_E,main_and_supplementary,Q_+1,3964,94,1,train,42,within_Cn_target_quantile_isomer_80_20_seed42,f0414567229604469a4c834cc0887f9210b9c2858c4ae7f76c68b09087064f9d
Fermi_E,main_and_supplementary,Q_+1,3965,94,1,train,42,within_Cn_target_quantile_isomer_80_20_seed42,f0414567229604469a4c834cc0887f9210b9c2858c4ae7f76c68b09087064f9d
Fermi_E,main_and_supplementary,Q_+1,3966,94,1,train,42,within_Cn_target_quantile_isomer_80_20_seed42,f0414567229604469a4c834cc0887f9210b9c2858c4ae7f76c68b09087064f9d
Fermi_E,main_and_supplementary,Q_+1,3967,94,1,train,42,within_Cn_target_quantile_isomer_80_20_seed42,f0414567229604469a4c834cc0887f9210b9c2858c4ae7f76c68b09087064f9d
Fermi_E,main_and_supplementary,Q_+1,3969,94,1,train,42,within_Cn_target_quantile_isomer_80_20_seed42,f0414567229604469a4c834cc0887f9210b9c2858c4ae7f76c68b09087064f9d
Fermi_E,main_and_supplementary,Q_+1,3971,94,1,train,42,within_Cn_target_quantile_isomer_80_20_seed42,f0414567229604469a4c834cc0887f9210b9c2858c4ae7f76c68b09087064f9d
Fermi_E,main_and_supplementary,Q_+1,3972,94,1,train,42,within_Cn_target_quantile_isomer_80_20_seed42,f0414567229604469a4c834cc0887f9210b9c2858c4ae7f76c68b09087064f9d
Fermi_E,main_and_supplementary,Q_+1,3973,94,1,train,42,within_Cn_target_quantile_isomer_80_20_seed42,f0414567229604469a4c834cc0887f9210b9c2858c4ae7f76c68b09087064f9d
Fermi_E,main_and_supplementary,Q_+1,3975,94,1,train,42,within_Cn_target_quantile_isomer_80_20_seed42,f0414567229604469a4c834cc0887f9210b9c2858c4ae7f76c68b09087064f9d
Fermi_E,main_and_supplementary,Q_+1,3976,94,1,train,42,within_Cn_target_quantile_isomer_80_20_seed42,f0414567229604469a4c834cc0887f9210b9c2858c4ae7f76c68b09087064f9d
Fermi_E,main_and_supplementary,Q_+1,3977,94,1,train,42,within_Cn_target_quantile_isomer_80_20_seed42,f0414567229604469a4c834cc0887f9210b9c2858c4ae7f76c68b09087064f9d
Fermi_E,main_and_supplementary,Q_+1,3978,94,1,train,42,within_Cn_target_quantile_isomer_80_20_seed42,f0414567229604469a4c834cc0887f9210b9c2858c4ae7f76c68b09087064f9d
Fermi_E,main_and_supplementary,Q_+1,3979,94,1,train,42,within_Cn_target_quantile_isomer_80_20_seed42,f0414567229604469a4c834cc0887f9210b9c2858c4ae7f76c68b09087064f9d
Fermi_E,main_and_supplementary,Q_+1,3980,94,1,train,42,within_Cn_target_quantile_isomer_80_20_seed42,f0414567229604469a4c834cc0887f9210b9c2858c4ae7f76c68b09087064f9d
Fermi_E,main_and_supplementary,Q_+1,3981,94,1,train,42,within_Cn_target_quantile_isomer_80_20_seed42,f0414567229604469a4c834cc0887f9210b9c2858c4ae7f76c68b09087064f9d
Fermi_E,main_and_supplementary,Q_+1,3982,94,1,train,42,within_Cn_target_quantile_isomer_80_20_seed42,f0414567229604469a4c834cc0887f9210b9c2858c4ae7f76c68b09087064f9d
Fermi_E,main_and_supplementary,Q_+1,3983,94,1,train,42,within_Cn_target_quantile_isomer_80_20_seed42,f0414567229604469a4c834cc0887f9210b9c2858c4ae7f76c68b09087064f9d
Fermi_E,main_and_supplementary,Q_+1,3984,94,1,train,42,within_Cn_target_quantile_isomer_80_20_seed42,f0414567229604469a4c834cc0887f9210b9c2858c4ae7f76c68b09087064f9d
Fermi_E,main_and_supplementary,Q_+1,3985,94,1,train,42,within_Cn_target_quantile_isomer_80_20_seed42,f0414567229604469a4c834cc0887f9210b9c2858c4ae7f76c68b09087064f9d
Fermi_E,main_and_supplementary,Q_+1,3986,94,1,train,42,within_Cn_target_quantile_isomer_80_20_seed42,f0414567229604469a4c834cc0887f9210b9c2858c4ae7f76c68b09087064f9d
Fermi_E,main_and_supplementary,Q_+1,3987,94,1,train,42,within_Cn_target_quantile_isomer_80_20_seed42,f0414567229604469a4c834cc0887f9210b9c2858c4ae7f76c68b09087064f9d
Fermi_E,main_and_supplementary,Q_+1,3988,94,1,train,42,within_Cn_target_quantile_isomer_80_20_seed42,f0414567229604469a4c834cc0887f9210b9c2858c4ae7f76c68b09087064f9d
Fermi_E,main_and_supplementary,Q_+1,3989,94,1,train,42,within_Cn_target_quantile_isomer_80_20_seed42,f0414567229604469a4c834cc0887f9210b9c2858c4ae7f76c68b09087064f9d
Fermi_E,main_and_supplementary,Q_+1,3990,94,1,train,42,within_Cn_target_quantile_isomer_80_20_seed42,f0414567229604469a4c834cc0887f9210b9c2858c4ae7f76c68b09087064f9d
Fermi_E,main_and_supplementary,Q_+1,3991,94,1,train,42,within_Cn_target_quantile_isomer_80_20_seed42,f0414567229604469a4c834cc0887f9210b9c2858c4ae7f76c68b09087064f9d
Fermi_E,main_and_supplementary,Q_+1,3992,94,1,train,42,within_Cn_target_quantile_isomer_80_20_seed42,f0414567229604469a4c834cc0887f9210b9c2858c4ae7f76c68b09087064f9d
Fermi_E,main_and_supplementary,Q_+1,3993,94,1,train,42,within_Cn_target_quantile_isomer_80_20_seed42,f0414567229604469a4c834cc0887f9210b9c2858c4ae7f76c68b09087064f9d
Fermi_E,main_and_supplementary,Q_+1,3994,94,1,train,42,within_Cn_target_quantile_isomer_80_20_seed42,f0414567229604469a4c834cc0887f9210b9c2858c4ae7f76c68b09087064f9d
Fermi_E,main_and_supplementary,Q_+1,3995,94,1,train,42,within_Cn_target_quantile_isomer_80_20_seed42,f0414567229604469a4c834cc0887f9210b9c2858c4ae7f76c68b09087064f9d
Fermi_E,main_and_supplementary,Q_+1,3996,94,1,train,42,within_Cn_target_quantile_isomer_80_20_seed42,f0414567229604469a4c834cc0887f9210b9c2858c4ae7f76c68b09087064f9d
Fermi_E,main_and_supplementary,Q_+1,3998,94,1,train,42,within_Cn_target_quantile_isomer_80_20_seed42,f0414567229604469a4c834cc0887f9210b9c2858c4ae7f76c68b09087064f9d
Fermi_E,main_and_supplementary,Q_+1,4000,94,1,train,42,within_Cn_target_quantile_isomer_80_20_seed42,f0414567229604469a4c834cc0887f9210b9c2858c4ae7f76c68b09087064f9d
Fermi_E,main_and_supplementary,Q_+1,4001,94,1,train,42,within_Cn_target_quantile_isomer_80_20_seed42,f0414567229604469a4c834cc0887f9210b9c2858c4ae7f76c68b09087064f9d
Fermi_E,main_and_supplementary,Q_+1,4002,94,1,train,42,within_Cn_target_quantile_isomer_80_20_seed42,f0414567229604469a4c834cc0887f9210b9c2858c4ae7f76c68b09087064f9d
Fermi_E,main_and_supplementary,Q_+1,4004,94,1,train,42,within_Cn_target_quantile_isomer_80_20_seed42,f0414567229604469a4c834cc0887f9210b9c2858c4ae7f76c68b09087064f9d
Fermi_E,main_and_supplementary,Q_+1,4005,94,1,train,42,within_Cn_target_quantile_isomer_80_20_seed42,f0414567229604469a4c834cc0887f9210b9c2858c4ae7f76c68b09087064f9d
Fermi_E,main_and_supplementary,Q_+1,4006,94,1,train,42,within_Cn_target_quantile_isomer_80_20_seed42,f0414567229604469a4c834cc0887f9210b9c2858c4ae7f76c68b09087064f9d
Fermi_E,main_and_supplementary,Q_+1,4007,94,1,train,42,within_Cn_target_quantile_isomer_80_20_seed42,f0414567229604469a4c834cc0887f9210b9c2858c4ae7f76c68b09087064f9d
Fermi_E,main_and_supplementary,Q_+1,4008,94,1,train,42,within_Cn_target_quantile_isomer_80_20_seed42,f0414567229604469a4c834cc0887f9210b9c2858c4ae7f76c68b09087064f9d
Fermi_E,main_and_supplementary,Q_+1,4009,94,1,train,42,within_Cn_target_quantile_isomer_80_20_seed42,f0414567229604469a4c834cc0887f9210b9c2858c4ae7f76c68b09087064f9d
Fermi_E,main_and_supplementary,Q_+1,4010,94,1,train,42,within_Cn_target_quantile_isomer_80_20_seed42,f0414567229604469a4c834cc0887f9210b9c2858c4ae7f76c68b09087064f9d
Fermi_E,main_and_supplementary,Q_+1,4011,94,1,train,42,within_Cn_target_quantile_isomer_80_20_seed42,f0414567229604469a4c834cc0887f9210b9c2858c4ae7f76c68b09087064f9d
Fermi_E,main_and_supplementary,Q_+1,4013,94,1,train,42,within_Cn_target_quantile_isomer_80_20_seed42,f0414567229604469a4c834cc0887f9210b9c2858c4ae7f76c68b09087064f9d
Fermi_E,main_and_supplementary,Q_+1,4014,94,1,train,42,within_Cn_target_quantile_isomer_80_20_seed42,f0414567229604469a4c834cc0887f9210b9c2858c4ae7f76c68b09087064f9d
Fermi_E,main_and_supplementary,Q_+1,4015,94,1,train,42,within_Cn_target_quantile_isomer_80_20_seed42,f0414567229604469a4c834cc0887f9210b9c2858c4ae7f76c68b09087064f9d
Fermi_E,main_and_supplementary,Q_+1,4016,94,1,train,42,within_Cn_target_quantile_isomer_80_20_seed42,f0414567229604469a4c834cc0887f9210b9c2858c4ae7f76c68b09087064f9d
Fermi_E,main_and_supplementary,Q_+1,4017,94,1,train,42,within_Cn_target_quantile_isomer_80_20_seed42,f0414567229604469a4c834cc0887f9210b9c2858c4ae7f76c68b09087064f9d
Fermi_E,main_and_supplementary,Q_+1,4018,94,1,train,42,within_Cn_target_quantile_isomer_80_20_seed42,f0414567229604469a4c834cc0887f9210b9c2858c4ae7f76c68b09087064f9d
Fermi_E,main_and_supplementary,Q_+1,4021,94,1,train,42,within_Cn_target_quantile_isomer_80_20_seed42,f0414567229604469a4c834cc0887f9210b9c2858c4ae7f76c68b09087064f9d
Fermi_E,main_and_supplementary,Q_+1,4022,94,1,train,42,within_Cn_target_quantile_isomer_80_20_seed42,f0414567229604469a4c834cc0887f9210b9c2858c4ae7f76c68b09087064f9d
Fermi_E,main_and_supplementary,Q_+1,4023,94,1,train,42,within_Cn_target_quantile_isomer_80_20_seed42,f0414567229604469a4c834cc0887f9210b9c2858c4ae7f76c68b09087064f9d
Fermi_E,main_and_supplementary,Q_+1,4024,94,1,train,42,within_Cn_target_quantile_isomer_80_20_seed42,f0414567229604469a4c834cc0887f9210b9c2858c4ae7f76c68b09087064f9d
Fermi_E,main_and_supplementary,Q_+1,4025,94,1,train,42,within_Cn_target_quantile_isomer_80_20_seed42,f0414567229604469a4c834cc0887f9210b9c2858c4ae7f76c68b09087064f9d
Fermi_E,main_and_supplementary,Q_+1,4026,94,1,train,42,within_Cn_target_quantile_isomer_80_20_seed42,f0414567229604469a4c834cc0887f9210b9c2858c4ae7f76c68b09087064f9d
Fermi_E,main_and_supplementary,Q_+1,4027,94,1,train,42,within_Cn_target_quantile_isomer_80_20_seed42,f0414567229604469a4c834cc0887f9210b9c2858c4ae7f76c68b09087064f9d
Fermi_E,main_and_supplementary,Q_+1,4028,94,1,train,42,within_Cn_target_quantile_isomer_80_20_seed42,f0414567229604469a4c834cc0887f9210b9c2858c4ae7f76c68b09087064f9d
Fermi_E,main_and_supplementary,Q_+1,4029,94,1,train,42,within_Cn_target_quantile_isomer_80_20_seed42,f0414567229604469a4c834cc0887f9210b9c2858c4ae7f76c68b09087064f9d
Fermi_E,main_and_supplementary,Q_+1,4030,94,1,train,42,within_Cn_target_quantile_isomer_80_20_seed42,f0414567229604469a4c834cc0887f9210b9c2858c4ae7f76c68b09087064f9d
Fermi_E,main_and_supplementary,Q_+1,4031,94,1,train,42,within_Cn_target_quantile_isomer_80_20_seed42,f0414567229604469a4c834cc0887f9210b9c2858c4ae7f76c68b09087064f9d
Fermi_E,main_and_supplementary,Q_+1,4034,94,1,train,42,within_Cn_target_quantile_isomer_80_20_seed42,f0414567229604469a4c834cc0887f9210b9c2858c4ae7f76c68b09087064f9d
Fermi_E,main_and_supplementary,Q_+1,4035,94,1,train,42,within_Cn_target_quantile_isomer_80_20_seed42,f0414567229604469a4c834cc0887f9210b9c2858c4ae7f76c68b09087064f9d
Fermi_E,main_and_supplementary,Q_+1,4038,94,1,train,42,within_Cn_target_quantile_isomer_80_20_seed42,f0414567229604469a4c834cc0887f9210b9c2858c4ae7f76c68b09087064f9d
Fermi_E,main_and_supplementary,Q_+1,4041,94,1,train,42,within_Cn_target_quantile_isomer_80_20_seed42,f0414567229604469a4c834cc0887f9210b9c2858c4ae7f76c68b09087064f9d
Fermi_E,main_and_supplementary,Q_+1,4042,94,1,train,42,within_Cn_target_quantile_isomer_80_20_seed42,f0414567229604469a4c834cc0887f9210b9c2858c4ae7f76c68b09087064f9d
Fermi_E,main_and_supplementary,Q_+1,4043,94,1,train,42,within_Cn_target_quantile_isomer_80_20_seed42,f0414567229604469a4c834cc0887f9210b9c2858c4ae7f76c68b09087064f9d
Fermi_E,main_and_supplementary,Q_+1,4044,94,1,train,42,within_Cn_target_quantile_isomer_80_20_seed42,f0414567229604469a4c834cc0887f9210b9c2858c4ae7f76c68b09087064f9d
Fermi_E,main_and_supplementary,Q_+1,4047,94,1,train,42,within_Cn_target_quantile_isomer_80_20_seed42,f0414567229604469a4c834cc0887f9210b9c2858c4ae7f76c68b09087064f9d
Fermi_E,main_and_supplementary,Q_+1,4048,94,1,train,42,within_Cn_target_quantile_isomer_80_20_seed42,f0414567229604469a4c834cc0887f9210b9c2858c4ae7f76c68b09087064f9d
Fermi_E,main_and_supplementary,Q_+1,4049,94,1,train,42,within_Cn_target_quantile_isomer_80_20_seed42,f0414567229604469a4c834cc0887f9210b9c2858c4ae7f76c68b09087064f9d
Fermi_E,main_and_supplementary,Q_+1,4050,94,1,train,42,within_Cn_target_quantile_isomer_80_20_seed42,f0414567229604469a4c834cc0887f9210b9c2858c4ae7f76c68b09087064f9d
Fermi_E,main_and_supplementary,Q_+1,4053,94,1,train,42,within_Cn_target_quantile_isomer_80_20_seed42,f0414567229604469a4c834cc0887f9210b9c2858c4ae7f76c68b09087064f9d
Fermi_E,main_and_supplementary,Q_+1,4054,94,1,train,42,within_Cn_target_quantile_isomer_80_20_seed42,f0414567229604469a4c834cc0887f9210b9c2858c4ae7f76c68b09087064f9d
Fermi_E,main_and_supplementary,Q_+1,4055,94,1,train,42,within_Cn_target_quantile_isomer_80_20_seed42,f0414567229604469a4c834cc0887f9210b9c2858c4ae7f76c68b09087064f9d
Fermi_E,main_and_supplementary,Q_+1,4056,94,1,train,42,within_Cn_target_quantile_isomer_80_20_seed42,f0414567229604469a4c834cc0887f9210b9c2858c4ae7f76c68b09087064f9d
Fermi_E,main_and_supplementary,Q_+1,4057,94,1,train,42,within_Cn_target_quantile_isomer_80_20_seed42,f0414567229604469a4c834cc0887f9210b9c2858c4ae7f76c68b09087064f9d
Fermi_E,main_and_supplementary,Q_+1,4058,94,1,train,42,within_Cn_target_quantile_isomer_80_20_seed42,f0414567229604469a4c834cc0887f9210b9c2858c4ae7f76c68b09087064f9d
Fermi_E,main_and_supplementary,Q_+1,4059,94,1,train,42,within_Cn_target_quantile_isomer_80_20_seed42,f0414567229604469a4c834cc0887f9210b9c2858c4ae7f76c68b09087064f9d
Fermi_E,main_and_supplementary,Q_+1,4060,94,1,train,42,within_Cn_target_quantile_isomer_80_20_seed42,f0414567229604469a4c834cc0887f9210b9c2858c4ae7f76c68b09087064f9d
Fermi_E,main_and_supplementary,Q_+1,4061,94,1,train,42,within_Cn_target_quantile_isomer_80_20_seed42,f0414567229604469a4c834cc0887f9210b9c2858c4ae7f76c68b09087064f9d
Fermi_E,main_and_supplementary,Q_+1,4062,94,1,train,42,within_Cn_target_quantile_isomer_80_20_seed42,f0414567229604469a4c834cc0887f9210b9c2858c4ae7f76c68b09087064f9d
Fermi_E,main_and_supplementary,Q_+1,4063,94,1,train,42,within_Cn_target_quantile_isomer_80_20_seed42,f0414567229604469a4c834cc0887f9210b9c2858c4ae7f76c68b09087064f9d
Fermi_E,main_and_supplementary,Q_+1,4064,94,1,train,42,within_Cn_target_quantile_isomer_80_20_seed42,f0414567229604469a4c834cc0887f9210b9c2858c4ae7f76c68b09087064f9d
Fermi_E,main_and_supplementary,Q_+1,4065,94,1,train,42,within_Cn_target_quantile_isomer_80_20_seed42,f0414567229604469a4c834cc0887f9210b9c2858c4ae7f76c68b09087064f9d
Fermi_E,main_and_supplementary,Q_+1,4067,94,1,train,42,within_Cn_target_quantile_isomer_80_20_seed42,f0414567229604469a4c834cc0887f9210b9c2858c4ae7f76c68b09087064f9d
Fermi_E,main_and_supplementary,Q_+1,4070,94,1,train,42,within_Cn_target_quantile_isomer_80_20_seed42,f0414567229604469a4c834cc0887f9210b9c2858c4ae7f76c68b09087064f9d
Fermi_E,main_and_supplementary,Q_+1,4071,94,1,train,42,within_Cn_target_quantile_isomer_80_20_seed42,f0414567229604469a4c834cc0887f9210b9c2858c4ae7f76c68b09087064f9d
Fermi_E,main_and_supplementary,Q_+1,4072,96,1,train,42,within_Cn_target_quantile_isomer_80_20_seed42,f0414567229604469a4c834cc0887f9210b9c2858c4ae7f76c68b09087064f9d
Fermi_E,main_and_supplementary,Q_+1,4073,96,1,train,42,within_Cn_target_quantile_isomer_80_20_seed42,f0414567229604469a4c834cc0887f9210b9c2858c4ae7f76c68b09087064f9d
Fermi_E,main_and_supplementary,Q_+1,4074,96,1,train,42,within_Cn_target_quantile_isomer_80_20_seed42,f0414567229604469a4c834cc0887f9210b9c2858c4ae7f76c68b09087064f9d
Fermi_E,main_and_supplementary,Q_+1,4075,96,1,train,42,within_Cn_target_quantile_isomer_80_20_seed42,f0414567229604469a4c834cc0887f9210b9c2858c4ae7f76c68b09087064f9d
Fermi_E,main_and_supplementary,Q_+1,4076,96,1,train,42,within_Cn_target_quantile_isomer_80_20_seed42,f0414567229604469a4c834cc0887f9210b9c2858c4ae7f76c68b09087064f9d
Fermi_E,main_and_supplementary,Q_+1,4077,96,1,train,42,within_Cn_target_quantile_isomer_80_20_seed42,f0414567229604469a4c834cc0887f9210b9c2858c4ae7f76c68b09087064f9d
Fermi_E,main_and_supplementary,Q_+1,4078,96,1,train,42,within_Cn_target_quantile_isomer_80_20_seed42,f0414567229604469a4c834cc0887f9210b9c2858c4ae7f76c68b09087064f9d
Fermi_E,main_and_supplementary,Q_+1,4079,96,1,train,42,within_Cn_target_quantile_isomer_80_20_seed42,f0414567229604469a4c834cc0887f9210b9c2858c4ae7f76c68b09087064f9d
Fermi_E,main_and_supplementary,Q_+1,4081,96,1,train,42,within_Cn_target_quantile_isomer_80_20_seed42,f0414567229604469a4c834cc0887f9210b9c2858c4ae7f76c68b09087064f9d
Fermi_E,main_and_supplementary,Q_+1,4082,96,1,train,42,within_Cn_target_quantile_isomer_80_20_seed42,f0414567229604469a4c834cc0887f9210b9c2858c4ae7f76c68b09087064f9d
Fermi_E,main_and_supplementary,Q_+1,4086,96,1,train,42,within_Cn_target_quantile_isomer_80_20_seed42,f0414567229604469a4c834cc0887f9210b9c2858c4ae7f76c68b09087064f9d
Fermi_E,main_and_supplementary,Q_+1,4087,96,1,train,42,within_Cn_target_quantile_isomer_80_20_seed42,f0414567229604469a4c834cc0887f9210b9c2858c4ae7f76c68b09087064f9d
Fermi_E,main_and_supplementary,Q_+1,4088,96,1,train,42,within_Cn_target_quantile_isomer_80_20_seed42,f0414567229604469a4c834cc0887f9210b9c2858c4ae7f76c68b09087064f9d
Fermi_E,main_and_supplementary,Q_+1,4089,96,1,train,42,within_Cn_target_quantile_isomer_80_20_seed42,f0414567229604469a4c834cc0887f9210b9c2858c4ae7f76c68b09087064f9d
Fermi_E,main_and_supplementary,Q_+1,4090,96,1,train,42,within_Cn_target_quantile_isomer_80_20_seed42,f0414567229604469a4c834cc0887f9210b9c2858c4ae7f76c68b09087064f9d
Fermi_E,main_and_supplementary,Q_+1,4092,96,1,train,42,within_Cn_target_quantile_isomer_80_20_seed42,f0414567229604469a4c834cc0887f9210b9c2858c4ae7f76c68b09087064f9d
Fermi_E,main_and_supplementary,Q_+1,4093,96,1,train,42,within_Cn_target_quantile_isomer_80_20_seed42,f0414567229604469a4c834cc0887f9210b9c2858c4ae7f76c68b09087064f9d
Fermi_E,main_and_supplementary,Q_+1,4094,96,1,train,42,within_Cn_target_quantile_isomer_80_20_seed42,f0414567229604469a4c834cc0887f9210b9c2858c4ae7f76c68b09087064f9d
Fermi_E,main_and_supplementary,Q_+1,4096,96,1,train,42,within_Cn_target_quantile_isomer_80_20_seed42,f0414567229604469a4c834cc0887f9210b9c2858c4ae7f76c68b09087064f9d
Fermi_E,main_and_supplementary,Q_+1,4097,96,1,train,42,within_Cn_target_quantile_isomer_80_20_seed42,f0414567229604469a4c834cc0887f9210b9c2858c4ae7f76c68b09087064f9d
Fermi_E,main_and_supplementary,Q_+1,4098,96,1,train,42,within_Cn_target_quantile_isomer_80_20_seed42,f0414567229604469a4c834cc0887f9210b9c2858c4ae7f76c68b09087064f9d
Fermi_E,main_and_supplementary,Q_+1,4099,96,1,train,42,within_Cn_target_quantile_isomer_80_20_seed42,f0414567229604469a4c834cc0887f9210b9c2858c4ae7f76c68b09087064f9d
Fermi_E,main_and_supplementary,Q_+1,4100,96,1,train,42,within_Cn_target_quantile_isomer_80_20_seed42,f0414567229604469a4c834cc0887f9210b9c2858c4ae7f76c68b09087064f9d
Fermi_E,main_and_supplementary,Q_+1,4101,96,1,train,42,within_Cn_target_quantile_isomer_80_20_seed42,f0414567229604469a4c834cc0887f9210b9c2858c4ae7f76c68b09087064f9d
Fermi_E,main_and_supplementary,Q_+1,4102,96,1,train,42,within_Cn_target_quantile_isomer_80_20_seed42,f0414567229604469a4c834cc0887f9210b9c2858c4ae7f76c68b09087064f9d
Fermi_E,main_and_supplementary,Q_+1,4103,96,1,train,42,within_Cn_target_quantile_isomer_80_20_seed42,f0414567229604469a4c834cc0887f9210b9c2858c4ae7f76c68b09087064f9d
Fermi_E,main_and_supplementary,Q_+1,4104,96,1,train,42,within_Cn_target_quantile_isomer_80_20_seed42,f0414567229604469a4c834cc0887f9210b9c2858c4ae7f76c68b09087064f9d
Fermi_E,main_and_supplementary,Q_+1,4105,96,1,train,42,within_Cn_target_quantile_isomer_80_20_seed42,f0414567229604469a4c834cc0887f9210b9c2858c4ae7f76c68b09087064f9d
Fermi_E,main_and_supplementary,Q_+1,4106,96,1,train,42,within_Cn_target_quantile_isomer_80_20_seed42,f0414567229604469a4c834cc0887f9210b9c2858c4ae7f76c68b09087064f9d
Fermi_E,main_and_supplementary,Q_+1,4107,96,1,train,42,within_Cn_target_quantile_isomer_80_20_seed42,f0414567229604469a4c834cc0887f9210b9c2858c4ae7f76c68b09087064f9d
Fermi_E,main_and_supplementary,Q_+1,4108,96,1,train,42,within_Cn_target_quantile_isomer_80_20_seed42,f0414567229604469a4c834cc0887f9210b9c2858c4ae7f76c68b09087064f9d
Fermi_E,main_and_supplementary,Q_+1,4110,96,1,train,42,within_Cn_target_quantile_isomer_80_20_seed42,f0414567229604469a4c834cc0887f9210b9c2858c4ae7f76c68b09087064f9d
Fermi_E,main_and_supplementary,Q_+1,4111,96,1,train,42,within_Cn_target_quantile_isomer_80_20_seed42,f0414567229604469a4c834cc0887f9210b9c2858c4ae7f76c68b09087064f9d
Fermi_E,main_and_supplementary,Q_+1,4112,96,1,train,42,within_Cn_target_quantile_isomer_80_20_seed42,f0414567229604469a4c834cc0887f9210b9c2858c4ae7f76c68b09087064f9d
Fermi_E,main_and_supplementary,Q_+1,4113,96,1,train,42,within_Cn_target_quantile_isomer_80_20_seed42,f0414567229604469a4c834cc0887f9210b9c2858c4ae7f76c68b09087064f9d
Fermi_E,main_and_supplementary,Q_+1,4114,96,1,train,42,within_Cn_target_quantile_isomer_80_20_seed42,f0414567229604469a4c834cc0887f9210b9c2858c4ae7f76c68b09087064f9d
Fermi_E,main_and_supplementary,Q_+1,4115,96,1,train,42,within_Cn_target_quantile_isomer_80_20_seed42,f0414567229604469a4c834cc0887f9210b9c2858c4ae7f76c68b09087064f9d
Fermi_E,main_and_supplementary,Q_+1,4116,96,1,train,42,within_Cn_target_quantile_isomer_80_20_seed42,f0414567229604469a4c834cc0887f9210b9c2858c4ae7f76c68b09087064f9d
Fermi_E,main_and_supplementary,Q_+1,4117,96,1,train,42,within_Cn_target_quantile_isomer_80_20_seed42,f0414567229604469a4c834cc0887f9210b9c2858c4ae7f76c68b09087064f9d
Fermi_E,main_and_supplementary,Q_+1,4118,96,1,train,42,within_Cn_target_quantile_isomer_80_20_seed42,f0414567229604469a4c834cc0887f9210b9c2858c4ae7f76c68b09087064f9d
Fermi_E,main_and_supplementary,Q_+1,4120,96,1,train,42,within_Cn_target_quantile_isomer_80_20_seed42,f0414567229604469a4c834cc0887f9210b9c2858c4ae7f76c68b09087064f9d
Fermi_E,main_and_supplementary,Q_+1,4121,96,1,train,42,within_Cn_target_quantile_isomer_80_20_seed42,f0414567229604469a4c834cc0887f9210b9c2858c4ae7f76c68b09087064f9d
Fermi_E,main_and_supplementary,Q_+1,4122,96,1,train,42,within_Cn_target_quantile_isomer_80_20_seed42,f0414567229604469a4c834cc0887f9210b9c2858c4ae7f76c68b09087064f9d
Fermi_E,main_and_supplementary,Q_+1,4123,96,1,train,42,within_Cn_target_quantile_isomer_80_20_seed42,f0414567229604469a4c834cc0887f9210b9c2858c4ae7f76c68b09087064f9d
Fermi_E,main_and_supplementary,Q_+1,4124,96,1,train,42,within_Cn_target_quantile_isomer_80_20_seed42,f0414567229604469a4c834cc0887f9210b9c2858c4ae7f76c68b09087064f9d
Fermi_E,main_and_supplementary,Q_+1,4125,96,1,train,42,within_Cn_target_quantile_isomer_80_20_seed42,f0414567229604469a4c834cc0887f9210b9c2858c4ae7f76c68b09087064f9d
Fermi_E,main_and_supplementary,Q_+1,4126,96,1,train,42,within_Cn_target_quantile_isomer_80_20_seed42,f0414567229604469a4c834cc0887f9210b9c2858c4ae7f76c68b09087064f9d
Fermi_E,main_and_supplementary,Q_+1,4127,96,1,train,42,within_Cn_target_quantile_isomer_80_20_seed42,f0414567229604469a4c834cc0887f9210b9c2858c4ae7f76c68b09087064f9d
Fermi_E,main_and_supplementary,Q_+1,4128,96,1,train,42,within_Cn_target_quantile_isomer_80_20_seed42,f0414567229604469a4c834cc0887f9210b9c2858c4ae7f76c68b09087064f9d
Fermi_E,main_and_supplementary,Q_+1,4129,96,1,train,42,within_Cn_target_quantile_isomer_80_20_seed42,f0414567229604469a4c834cc0887f9210b9c2858c4ae7f76c68b09087064f9d
Fermi_E,main_and_supplementary,Q_+1,4131,96,1,train,42,within_Cn_target_quantile_isomer_80_20_seed42,f0414567229604469a4c834cc0887f9210b9c2858c4ae7f76c68b09087064f9d
Fermi_E,main_and_supplementary,Q_+1,4133,96,1,train,42,within_Cn_target_quantile_isomer_80_20_seed42,f0414567229604469a4c834cc0887f9210b9c2858c4ae7f76c68b09087064f9d
Fermi_E,main_and_supplementary,Q_+1,4134,96,1,train,42,within_Cn_target_quantile_isomer_80_20_seed42,f0414567229604469a4c834cc0887f9210b9c2858c4ae7f76c68b09087064f9d
Fermi_E,main_and_supplementary,Q_+1,4136,96,1,train,42,within_Cn_target_quantile_isomer_80_20_seed42,f0414567229604469a4c834cc0887f9210b9c2858c4ae7f76c68b09087064f9d
Fermi_E,main_and_supplementary,Q_+1,4138,96,1,train,42,within_Cn_target_quantile_isomer_80_20_seed42,f0414567229604469a4c834cc0887f9210b9c2858c4ae7f76c68b09087064f9d
Fermi_E,main_and_supplementary,Q_+1,4139,96,1,train,42,within_Cn_target_quantile_isomer_80_20_seed42,f0414567229604469a4c834cc0887f9210b9c2858c4ae7f76c68b09087064f9d
Fermi_E,main_and_supplementary,Q_+1,4140,96,1,train,42,within_Cn_target_quantile_isomer_80_20_seed42,f0414567229604469a4c834cc0887f9210b9c2858c4ae7f76c68b09087064f9d
Fermi_E,main_and_supplementary,Q_+1,4141,96,1,train,42,within_Cn_target_quantile_isomer_80_20_seed42,f0414567229604469a4c834cc0887f9210b9c2858c4ae7f76c68b09087064f9d
Fermi_E,main_and_supplementary,Q_+1,4143,96,1,train,42,within_Cn_target_quantile_isomer_80_20_seed42,f0414567229604469a4c834cc0887f9210b9c2858c4ae7f76c68b09087064f9d
Fermi_E,main_and_supplementary,Q_+1,4144,96,1,train,42,within_Cn_target_quantile_isomer_80_20_seed42,f0414567229604469a4c834cc0887f9210b9c2858c4ae7f76c68b09087064f9d
Fermi_E,main_and_supplementary,Q_+1,4145,96,1,train,42,within_Cn_target_quantile_isomer_80_20_seed42,f0414567229604469a4c834cc0887f9210b9c2858c4ae7f76c68b09087064f9d
Fermi_E,main_and_supplementary,Q_+1,4146,96,1,train,42,within_Cn_target_quantile_isomer_80_20_seed42,f0414567229604469a4c834cc0887f9210b9c2858c4ae7f76c68b09087064f9d
Fermi_E,main_and_supplementary,Q_+1,4147,96,1,train,42,within_Cn_target_quantile_isomer_80_20_seed42,f0414567229604469a4c834cc0887f9210b9c2858c4ae7f76c68b09087064f9d
Fermi_E,main_and_supplementary,Q_+1,4148,96,1,train,42,within_Cn_target_quantile_isomer_80_20_seed42,f0414567229604469a4c834cc0887f9210b9c2858c4ae7f76c68b09087064f9d
Fermi_E,main_and_supplementary,Q_+1,4149,96,1,train,42,within_Cn_target_quantile_isomer_80_20_seed42,f0414567229604469a4c834cc0887f9210b9c2858c4ae7f76c68b09087064f9d
Fermi_E,main_and_supplementary,Q_+1,4150,96,1,train,42,within_Cn_target_quantile_isomer_80_20_seed42,f0414567229604469a4c834cc0887f9210b9c2858c4ae7f76c68b09087064f9d
Fermi_E,main_and_supplementary,Q_+1,4151,96,1,train,42,within_Cn_target_quantile_isomer_80_20_seed42,f0414567229604469a4c834cc0887f9210b9c2858c4ae7f76c68b09087064f9d
Fermi_E,main_and_supplementary,Q_+1,4152,96,1,train,42,within_Cn_target_quantile_isomer_80_20_seed42,f0414567229604469a4c834cc0887f9210b9c2858c4ae7f76c68b09087064f9d
Fermi_E,main_and_supplementary,Q_+1,4153,96,1,train,42,within_Cn_target_quantile_isomer_80_20_seed42,f0414567229604469a4c834cc0887f9210b9c2858c4ae7f76c68b09087064f9d
Fermi_E,main_and_supplementary,Q_+1,4154,96,1,train,42,within_Cn_target_quantile_isomer_80_20_seed42,f0414567229604469a4c834cc0887f9210b9c2858c4ae7f76c68b09087064f9d
Fermi_E,main_and_supplementary,Q_+1,4156,96,1,train,42,within_Cn_target_quantile_isomer_80_20_seed42,f0414567229604469a4c834cc0887f9210b9c2858c4ae7f76c68b09087064f9d
Fermi_E,main_and_supplementary,Q_+1,4157,96,1,train,42,within_Cn_target_quantile_isomer_80_20_seed42,f0414567229604469a4c834cc0887f9210b9c2858c4ae7f76c68b09087064f9d
Fermi_E,main_and_supplementary,Q_+1,4158,96,1,train,42,within_Cn_target_quantile_isomer_80_20_seed42,f0414567229604469a4c834cc0887f9210b9c2858c4ae7f76c68b09087064f9d
Fermi_E,main_and_supplementary,Q_+1,4159,96,1,train,42,within_Cn_target_quantile_isomer_80_20_seed42,f0414567229604469a4c834cc0887f9210b9c2858c4ae7f76c68b09087064f9d
Fermi_E,main_and_supplementary,Q_+1,4161,96,1,train,42,within_Cn_target_quantile_isomer_80_20_seed42,f0414567229604469a4c834cc0887f9210b9c2858c4ae7f76c68b09087064f9d
Fermi_E,main_and_supplementary,Q_+1,4163,96,1,train,42,within_Cn_target_quantile_isomer_80_20_seed42,f0414567229604469a4c834cc0887f9210b9c2858c4ae7f76c68b09087064f9d
Fermi_E,main_and_supplementary,Q_+1,4164,96,1,train,42,within_Cn_target_quantile_isomer_80_20_seed42,f0414567229604469a4c834cc0887f9210b9c2858c4ae7f76c68b09087064f9d
Fermi_E,main_and_supplementary,Q_+1,4165,96,1,train,42,within_Cn_target_quantile_isomer_80_20_seed42,f0414567229604469a4c834cc0887f9210b9c2858c4ae7f76c68b09087064f9d
Fermi_E,main_and_supplementary,Q_+1,4166,96,1,train,42,within_Cn_target_quantile_isomer_80_20_seed42,f0414567229604469a4c834cc0887f9210b9c2858c4ae7f76c68b09087064f9d
Fermi_E,main_and_supplementary,Q_+1,4167,96,1,train,42,within_Cn_target_quantile_isomer_80_20_seed42,f0414567229604469a4c834cc0887f9210b9c2858c4ae7f76c68b09087064f9d
Fermi_E,main_and_supplementary,Q_+1,4170,96,1,train,42,within_Cn_target_quantile_isomer_80_20_seed42,f0414567229604469a4c834cc0887f9210b9c2858c4ae7f76c68b09087064f9d
Fermi_E,main_and_supplementary,Q_+1,4171,96,1,train,42,within_Cn_target_quantile_isomer_80_20_seed42,f0414567229604469a4c834cc0887f9210b9c2858c4ae7f76c68b09087064f9d
Fermi_E,main_and_supplementary,Q_+1,4172,96,1,train,42,within_Cn_target_quantile_isomer_80_20_seed42,f0414567229604469a4c834cc0887f9210b9c2858c4ae7f76c68b09087064f9d
Fermi_E,main_and_supplementary,Q_+1,4173,96,1,train,42,within_Cn_target_quantile_isomer_80_20_seed42,f0414567229604469a4c834cc0887f9210b9c2858c4ae7f76c68b09087064f9d
Fermi_E,main_and_supplementary,Q_+1,4174,96,1,train,42,within_Cn_target_quantile_isomer_80_20_seed42,f0414567229604469a4c834cc0887f9210b9c2858c4ae7f76c68b09087064f9d
Fermi_E,main_and_supplementary,Q_+1,4175,96,1,train,42,within_Cn_target_quantile_isomer_80_20_seed42,f0414567229604469a4c834cc0887f9210b9c2858c4ae7f76c68b09087064f9d
Fermi_E,main_and_supplementary,Q_+1,4178,96,1,train,42,within_Cn_target_quantile_isomer_80_20_seed42,f0414567229604469a4c834cc0887f9210b9c2858c4ae7f76c68b09087064f9d
Fermi_E,main_and_supplementary,Q_+1,4179,96,1,train,42,within_Cn_target_quantile_isomer_80_20_seed42,f0414567229604469a4c834cc0887f9210b9c2858c4ae7f76c68b09087064f9d
Fermi_E,main_and_supplementary,Q_+1,4180,96,1,train,42,within_Cn_target_quantile_isomer_80_20_seed42,f0414567229604469a4c834cc0887f9210b9c2858c4ae7f76c68b09087064f9d
Fermi_E,main_and_supplementary,Q_+1,4182,96,1,train,42,within_Cn_target_quantile_isomer_80_20_seed42,f0414567229604469a4c834cc0887f9210b9c2858c4ae7f76c68b09087064f9d
Fermi_E,main_and_supplementary,Q_+1,4183,96,1,train,42,within_Cn_target_quantile_isomer_80_20_seed42,f0414567229604469a4c834cc0887f9210b9c2858c4ae7f76c68b09087064f9d
Fermi_E,main_and_supplementary,Q_+1,4184,96,1,train,42,within_Cn_target_quantile_isomer_80_20_seed42,f0414567229604469a4c834cc0887f9210b9c2858c4ae7f76c68b09087064f9d
Fermi_E,main_and_supplementary,Q_+1,4185,96,1,train,42,within_Cn_target_quantile_isomer_80_20_seed42,f0414567229604469a4c834cc0887f9210b9c2858c4ae7f76c68b09087064f9d
Fermi_E,main_and_supplementary,Q_+1,4186,96,1,train,42,within_Cn_target_quantile_isomer_80_20_seed42,f0414567229604469a4c834cc0887f9210b9c2858c4ae7f76c68b09087064f9d
Fermi_E,main_and_supplementary,Q_+1,4188,96,1,train,42,within_Cn_target_quantile_isomer_80_20_seed42,f0414567229604469a4c834cc0887f9210b9c2858c4ae7f76c68b09087064f9d
Fermi_E,main_and_supplementary,Q_+1,4189,96,1,train,42,within_Cn_target_quantile_isomer_80_20_seed42,f0414567229604469a4c834cc0887f9210b9c2858c4ae7f76c68b09087064f9d
Fermi_E,main_and_supplementary,Q_+1,4190,96,1,train,42,within_Cn_target_quantile_isomer_80_20_seed42,f0414567229604469a4c834cc0887f9210b9c2858c4ae7f76c68b09087064f9d
Fermi_E,main_and_supplementary,Q_+1,4191,96,1,train,42,within_Cn_target_quantile_isomer_80_20_seed42,f0414567229604469a4c834cc0887f9210b9c2858c4ae7f76c68b09087064f9d
Fermi_E,main_and_supplementary,Q_+1,4192,96,1,train,42,within_Cn_target_quantile_isomer_80_20_seed42,f0414567229604469a4c834cc0887f9210b9c2858c4ae7f76c68b09087064f9d
Fermi_E,main_and_supplementary,Q_+1,4193,96,1,train,42,within_Cn_target_quantile_isomer_80_20_seed42,f0414567229604469a4c834cc0887f9210b9c2858c4ae7f76c68b09087064f9d
Fermi_E,main_and_supplementary,Q_+1,4194,96,1,train,42,within_Cn_target_quantile_isomer_80_20_seed42,f0414567229604469a4c834cc0887f9210b9c2858c4ae7f76c68b09087064f9d
Fermi_E,main_and_supplementary,Q_+1,4195,96,1,train,42,within_Cn_target_quantile_isomer_80_20_seed42,f0414567229604469a4c834cc0887f9210b9c2858c4ae7f76c68b09087064f9d
Fermi_E,main_and_supplementary,Q_+1,4197,96,1,train,42,within_Cn_target_quantile_isomer_80_20_seed42,f0414567229604469a4c834cc0887f9210b9c2858c4ae7f76c68b09087064f9d
Fermi_E,main_and_supplementary,Q_+1,4198,96,1,train,42,within_Cn_target_quantile_isomer_80_20_seed42,f0414567229604469a4c834cc0887f9210b9c2858c4ae7f76c68b09087064f9d
Fermi_E,main_and_supplementary,Q_+1,4200,96,1,train,42,within_Cn_target_quantile_isomer_80_20_seed42,f0414567229604469a4c834cc0887f9210b9c2858c4ae7f76c68b09087064f9d
Fermi_E,main_and_supplementary,Q_+1,4201,96,1,train,42,within_Cn_target_quantile_isomer_80_20_seed42,f0414567229604469a4c834cc0887f9210b9c2858c4ae7f76c68b09087064f9d
Fermi_E,main_and_supplementary,Q_+1,4203,96,1,train,42,within_Cn_target_quantile_isomer_80_20_seed42,f0414567229604469a4c834cc0887f9210b9c2858c4ae7f76c68b09087064f9d
Fermi_E,main_and_supplementary,Q_+1,4204,96,1,train,42,within_Cn_target_quantile_isomer_80_20_seed42,f0414567229604469a4c834cc0887f9210b9c2858c4ae7f76c68b09087064f9d
Fermi_E,main_and_supplementary,Q_+1,4205,96,1,train,42,within_Cn_target_quantile_isomer_80_20_seed42,f0414567229604469a4c834cc0887f9210b9c2858c4ae7f76c68b09087064f9d
Fermi_E,main_and_supplementary,Q_+1,4208,96,1,train,42,within_Cn_target_quantile_isomer_80_20_seed42,f0414567229604469a4c834cc0887f9210b9c2858c4ae7f76c68b09087064f9d
Fermi_E,main_and_supplementary,Q_+1,4209,96,1,train,42,within_Cn_target_quantile_isomer_80_20_seed42,f0414567229604469a4c834cc0887f9210b9c2858c4ae7f76c68b09087064f9d
Fermi_E,main_and_supplementary,Q_+1,4210,96,1,train,42,within_Cn_target_quantile_isomer_80_20_seed42,f0414567229604469a4c834cc0887f9210b9c2858c4ae7f76c68b09087064f9d
Fermi_E,main_and_supplementary,Q_+1,4212,96,1,train,42,within_Cn_target_quantile_isomer_80_20_seed42,f0414567229604469a4c834cc0887f9210b9c2858c4ae7f76c68b09087064f9d
Fermi_E,main_and_supplementary,Q_+1,4213,96,1,train,42,within_Cn_target_quantile_isomer_80_20_seed42,f0414567229604469a4c834cc0887f9210b9c2858c4ae7f76c68b09087064f9d
Fermi_E,main_and_supplementary,Q_+1,4215,96,1,train,42,within_Cn_target_quantile_isomer_80_20_seed42,f0414567229604469a4c834cc0887f9210b9c2858c4ae7f76c68b09087064f9d
Fermi_E,main_and_supplementary,Q_+1,4217,96,1,train,42,within_Cn_target_quantile_isomer_80_20_seed42,f0414567229604469a4c834cc0887f9210b9c2858c4ae7f76c68b09087064f9d
Fermi_E,main_and_supplementary,Q_+1,4219,96,1,train,42,within_Cn_target_quantile_isomer_80_20_seed42,f0414567229604469a4c834cc0887f9210b9c2858c4ae7f76c68b09087064f9d
Fermi_E,main_and_supplementary,Q_+1,4220,96,1,train,42,within_Cn_target_quantile_isomer_80_20_seed42,f0414567229604469a4c834cc0887f9210b9c2858c4ae7f76c68b09087064f9d
Fermi_E,main_and_supplementary,Q_+1,4221,96,1,train,42,within_Cn_target_quantile_isomer_80_20_seed42,f0414567229604469a4c834cc0887f9210b9c2858c4ae7f76c68b09087064f9d
Fermi_E,main_and_supplementary,Q_+1,4222,96,1,train,42,within_Cn_target_quantile_isomer_80_20_seed42,f0414567229604469a4c834cc0887f9210b9c2858c4ae7f76c68b09087064f9d
Fermi_E,main_and_supplementary,Q_+1,4223,96,1,train,42,within_Cn_target_quantile_isomer_80_20_seed42,f0414567229604469a4c834cc0887f9210b9c2858c4ae7f76c68b09087064f9d
Fermi_E,main_and_supplementary,Q_+1,4224,96,1,train,42,within_Cn_target_quantile_isomer_80_20_seed42,f0414567229604469a4c834cc0887f9210b9c2858c4ae7f76c68b09087064f9d
Fermi_E,main_and_supplementary,Q_+1,4225,96,1,train,42,within_Cn_target_quantile_isomer_80_20_seed42,f0414567229604469a4c834cc0887f9210b9c2858c4ae7f76c68b09087064f9d
Fermi_E,main_and_supplementary,Q_+1,4226,96,1,train,42,within_Cn_target_quantile_isomer_80_20_seed42,f0414567229604469a4c834cc0887f9210b9c2858c4ae7f76c68b09087064f9d
Fermi_E,main_and_supplementary,Q_+1,4227,96,1,train,42,within_Cn_target_quantile_isomer_80_20_seed42,f0414567229604469a4c834cc0887f9210b9c2858c4ae7f76c68b09087064f9d
Fermi_E,main_and_supplementary,Q_+1,4229,96,1,train,42,within_Cn_target_quantile_isomer_80_20_seed42,f0414567229604469a4c834cc0887f9210b9c2858c4ae7f76c68b09087064f9d
Fermi_E,main_and_supplementary,Q_+1,4230,96,1,train,42,within_Cn_target_quantile_isomer_80_20_seed42,f0414567229604469a4c834cc0887f9210b9c2858c4ae7f76c68b09087064f9d
Fermi_E,main_and_supplementary,Q_+1,4231,96,1,train,42,within_Cn_target_quantile_isomer_80_20_seed42,f0414567229604469a4c834cc0887f9210b9c2858c4ae7f76c68b09087064f9d
Fermi_E,main_and_supplementary,Q_+1,4232,96,1,train,42,within_Cn_target_quantile_isomer_80_20_seed42,f0414567229604469a4c834cc0887f9210b9c2858c4ae7f76c68b09087064f9d
Fermi_E,main_and_supplementary,Q_+1,4233,96,1,train,42,within_Cn_target_quantile_isomer_80_20_seed42,f0414567229604469a4c834cc0887f9210b9c2858c4ae7f76c68b09087064f9d
Fermi_E,main_and_supplementary,Q_+1,4234,96,1,train,42,within_Cn_target_quantile_isomer_80_20_seed42,f0414567229604469a4c834cc0887f9210b9c2858c4ae7f76c68b09087064f9d
Fermi_E,main_and_supplementary,Q_+1,4235,96,1,train,42,within_Cn_target_quantile_isomer_80_20_seed42,f0414567229604469a4c834cc0887f9210b9c2858c4ae7f76c68b09087064f9d
Fermi_E,main_and_supplementary,Q_+1,4238,96,1,train,42,within_Cn_target_quantile_isomer_80_20_seed42,f0414567229604469a4c834cc0887f9210b9c2858c4ae7f76c68b09087064f9d
Fermi_E,main_and_supplementary,Q_+1,4239,96,1,train,42,within_Cn_target_quantile_isomer_80_20_seed42,f0414567229604469a4c834cc0887f9210b9c2858c4ae7f76c68b09087064f9d
Fermi_E,main_and_supplementary,Q_+1,4241,96,1,train,42,within_Cn_target_quantile_isomer_80_20_seed42,f0414567229604469a4c834cc0887f9210b9c2858c4ae7f76c68b09087064f9d
Fermi_E,main_and_supplementary,Q_+1,4242,96,1,train,42,within_Cn_target_quantile_isomer_80_20_seed42,f0414567229604469a4c834cc0887f9210b9c2858c4ae7f76c68b09087064f9d
Fermi_E,main_and_supplementary,Q_+1,4243,96,1,train,42,within_Cn_target_quantile_isomer_80_20_seed42,f0414567229604469a4c834cc0887f9210b9c2858c4ae7f76c68b09087064f9d
Fermi_E,main_and_supplementary,Q_+1,4244,96,1,train,42,within_Cn_target_quantile_isomer_80_20_seed42,f0414567229604469a4c834cc0887f9210b9c2858c4ae7f76c68b09087064f9d
Fermi_E,main_and_supplementary,Q_+1,4245,96,1,train,42,within_Cn_target_quantile_isomer_80_20_seed42,f0414567229604469a4c834cc0887f9210b9c2858c4ae7f76c68b09087064f9d
Fermi_E,main_and_supplementary,Q_+1,4246,96,1,train,42,within_Cn_target_quantile_isomer_80_20_seed42,f0414567229604469a4c834cc0887f9210b9c2858c4ae7f76c68b09087064f9d
Fermi_E,main_and_supplementary,Q_+1,4247,96,1,train,42,within_Cn_target_quantile_isomer_80_20_seed42,f0414567229604469a4c834cc0887f9210b9c2858c4ae7f76c68b09087064f9d
Fermi_E,main_and_supplementary,Q_+1,4248,96,1,train,42,within_Cn_target_quantile_isomer_80_20_seed42,f0414567229604469a4c834cc0887f9210b9c2858c4ae7f76c68b09087064f9d
Fermi_E,main_and_supplementary,Q_+1,4250,96,1,train,42,within_Cn_target_quantile_isomer_80_20_seed42,f0414567229604469a4c834cc0887f9210b9c2858c4ae7f76c68b09087064f9d
Fermi_E,main_and_supplementary,Q_+1,4252,96,1,train,42,within_Cn_target_quantile_isomer_80_20_seed42,f0414567229604469a4c834cc0887f9210b9c2858c4ae7f76c68b09087064f9d
Fermi_E,main_and_supplementary,Q_+1,4253,96,1,train,42,within_Cn_target_quantile_isomer_80_20_seed42,f0414567229604469a4c834cc0887f9210b9c2858c4ae7f76c68b09087064f9d
Fermi_E,main_and_supplementary,Q_+1,4254,96,1,train,42,within_Cn_target_quantile_isomer_80_20_seed42,f0414567229604469a4c834cc0887f9210b9c2858c4ae7f76c68b09087064f9d
Fermi_E,main_and_supplementary,Q_+1,4255,96,1,train,42,within_Cn_target_quantile_isomer_80_20_seed42,f0414567229604469a4c834cc0887f9210b9c2858c4ae7f76c68b09087064f9d
Fermi_E,main_and_supplementary,Q_+1,4256,96,1,train,42,within_Cn_target_quantile_isomer_80_20_seed42,f0414567229604469a4c834cc0887f9210b9c2858c4ae7f76c68b09087064f9d
Fermi_E,main_and_supplementary,Q_+1,4257,96,1,train,42,within_Cn_target_quantile_isomer_80_20_seed42,f0414567229604469a4c834cc0887f9210b9c2858c4ae7f76c68b09087064f9d
Fermi_E,main_and_supplementary,Q_+1,4258,96,1,train,42,within_Cn_target_quantile_isomer_80_20_seed42,f0414567229604469a4c834cc0887f9210b9c2858c4ae7f76c68b09087064f9d
Fermi_E,main_and_supplementary,Q_+1,4259,98,1,train,42,within_Cn_target_quantile_isomer_80_20_seed42,f0414567229604469a4c834cc0887f9210b9c2858c4ae7f76c68b09087064f9d
Fermi_E,main_and_supplementary,Q_+1,4260,98,1,train,42,within_Cn_target_quantile_isomer_80_20_seed42,f0414567229604469a4c834cc0887f9210b9c2858c4ae7f76c68b09087064f9d
Fermi_E,main_and_supplementary,Q_+1,4261,98,1,train,42,within_Cn_target_quantile_isomer_80_20_seed42,f0414567229604469a4c834cc0887f9210b9c2858c4ae7f76c68b09087064f9d
Fermi_E,main_and_supplementary,Q_+1,4262,98,1,train,42,within_Cn_target_quantile_isomer_80_20_seed42,f0414567229604469a4c834cc0887f9210b9c2858c4ae7f76c68b09087064f9d
Fermi_E,main_and_supplementary,Q_+1,4263,98,1,train,42,within_Cn_target_quantile_isomer_80_20_seed42,f0414567229604469a4c834cc0887f9210b9c2858c4ae7f76c68b09087064f9d
Fermi_E,main_and_supplementary,Q_+1,4264,98,1,train,42,within_Cn_target_quantile_isomer_80_20_seed42,f0414567229604469a4c834cc0887f9210b9c2858c4ae7f76c68b09087064f9d
Fermi_E,main_and_supplementary,Q_+1,4265,98,1,train,42,within_Cn_target_quantile_isomer_80_20_seed42,f0414567229604469a4c834cc0887f9210b9c2858c4ae7f76c68b09087064f9d
Fermi_E,main_and_supplementary,Q_+1,4266,98,1,train,42,within_Cn_target_quantile_isomer_80_20_seed42,f0414567229604469a4c834cc0887f9210b9c2858c4ae7f76c68b09087064f9d
Fermi_E,main_and_supplementary,Q_+1,4267,98,1,train,42,within_Cn_target_quantile_isomer_80_20_seed42,f0414567229604469a4c834cc0887f9210b9c2858c4ae7f76c68b09087064f9d
Fermi_E,main_and_supplementary,Q_+1,4269,98,1,train,42,within_Cn_target_quantile_isomer_80_20_seed42,f0414567229604469a4c834cc0887f9210b9c2858c4ae7f76c68b09087064f9d
Fermi_E,main_and_supplementary,Q_+1,4270,98,1,train,42,within_Cn_target_quantile_isomer_80_20_seed42,f0414567229604469a4c834cc0887f9210b9c2858c4ae7f76c68b09087064f9d
Fermi_E,main_and_supplementary,Q_+1,4272,98,1,train,42,within_Cn_target_quantile_isomer_80_20_seed42,f0414567229604469a4c834cc0887f9210b9c2858c4ae7f76c68b09087064f9d
Fermi_E,main_and_supplementary,Q_+1,4273,98,1,train,42,within_Cn_target_quantile_isomer_80_20_seed42,f0414567229604469a4c834cc0887f9210b9c2858c4ae7f76c68b09087064f9d
Fermi_E,main_and_supplementary,Q_+1,4274,98,1,train,42,within_Cn_target_quantile_isomer_80_20_seed42,f0414567229604469a4c834cc0887f9210b9c2858c4ae7f76c68b09087064f9d
Fermi_E,main_and_supplementary,Q_+1,4275,98,1,train,42,within_Cn_target_quantile_isomer_80_20_seed42,f0414567229604469a4c834cc0887f9210b9c2858c4ae7f76c68b09087064f9d
Fermi_E,main_and_supplementary,Q_+1,4277,98,1,train,42,within_Cn_target_quantile_isomer_80_20_seed42,f0414567229604469a4c834cc0887f9210b9c2858c4ae7f76c68b09087064f9d
Fermi_E,main_and_supplementary,Q_+1,4278,98,1,train,42,within_Cn_target_quantile_isomer_80_20_seed42,f0414567229604469a4c834cc0887f9210b9c2858c4ae7f76c68b09087064f9d
Fermi_E,main_and_supplementary,Q_+1,4279,98,1,train,42,within_Cn_target_quantile_isomer_80_20_seed42,f0414567229604469a4c834cc0887f9210b9c2858c4ae7f76c68b09087064f9d
Fermi_E,main_and_supplementary,Q_+1,4280,98,1,train,42,within_Cn_target_quantile_isomer_80_20_seed42,f0414567229604469a4c834cc0887f9210b9c2858c4ae7f76c68b09087064f9d
Fermi_E,main_and_supplementary,Q_+1,4281,98,1,train,42,within_Cn_target_quantile_isomer_80_20_seed42,f0414567229604469a4c834cc0887f9210b9c2858c4ae7f76c68b09087064f9d
Fermi_E,main_and_supplementary,Q_+1,4282,98,1,train,42,within_Cn_target_quantile_isomer_80_20_seed42,f0414567229604469a4c834cc0887f9210b9c2858c4ae7f76c68b09087064f9d
Fermi_E,main_and_supplementary,Q_+1,4283,98,1,train,42,within_Cn_target_quantile_isomer_80_20_seed42,f0414567229604469a4c834cc0887f9210b9c2858c4ae7f76c68b09087064f9d
Fermi_E,main_and_supplementary,Q_+1,4284,98,1,train,42,within_Cn_target_quantile_isomer_80_20_seed42,f0414567229604469a4c834cc0887f9210b9c2858c4ae7f76c68b09087064f9d
Fermi_E,main_and_supplementary,Q_+1,4285,98,1,train,42,within_Cn_target_quantile_isomer_80_20_seed42,f0414567229604469a4c834cc0887f9210b9c2858c4ae7f76c68b09087064f9d
Fermi_E,main_and_supplementary,Q_+1,4286,98,1,train,42,within_Cn_target_quantile_isomer_80_20_seed42,f0414567229604469a4c834cc0887f9210b9c2858c4ae7f76c68b09087064f9d
Fermi_E,main_and_supplementary,Q_+1,4287,98,1,train,42,within_Cn_target_quantile_isomer_80_20_seed42,f0414567229604469a4c834cc0887f9210b9c2858c4ae7f76c68b09087064f9d
Fermi_E,main_and_supplementary,Q_+1,4288,98,1,train,42,within_Cn_target_quantile_isomer_80_20_seed42,f0414567229604469a4c834cc0887f9210b9c2858c4ae7f76c68b09087064f9d
Fermi_E,main_and_supplementary,Q_+1,4289,98,1,train,42,within_Cn_target_quantile_isomer_80_20_seed42,f0414567229604469a4c834cc0887f9210b9c2858c4ae7f76c68b09087064f9d
Fermi_E,main_and_supplementary,Q_+1,4290,98,1,train,42,within_Cn_target_quantile_isomer_80_20_seed42,f0414567229604469a4c834cc0887f9210b9c2858c4ae7f76c68b09087064f9d
Fermi_E,main_and_supplementary,Q_+1,4292,98,1,train,42,within_Cn_target_quantile_isomer_80_20_seed42,f0414567229604469a4c834cc0887f9210b9c2858c4ae7f76c68b09087064f9d
Fermi_E,main_and_supplementary,Q_+1,4293,98,1,train,42,within_Cn_target_quantile_isomer_80_20_seed42,f0414567229604469a4c834cc0887f9210b9c2858c4ae7f76c68b09087064f9d
Fermi_E,main_and_supplementary,Q_+1,4295,98,1,train,42,within_Cn_target_quantile_isomer_80_20_seed42,f0414567229604469a4c834cc0887f9210b9c2858c4ae7f76c68b09087064f9d
Fermi_E,main_and_supplementary,Q_+1,4297,98,1,train,42,within_Cn_target_quantile_isomer_80_20_seed42,f0414567229604469a4c834cc0887f9210b9c2858c4ae7f76c68b09087064f9d
Fermi_E,main_and_supplementary,Q_+1,4298,98,1,train,42,within_Cn_target_quantile_isomer_80_20_seed42,f0414567229604469a4c834cc0887f9210b9c2858c4ae7f76c68b09087064f9d
Fermi_E,main_and_supplementary,Q_+1,4299,98,1,train,42,within_Cn_target_quantile_isomer_80_20_seed42,f0414567229604469a4c834cc0887f9210b9c2858c4ae7f76c68b09087064f9d
Fermi_E,main_and_supplementary,Q_+1,4301,98,1,train,42,within_Cn_target_quantile_isomer_80_20_seed42,f0414567229604469a4c834cc0887f9210b9c2858c4ae7f76c68b09087064f9d
Fermi_E,main_and_supplementary,Q_+1,4302,98,1,train,42,within_Cn_target_quantile_isomer_80_20_seed42,f0414567229604469a4c834cc0887f9210b9c2858c4ae7f76c68b09087064f9d
Fermi_E,main_and_supplementary,Q_+1,4303,98,1,train,42,within_Cn_target_quantile_isomer_80_20_seed42,f0414567229604469a4c834cc0887f9210b9c2858c4ae7f76c68b09087064f9d
Fermi_E,main_and_supplementary,Q_+1,4304,98,1,train,42,within_Cn_target_quantile_isomer_80_20_seed42,f0414567229604469a4c834cc0887f9210b9c2858c4ae7f76c68b09087064f9d
Fermi_E,main_and_supplementary,Q_+1,4305,98,1,train,42,within_Cn_target_quantile_isomer_80_20_seed42,f0414567229604469a4c834cc0887f9210b9c2858c4ae7f76c68b09087064f9d
Fermi_E,main_and_supplementary,Q_+1,4308,98,1,train,42,within_Cn_target_quantile_isomer_80_20_seed42,f0414567229604469a4c834cc0887f9210b9c2858c4ae7f76c68b09087064f9d
Fermi_E,main_and_supplementary,Q_+1,4310,98,1,train,42,within_Cn_target_quantile_isomer_80_20_seed42,f0414567229604469a4c834cc0887f9210b9c2858c4ae7f76c68b09087064f9d
Fermi_E,main_and_supplementary,Q_+1,4311,98,1,train,42,within_Cn_target_quantile_isomer_80_20_seed42,f0414567229604469a4c834cc0887f9210b9c2858c4ae7f76c68b09087064f9d
Fermi_E,main_and_supplementary,Q_+1,4313,98,1,train,42,within_Cn_target_quantile_isomer_80_20_seed42,f0414567229604469a4c834cc0887f9210b9c2858c4ae7f76c68b09087064f9d
Fermi_E,main_and_supplementary,Q_+1,4314,98,1,train,42,within_Cn_target_quantile_isomer_80_20_seed42,f0414567229604469a4c834cc0887f9210b9c2858c4ae7f76c68b09087064f9d
Fermi_E,main_and_supplementary,Q_+1,4318,98,1,train,42,within_Cn_target_quantile_isomer_80_20_seed42,f0414567229604469a4c834cc0887f9210b9c2858c4ae7f76c68b09087064f9d
Fermi_E,main_and_supplementary,Q_+1,4319,98,1,train,42,within_Cn_target_quantile_isomer_80_20_seed42,f0414567229604469a4c834cc0887f9210b9c2858c4ae7f76c68b09087064f9d
Fermi_E,main_and_supplementary,Q_+1,4320,98,1,train,42,within_Cn_target_quantile_isomer_80_20_seed42,f0414567229604469a4c834cc0887f9210b9c2858c4ae7f76c68b09087064f9d
Fermi_E,main_and_supplementary,Q_+1,4321,98,1,train,42,within_Cn_target_quantile_isomer_80_20_seed42,f0414567229604469a4c834cc0887f9210b9c2858c4ae7f76c68b09087064f9d
Fermi_E,main_and_supplementary,Q_+1,4323,98,1,train,42,within_Cn_target_quantile_isomer_80_20_seed42,f0414567229604469a4c834cc0887f9210b9c2858c4ae7f76c68b09087064f9d
Fermi_E,main_and_supplementary,Q_+1,4324,98,1,train,42,within_Cn_target_quantile_isomer_80_20_seed42,f0414567229604469a4c834cc0887f9210b9c2858c4ae7f76c68b09087064f9d
Fermi_E,main_and_supplementary,Q_+1,4325,98,1,train,42,within_Cn_target_quantile_isomer_80_20_seed42,f0414567229604469a4c834cc0887f9210b9c2858c4ae7f76c68b09087064f9d
Fermi_E,main_and_supplementary,Q_+1,4326,98,1,train,42,within_Cn_target_quantile_isomer_80_20_seed42,f0414567229604469a4c834cc0887f9210b9c2858c4ae7f76c68b09087064f9d
Fermi_E,main_and_supplementary,Q_+1,4327,98,1,train,42,within_Cn_target_quantile_isomer_80_20_seed42,f0414567229604469a4c834cc0887f9210b9c2858c4ae7f76c68b09087064f9d
Fermi_E,main_and_supplementary,Q_+1,4328,98,1,train,42,within_Cn_target_quantile_isomer_80_20_seed42,f0414567229604469a4c834cc0887f9210b9c2858c4ae7f76c68b09087064f9d
Fermi_E,main_and_supplementary,Q_+1,4329,98,1,train,42,within_Cn_target_quantile_isomer_80_20_seed42,f0414567229604469a4c834cc0887f9210b9c2858c4ae7f76c68b09087064f9d
Fermi_E,main_and_supplementary,Q_+1,4330,98,1,train,42,within_Cn_target_quantile_isomer_80_20_seed42,f0414567229604469a4c834cc0887f9210b9c2858c4ae7f76c68b09087064f9d
Fermi_E,main_and_supplementary,Q_+1,4331,98,1,train,42,within_Cn_target_quantile_isomer_80_20_seed42,f0414567229604469a4c834cc0887f9210b9c2858c4ae7f76c68b09087064f9d
Fermi_E,main_and_supplementary,Q_+1,4332,98,1,train,42,within_Cn_target_quantile_isomer_80_20_seed42,f0414567229604469a4c834cc0887f9210b9c2858c4ae7f76c68b09087064f9d
Fermi_E,main_and_supplementary,Q_+1,4333,98,1,train,42,within_Cn_target_quantile_isomer_80_20_seed42,f0414567229604469a4c834cc0887f9210b9c2858c4ae7f76c68b09087064f9d
Fermi_E,main_and_supplementary,Q_+1,4336,98,1,train,42,within_Cn_target_quantile_isomer_80_20_seed42,f0414567229604469a4c834cc0887f9210b9c2858c4ae7f76c68b09087064f9d
Fermi_E,main_and_supplementary,Q_+1,4337,98,1,train,42,within_Cn_target_quantile_isomer_80_20_seed42,f0414567229604469a4c834cc0887f9210b9c2858c4ae7f76c68b09087064f9d
Fermi_E,main_and_supplementary,Q_+1,4338,98,1,train,42,within_Cn_target_quantile_isomer_80_20_seed42,f0414567229604469a4c834cc0887f9210b9c2858c4ae7f76c68b09087064f9d
Fermi_E,main_and_supplementary,Q_+1,4339,98,1,train,42,within_Cn_target_quantile_isomer_80_20_seed42,f0414567229604469a4c834cc0887f9210b9c2858c4ae7f76c68b09087064f9d
Fermi_E,main_and_supplementary,Q_+1,4340,98,1,train,42,within_Cn_target_quantile_isomer_80_20_seed42,f0414567229604469a4c834cc0887f9210b9c2858c4ae7f76c68b09087064f9d
Fermi_E,main_and_supplementary,Q_+1,4342,98,1,train,42,within_Cn_target_quantile_isomer_80_20_seed42,f0414567229604469a4c834cc0887f9210b9c2858c4ae7f76c68b09087064f9d
Fermi_E,main_and_supplementary,Q_+1,4343,98,1,train,42,within_Cn_target_quantile_isomer_80_20_seed42,f0414567229604469a4c834cc0887f9210b9c2858c4ae7f76c68b09087064f9d
Fermi_E,main_and_supplementary,Q_+1,4344,98,1,train,42,within_Cn_target_quantile_isomer_80_20_seed42,f0414567229604469a4c834cc0887f9210b9c2858c4ae7f76c68b09087064f9d
Fermi_E,main_and_supplementary,Q_+1,4347,98,1,train,42,within_Cn_target_quantile_isomer_80_20_seed42,f0414567229604469a4c834cc0887f9210b9c2858c4ae7f76c68b09087064f9d
Fermi_E,main_and_supplementary,Q_+1,4348,98,1,train,42,within_Cn_target_quantile_isomer_80_20_seed42,f0414567229604469a4c834cc0887f9210b9c2858c4ae7f76c68b09087064f9d
Fermi_E,main_and_supplementary,Q_+1,4350,98,1,train,42,within_Cn_target_quantile_isomer_80_20_seed42,f0414567229604469a4c834cc0887f9210b9c2858c4ae7f76c68b09087064f9d
Fermi_E,main_and_supplementary,Q_+1,4351,98,1,train,42,within_Cn_target_quantile_isomer_80_20_seed42,f0414567229604469a4c834cc0887f9210b9c2858c4ae7f76c68b09087064f9d
Fermi_E,main_and_supplementary,Q_+1,4352,98,1,train,42,within_Cn_target_quantile_isomer_80_20_seed42,f0414567229604469a4c834cc0887f9210b9c2858c4ae7f76c68b09087064f9d
Fermi_E,main_and_supplementary,Q_+1,4354,98,1,train,42,within_Cn_target_quantile_isomer_80_20_seed42,f0414567229604469a4c834cc0887f9210b9c2858c4ae7f76c68b09087064f9d
Fermi_E,main_and_supplementary,Q_+1,4355,98,1,train,42,within_Cn_target_quantile_isomer_80_20_seed42,f0414567229604469a4c834cc0887f9210b9c2858c4ae7f76c68b09087064f9d
Fermi_E,main_and_supplementary,Q_+1,4356,98,1,train,42,within_Cn_target_quantile_isomer_80_20_seed42,f0414567229604469a4c834cc0887f9210b9c2858c4ae7f76c68b09087064f9d
Fermi_E,main_and_supplementary,Q_+1,4357,98,1,train,42,within_Cn_target_quantile_isomer_80_20_seed42,f0414567229604469a4c834cc0887f9210b9c2858c4ae7f76c68b09087064f9d
Fermi_E,main_and_supplementary,Q_+1,4358,98,1,train,42,within_Cn_target_quantile_isomer_80_20_seed42,f0414567229604469a4c834cc0887f9210b9c2858c4ae7f76c68b09087064f9d
Fermi_E,main_and_supplementary,Q_+1,4359,98,1,train,42,within_Cn_target_quantile_isomer_80_20_seed42,f0414567229604469a4c834cc0887f9210b9c2858c4ae7f76c68b09087064f9d
Fermi_E,main_and_supplementary,Q_+1,4360,98,1,train,42,within_Cn_target_quantile_isomer_80_20_seed42,f0414567229604469a4c834cc0887f9210b9c2858c4ae7f76c68b09087064f9d
Fermi_E,main_and_supplementary,Q_+1,4361,98,1,train,42,within_Cn_target_quantile_isomer_80_20_seed42,f0414567229604469a4c834cc0887f9210b9c2858c4ae7f76c68b09087064f9d
Fermi_E,main_and_supplementary,Q_+1,4362,98,1,train,42,within_Cn_target_quantile_isomer_80_20_seed42,f0414567229604469a4c834cc0887f9210b9c2858c4ae7f76c68b09087064f9d
Fermi_E,main_and_supplementary,Q_+1,4363,98,1,train,42,within_Cn_target_quantile_isomer_80_20_seed42,f0414567229604469a4c834cc0887f9210b9c2858c4ae7f76c68b09087064f9d
Fermi_E,main_and_supplementary,Q_+1,4365,98,1,train,42,within_Cn_target_quantile_isomer_80_20_seed42,f0414567229604469a4c834cc0887f9210b9c2858c4ae7f76c68b09087064f9d
Fermi_E,main_and_supplementary,Q_+1,4367,98,1,train,42,within_Cn_target_quantile_isomer_80_20_seed42,f0414567229604469a4c834cc0887f9210b9c2858c4ae7f76c68b09087064f9d
Fermi_E,main_and_supplementary,Q_+1,4368,98,1,train,42,within_Cn_target_quantile_isomer_80_20_seed42,f0414567229604469a4c834cc0887f9210b9c2858c4ae7f76c68b09087064f9d
Fermi_E,main_and_supplementary,Q_+1,4369,98,1,train,42,within_Cn_target_quantile_isomer_80_20_seed42,f0414567229604469a4c834cc0887f9210b9c2858c4ae7f76c68b09087064f9d
Fermi_E,main_and_supplementary,Q_+1,4371,98,1,train,42,within_Cn_target_quantile_isomer_80_20_seed42,f0414567229604469a4c834cc0887f9210b9c2858c4ae7f76c68b09087064f9d
Fermi_E,main_and_supplementary,Q_+1,4372,98,1,train,42,within_Cn_target_quantile_isomer_80_20_seed42,f0414567229604469a4c834cc0887f9210b9c2858c4ae7f76c68b09087064f9d
Fermi_E,main_and_supplementary,Q_+1,4373,98,1,train,42,within_Cn_target_quantile_isomer_80_20_seed42,f0414567229604469a4c834cc0887f9210b9c2858c4ae7f76c68b09087064f9d
Fermi_E,main_and_supplementary,Q_+1,4374,98,1,train,42,within_Cn_target_quantile_isomer_80_20_seed42,f0414567229604469a4c834cc0887f9210b9c2858c4ae7f76c68b09087064f9d
Fermi_E,main_and_supplementary,Q_+1,4375,98,1,train,42,within_Cn_target_quantile_isomer_80_20_seed42,f0414567229604469a4c834cc0887f9210b9c2858c4ae7f76c68b09087064f9d
Fermi_E,main_and_supplementary,Q_+1,4376,98,1,train,42,within_Cn_target_quantile_isomer_80_20_seed42,f0414567229604469a4c834cc0887f9210b9c2858c4ae7f76c68b09087064f9d
Fermi_E,main_and_supplementary,Q_+1,4377,98,1,train,42,within_Cn_target_quantile_isomer_80_20_seed42,f0414567229604469a4c834cc0887f9210b9c2858c4ae7f76c68b09087064f9d
Fermi_E,main_and_supplementary,Q_+1,4379,98,1,train,42,within_Cn_target_quantile_isomer_80_20_seed42,f0414567229604469a4c834cc0887f9210b9c2858c4ae7f76c68b09087064f9d
Fermi_E,main_and_supplementary,Q_+1,4380,98,1,train,42,within_Cn_target_quantile_isomer_80_20_seed42,f0414567229604469a4c834cc0887f9210b9c2858c4ae7f76c68b09087064f9d
Fermi_E,main_and_supplementary,Q_+1,4382,98,1,train,42,within_Cn_target_quantile_isomer_80_20_seed42,f0414567229604469a4c834cc0887f9210b9c2858c4ae7f76c68b09087064f9d
Fermi_E,main_and_supplementary,Q_+1,4383,98,1,train,42,within_Cn_target_quantile_isomer_80_20_seed42,f0414567229604469a4c834cc0887f9210b9c2858c4ae7f76c68b09087064f9d
Fermi_E,main_and_supplementary,Q_+1,4385,98,1,train,42,within_Cn_target_quantile_isomer_80_20_seed42,f0414567229604469a4c834cc0887f9210b9c2858c4ae7f76c68b09087064f9d
Fermi_E,main_and_supplementary,Q_+1,4386,98,1,train,42,within_Cn_target_quantile_isomer_80_20_seed42,f0414567229604469a4c834cc0887f9210b9c2858c4ae7f76c68b09087064f9d
Fermi_E,main_and_supplementary,Q_+1,4387,98,1,train,42,within_Cn_target_quantile_isomer_80_20_seed42,f0414567229604469a4c834cc0887f9210b9c2858c4ae7f76c68b09087064f9d
Fermi_E,main_and_supplementary,Q_+1,4389,98,1,train,42,within_Cn_target_quantile_isomer_80_20_seed42,f0414567229604469a4c834cc0887f9210b9c2858c4ae7f76c68b09087064f9d
Fermi_E,main_and_supplementary,Q_+1,4390,98,1,train,42,within_Cn_target_quantile_isomer_80_20_seed42,f0414567229604469a4c834cc0887f9210b9c2858c4ae7f76c68b09087064f9d
Fermi_E,main_and_supplementary,Q_+1,4392,98,1,train,42,within_Cn_target_quantile_isomer_80_20_seed42,f0414567229604469a4c834cc0887f9210b9c2858c4ae7f76c68b09087064f9d
Fermi_E,main_and_supplementary,Q_+1,4393,98,1,train,42,within_Cn_target_quantile_isomer_80_20_seed42,f0414567229604469a4c834cc0887f9210b9c2858c4ae7f76c68b09087064f9d
Fermi_E,main_and_supplementary,Q_+1,4394,98,1,train,42,within_Cn_target_quantile_isomer_80_20_seed42,f0414567229604469a4c834cc0887f9210b9c2858c4ae7f76c68b09087064f9d
Fermi_E,main_and_supplementary,Q_+1,4395,98,1,train,42,within_Cn_target_quantile_isomer_80_20_seed42,f0414567229604469a4c834cc0887f9210b9c2858c4ae7f76c68b09087064f9d
Fermi_E,main_and_supplementary,Q_+1,4396,98,1,train,42,within_Cn_target_quantile_isomer_80_20_seed42,f0414567229604469a4c834cc0887f9210b9c2858c4ae7f76c68b09087064f9d
Fermi_E,main_and_supplementary,Q_+1,4397,98,1,train,42,within_Cn_target_quantile_isomer_80_20_seed42,f0414567229604469a4c834cc0887f9210b9c2858c4ae7f76c68b09087064f9d
Fermi_E,main_and_supplementary,Q_+1,4398,98,1,train,42,within_Cn_target_quantile_isomer_80_20_seed42,f0414567229604469a4c834cc0887f9210b9c2858c4ae7f76c68b09087064f9d
Fermi_E,main_and_supplementary,Q_+1,4399,98,1,train,42,within_Cn_target_quantile_isomer_80_20_seed42,f0414567229604469a4c834cc0887f9210b9c2858c4ae7f76c68b09087064f9d
Fermi_E,main_and_supplementary,Q_+1,4400,98,1,train,42,within_Cn_target_quantile_isomer_80_20_seed42,f0414567229604469a4c834cc0887f9210b9c2858c4ae7f76c68b09087064f9d
Fermi_E,main_and_supplementary,Q_+1,4401,98,1,train,42,within_Cn_target_quantile_isomer_80_20_seed42,f0414567229604469a4c834cc0887f9210b9c2858c4ae7f76c68b09087064f9d
Fermi_E,main_and_supplementary,Q_+1,4402,98,1,train,42,within_Cn_target_quantile_isomer_80_20_seed42,f0414567229604469a4c834cc0887f9210b9c2858c4ae7f76c68b09087064f9d
Fermi_E,main_and_supplementary,Q_+1,4404,98,1,train,42,within_Cn_target_quantile_isomer_80_20_seed42,f0414567229604469a4c834cc0887f9210b9c2858c4ae7f76c68b09087064f9d
Fermi_E,main_and_supplementary,Q_+1,4405,98,1,train,42,within_Cn_target_quantile_isomer_80_20_seed42,f0414567229604469a4c834cc0887f9210b9c2858c4ae7f76c68b09087064f9d
Fermi_E,main_and_supplementary,Q_+1,4407,98,1,train,42,within_Cn_target_quantile_isomer_80_20_seed42,f0414567229604469a4c834cc0887f9210b9c2858c4ae7f76c68b09087064f9d
Fermi_E,main_and_supplementary,Q_+1,4408,98,1,train,42,within_Cn_target_quantile_isomer_80_20_seed42,f0414567229604469a4c834cc0887f9210b9c2858c4ae7f76c68b09087064f9d
Fermi_E,main_and_supplementary,Q_+1,4409,98,1,train,42,within_Cn_target_quantile_isomer_80_20_seed42,f0414567229604469a4c834cc0887f9210b9c2858c4ae7f76c68b09087064f9d
Fermi_E,main_and_supplementary,Q_+1,4410,98,1,train,42,within_Cn_target_quantile_isomer_80_20_seed42,f0414567229604469a4c834cc0887f9210b9c2858c4ae7f76c68b09087064f9d
Fermi_E,main_and_supplementary,Q_+1,4411,98,1,train,42,within_Cn_target_quantile_isomer_80_20_seed42,f0414567229604469a4c834cc0887f9210b9c2858c4ae7f76c68b09087064f9d
Fermi_E,main_and_supplementary,Q_+1,4412,98,1,train,42,within_Cn_target_quantile_isomer_80_20_seed42,f0414567229604469a4c834cc0887f9210b9c2858c4ae7f76c68b09087064f9d
Fermi_E,main_and_supplementary,Q_+1,4413,98,1,train,42,within_Cn_target_quantile_isomer_80_20_seed42,f0414567229604469a4c834cc0887f9210b9c2858c4ae7f76c68b09087064f9d
Fermi_E,main_and_supplementary,Q_+1,4414,98,1,train,42,within_Cn_target_quantile_isomer_80_20_seed42,f0414567229604469a4c834cc0887f9210b9c2858c4ae7f76c68b09087064f9d
Fermi_E,main_and_supplementary,Q_+1,4416,98,1,train,42,within_Cn_target_quantile_isomer_80_20_seed42,f0414567229604469a4c834cc0887f9210b9c2858c4ae7f76c68b09087064f9d
Fermi_E,main_and_supplementary,Q_+1,4417,98,1,train,42,within_Cn_target_quantile_isomer_80_20_seed42,f0414567229604469a4c834cc0887f9210b9c2858c4ae7f76c68b09087064f9d
Fermi_E,main_and_supplementary,Q_+1,4418,98,1,train,42,within_Cn_target_quantile_isomer_80_20_seed42,f0414567229604469a4c834cc0887f9210b9c2858c4ae7f76c68b09087064f9d
Fermi_E,main_and_supplementary,Q_+1,4421,98,1,train,42,within_Cn_target_quantile_isomer_80_20_seed42,f0414567229604469a4c834cc0887f9210b9c2858c4ae7f76c68b09087064f9d
Fermi_E,main_and_supplementary,Q_+1,4423,98,1,train,42,within_Cn_target_quantile_isomer_80_20_seed42,f0414567229604469a4c834cc0887f9210b9c2858c4ae7f76c68b09087064f9d
Fermi_E,main_and_supplementary,Q_+1,4424,98,1,train,42,within_Cn_target_quantile_isomer_80_20_seed42,f0414567229604469a4c834cc0887f9210b9c2858c4ae7f76c68b09087064f9d
Fermi_E,main_and_supplementary,Q_+1,4425,98,1,train,42,within_Cn_target_quantile_isomer_80_20_seed42,f0414567229604469a4c834cc0887f9210b9c2858c4ae7f76c68b09087064f9d
Fermi_E,main_and_supplementary,Q_+1,4426,98,1,train,42,within_Cn_target_quantile_isomer_80_20_seed42,f0414567229604469a4c834cc0887f9210b9c2858c4ae7f76c68b09087064f9d
Fermi_E,main_and_supplementary,Q_+1,4427,98,1,train,42,within_Cn_target_quantile_isomer_80_20_seed42,f0414567229604469a4c834cc0887f9210b9c2858c4ae7f76c68b09087064f9d
Fermi_E,main_and_supplementary,Q_+1,4428,98,1,train,42,within_Cn_target_quantile_isomer_80_20_seed42,f0414567229604469a4c834cc0887f9210b9c2858c4ae7f76c68b09087064f9d
Fermi_E,main_and_supplementary,Q_+1,4429,98,1,train,42,within_Cn_target_quantile_isomer_80_20_seed42,f0414567229604469a4c834cc0887f9210b9c2858c4ae7f76c68b09087064f9d
Fermi_E,main_and_supplementary,Q_+1,4430,98,1,train,42,within_Cn_target_quantile_isomer_80_20_seed42,f0414567229604469a4c834cc0887f9210b9c2858c4ae7f76c68b09087064f9d
Fermi_E,main_and_supplementary,Q_+1,4431,98,1,train,42,within_Cn_target_quantile_isomer_80_20_seed42,f0414567229604469a4c834cc0887f9210b9c2858c4ae7f76c68b09087064f9d
Fermi_E,main_and_supplementary,Q_+1,4432,98,1,train,42,within_Cn_target_quantile_isomer_80_20_seed42,f0414567229604469a4c834cc0887f9210b9c2858c4ae7f76c68b09087064f9d
Fermi_E,main_and_supplementary,Q_+1,4434,98,1,train,42,within_Cn_target_quantile_isomer_80_20_seed42,f0414567229604469a4c834cc0887f9210b9c2858c4ae7f76c68b09087064f9d
Fermi_E,main_and_supplementary,Q_+1,4435,98,1,train,42,within_Cn_target_quantile_isomer_80_20_seed42,f0414567229604469a4c834cc0887f9210b9c2858c4ae7f76c68b09087064f9d
Fermi_E,main_and_supplementary,Q_+1,4436,98,1,train,42,within_Cn_target_quantile_isomer_80_20_seed42,f0414567229604469a4c834cc0887f9210b9c2858c4ae7f76c68b09087064f9d
Fermi_E,main_and_supplementary,Q_+1,4437,98,1,train,42,within_Cn_target_quantile_isomer_80_20_seed42,f0414567229604469a4c834cc0887f9210b9c2858c4ae7f76c68b09087064f9d
Fermi_E,main_and_supplementary,Q_+1,4438,98,1,train,42,within_Cn_target_quantile_isomer_80_20_seed42,f0414567229604469a4c834cc0887f9210b9c2858c4ae7f76c68b09087064f9d
Fermi_E,main_and_supplementary,Q_+1,4439,98,1,train,42,within_Cn_target_quantile_isomer_80_20_seed42,f0414567229604469a4c834cc0887f9210b9c2858c4ae7f76c68b09087064f9d
Fermi_E,main_and_supplementary,Q_+1,4440,98,1,train,42,within_Cn_target_quantile_isomer_80_20_seed42,f0414567229604469a4c834cc0887f9210b9c2858c4ae7f76c68b09087064f9d
Fermi_E,main_and_supplementary,Q_+1,4441,98,1,train,42,within_Cn_target_quantile_isomer_80_20_seed42,f0414567229604469a4c834cc0887f9210b9c2858c4ae7f76c68b09087064f9d
Fermi_E,main_and_supplementary,Q_+1,4442,98,1,train,42,within_Cn_target_quantile_isomer_80_20_seed42,f0414567229604469a4c834cc0887f9210b9c2858c4ae7f76c68b09087064f9d
Fermi_E,main_and_supplementary,Q_+1,4443,98,1,train,42,within_Cn_target_quantile_isomer_80_20_seed42,f0414567229604469a4c834cc0887f9210b9c2858c4ae7f76c68b09087064f9d
Fermi_E,main_and_supplementary,Q_+1,4444,98,1,train,42,within_Cn_target_quantile_isomer_80_20_seed42,f0414567229604469a4c834cc0887f9210b9c2858c4ae7f76c68b09087064f9d
Fermi_E,main_and_supplementary,Q_+1,4446,98,1,train,42,within_Cn_target_quantile_isomer_80_20_seed42,f0414567229604469a4c834cc0887f9210b9c2858c4ae7f76c68b09087064f9d
Fermi_E,main_and_supplementary,Q_+1,4447,98,1,train,42,within_Cn_target_quantile_isomer_80_20_seed42,f0414567229604469a4c834cc0887f9210b9c2858c4ae7f76c68b09087064f9d
Fermi_E,main_and_supplementary,Q_+1,4448,98,1,train,42,within_Cn_target_quantile_isomer_80_20_seed42,f0414567229604469a4c834cc0887f9210b9c2858c4ae7f76c68b09087064f9d
Fermi_E,main_and_supplementary,Q_+1,4449,98,1,train,42,within_Cn_target_quantile_isomer_80_20_seed42,f0414567229604469a4c834cc0887f9210b9c2858c4ae7f76c68b09087064f9d
Fermi_E,main_and_supplementary,Q_+1,4450,98,1,train,42,within_Cn_target_quantile_isomer_80_20_seed42,f0414567229604469a4c834cc0887f9210b9c2858c4ae7f76c68b09087064f9d
Fermi_E,main_and_supplementary,Q_+1,4451,98,1,train,42,within_Cn_target_quantile_isomer_80_20_seed42,f0414567229604469a4c834cc0887f9210b9c2858c4ae7f76c68b09087064f9d
Fermi_E,main_and_supplementary,Q_+1,4452,98,1,train,42,within_Cn_target_quantile_isomer_80_20_seed42,f0414567229604469a4c834cc0887f9210b9c2858c4ae7f76c68b09087064f9d
Fermi_E,main_and_supplementary,Q_+1,4454,98,1,train,42,within_Cn_target_quantile_isomer_80_20_seed42,f0414567229604469a4c834cc0887f9210b9c2858c4ae7f76c68b09087064f9d
Fermi_E,main_and_supplementary,Q_+1,4455,98,1,train,42,within_Cn_target_quantile_isomer_80_20_seed42,f0414567229604469a4c834cc0887f9210b9c2858c4ae7f76c68b09087064f9d
Fermi_E,main_and_supplementary,Q_+1,4456,98,1,train,42,within_Cn_target_quantile_isomer_80_20_seed42,f0414567229604469a4c834cc0887f9210b9c2858c4ae7f76c68b09087064f9d
Fermi_E,main_and_supplementary,Q_+1,4457,98,1,train,42,within_Cn_target_quantile_isomer_80_20_seed42,f0414567229604469a4c834cc0887f9210b9c2858c4ae7f76c68b09087064f9d
Fermi_E,main_and_supplementary,Q_+1,4459,98,1,train,42,within_Cn_target_quantile_isomer_80_20_seed42,f0414567229604469a4c834cc0887f9210b9c2858c4ae7f76c68b09087064f9d
Fermi_E,main_and_supplementary,Q_+1,4461,98,1,train,42,within_Cn_target_quantile_isomer_80_20_seed42,f0414567229604469a4c834cc0887f9210b9c2858c4ae7f76c68b09087064f9d
Fermi_E,main_and_supplementary,Q_+1,4462,98,1,train,42,within_Cn_target_quantile_isomer_80_20_seed42,f0414567229604469a4c834cc0887f9210b9c2858c4ae7f76c68b09087064f9d
Fermi_E,main_and_supplementary,Q_+1,4465,98,1,train,42,within_Cn_target_quantile_isomer_80_20_seed42,f0414567229604469a4c834cc0887f9210b9c2858c4ae7f76c68b09087064f9d
Fermi_E,main_and_supplementary,Q_+1,4466,98,1,train,42,within_Cn_target_quantile_isomer_80_20_seed42,f0414567229604469a4c834cc0887f9210b9c2858c4ae7f76c68b09087064f9d
Fermi_E,main_and_supplementary,Q_+1,4467,98,1,train,42,within_Cn_target_quantile_isomer_80_20_seed42,f0414567229604469a4c834cc0887f9210b9c2858c4ae7f76c68b09087064f9d
Fermi_E,main_and_supplementary,Q_+1,4468,98,1,train,42,within_Cn_target_quantile_isomer_80_20_seed42,f0414567229604469a4c834cc0887f9210b9c2858c4ae7f76c68b09087064f9d
Fermi_E,main_and_supplementary,Q_+1,4469,98,1,train,42,within_Cn_target_quantile_isomer_80_20_seed42,f0414567229604469a4c834cc0887f9210b9c2858c4ae7f76c68b09087064f9d
Fermi_E,main_and_supplementary,Q_+1,4471,98,1,train,42,within_Cn_target_quantile_isomer_80_20_seed42,f0414567229604469a4c834cc0887f9210b9c2858c4ae7f76c68b09087064f9d
Fermi_E,main_and_supplementary,Q_+1,4472,98,1,train,42,within_Cn_target_quantile_isomer_80_20_seed42,f0414567229604469a4c834cc0887f9210b9c2858c4ae7f76c68b09087064f9d
Fermi_E,main_and_supplementary,Q_+1,4473,98,1,train,42,within_Cn_target_quantile_isomer_80_20_seed42,f0414567229604469a4c834cc0887f9210b9c2858c4ae7f76c68b09087064f9d
Fermi_E,main_and_supplementary,Q_+1,4474,98,1,train,42,within_Cn_target_quantile_isomer_80_20_seed42,f0414567229604469a4c834cc0887f9210b9c2858c4ae7f76c68b09087064f9d
Fermi_E,main_and_supplementary,Q_+1,4475,98,1,train,42,within_Cn_target_quantile_isomer_80_20_seed42,f0414567229604469a4c834cc0887f9210b9c2858c4ae7f76c68b09087064f9d
Fermi_E,main_and_supplementary,Q_+1,4476,98,1,train,42,within_Cn_target_quantile_isomer_80_20_seed42,f0414567229604469a4c834cc0887f9210b9c2858c4ae7f76c68b09087064f9d
Fermi_E,main_and_supplementary,Q_+1,4477,98,1,train,42,within_Cn_target_quantile_isomer_80_20_seed42,f0414567229604469a4c834cc0887f9210b9c2858c4ae7f76c68b09087064f9d
Fermi_E,main_and_supplementary,Q_+1,4478,98,1,train,42,within_Cn_target_quantile_isomer_80_20_seed42,f0414567229604469a4c834cc0887f9210b9c2858c4ae7f76c68b09087064f9d
Fermi_E,main_and_supplementary,Q_+1,4479,98,1,train,42,within_Cn_target_quantile_isomer_80_20_seed42,f0414567229604469a4c834cc0887f9210b9c2858c4ae7f76c68b09087064f9d
Fermi_E,main_and_supplementary,Q_+1,4480,98,1,train,42,within_Cn_target_quantile_isomer_80_20_seed42,f0414567229604469a4c834cc0887f9210b9c2858c4ae7f76c68b09087064f9d
Fermi_E,main_and_supplementary,Q_+1,4481,98,1,train,42,within_Cn_target_quantile_isomer_80_20_seed42,f0414567229604469a4c834cc0887f9210b9c2858c4ae7f76c68b09087064f9d
Fermi_E,main_and_supplementary,Q_+1,4482,98,1,train,42,within_Cn_target_quantile_isomer_80_20_seed42,f0414567229604469a4c834cc0887f9210b9c2858c4ae7f76c68b09087064f9d
Fermi_E,main_and_supplementary,Q_+1,4483,98,1,train,42,within_Cn_target_quantile_isomer_80_20_seed42,f0414567229604469a4c834cc0887f9210b9c2858c4ae7f76c68b09087064f9d
Fermi_E,main_and_supplementary,Q_+1,4485,98,1,train,42,within_Cn_target_quantile_isomer_80_20_seed42,f0414567229604469a4c834cc0887f9210b9c2858c4ae7f76c68b09087064f9d
Fermi_E,main_and_supplementary,Q_+1,4486,98,1,train,42,within_Cn_target_quantile_isomer_80_20_seed42,f0414567229604469a4c834cc0887f9210b9c2858c4ae7f76c68b09087064f9d
Fermi_E,main_and_supplementary,Q_+1,4487,98,1,train,42,within_Cn_target_quantile_isomer_80_20_seed42,f0414567229604469a4c834cc0887f9210b9c2858c4ae7f76c68b09087064f9d
Fermi_E,main_and_supplementary,Q_+1,4488,98,1,train,42,within_Cn_target_quantile_isomer_80_20_seed42,f0414567229604469a4c834cc0887f9210b9c2858c4ae7f76c68b09087064f9d
Fermi_E,main_and_supplementary,Q_+1,4489,98,1,train,42,within_Cn_target_quantile_isomer_80_20_seed42,f0414567229604469a4c834cc0887f9210b9c2858c4ae7f76c68b09087064f9d
Fermi_E,main_and_supplementary,Q_+1,4490,98,1,train,42,within_Cn_target_quantile_isomer_80_20_seed42,f0414567229604469a4c834cc0887f9210b9c2858c4ae7f76c68b09087064f9d
Fermi_E,main_and_supplementary,Q_+1,4492,98,1,train,42,within_Cn_target_quantile_isomer_80_20_seed42,f0414567229604469a4c834cc0887f9210b9c2858c4ae7f76c68b09087064f9d
Fermi_E,main_and_supplementary,Q_+1,4495,98,1,train,42,within_Cn_target_quantile_isomer_80_20_seed42,f0414567229604469a4c834cc0887f9210b9c2858c4ae7f76c68b09087064f9d
Fermi_E,main_and_supplementary,Q_+1,4496,98,1,train,42,within_Cn_target_quantile_isomer_80_20_seed42,f0414567229604469a4c834cc0887f9210b9c2858c4ae7f76c68b09087064f9d
Fermi_E,main_and_supplementary,Q_+1,4497,98,1,train,42,within_Cn_target_quantile_isomer_80_20_seed42,f0414567229604469a4c834cc0887f9210b9c2858c4ae7f76c68b09087064f9d
Fermi_E,main_and_supplementary,Q_+1,4498,98,1,train,42,within_Cn_target_quantile_isomer_80_20_seed42,f0414567229604469a4c834cc0887f9210b9c2858c4ae7f76c68b09087064f9d
Fermi_E,main_and_supplementary,Q_+1,4499,98,1,train,42,within_Cn_target_quantile_isomer_80_20_seed42,f0414567229604469a4c834cc0887f9210b9c2858c4ae7f76c68b09087064f9d
Fermi_E,main_and_supplementary,Q_+1,4500,98,1,train,42,within_Cn_target_quantile_isomer_80_20_seed42,f0414567229604469a4c834cc0887f9210b9c2858c4ae7f76c68b09087064f9d
Fermi_E,main_and_supplementary,Q_+1,4501,98,1,train,42,within_Cn_target_quantile_isomer_80_20_seed42,f0414567229604469a4c834cc0887f9210b9c2858c4ae7f76c68b09087064f9d
Fermi_E,main_and_supplementary,Q_+1,4502,98,1,train,42,within_Cn_target_quantile_isomer_80_20_seed42,f0414567229604469a4c834cc0887f9210b9c2858c4ae7f76c68b09087064f9d
Fermi_E,main_and_supplementary,Q_+1,4504,98,1,train,42,within_Cn_target_quantile_isomer_80_20_seed42,f0414567229604469a4c834cc0887f9210b9c2858c4ae7f76c68b09087064f9d
Fermi_E,main_and_supplementary,Q_+1,4505,98,1,train,42,within_Cn_target_quantile_isomer_80_20_seed42,f0414567229604469a4c834cc0887f9210b9c2858c4ae7f76c68b09087064f9d
Fermi_E,main_and_supplementary,Q_+1,4506,98,1,train,42,within_Cn_target_quantile_isomer_80_20_seed42,f0414567229604469a4c834cc0887f9210b9c2858c4ae7f76c68b09087064f9d
Fermi_E,main_and_supplementary,Q_+1,4507,98,1,train,42,within_Cn_target_quantile_isomer_80_20_seed42,f0414567229604469a4c834cc0887f9210b9c2858c4ae7f76c68b09087064f9d
Fermi_E,main_and_supplementary,Q_+1,4508,98,1,train,42,within_Cn_target_quantile_isomer_80_20_seed42,f0414567229604469a4c834cc0887f9210b9c2858c4ae7f76c68b09087064f9d
Fermi_E,main_and_supplementary,Q_+1,4509,98,1,train,42,within_Cn_target_quantile_isomer_80_20_seed42,f0414567229604469a4c834cc0887f9210b9c2858c4ae7f76c68b09087064f9d
Fermi_E,main_and_supplementary,Q_+1,4511,98,1,train,42,within_Cn_target_quantile_isomer_80_20_seed42,f0414567229604469a4c834cc0887f9210b9c2858c4ae7f76c68b09087064f9d
Fermi_E,main_and_supplementary,Q_+1,4512,98,1,train,42,within_Cn_target_quantile_isomer_80_20_seed42,f0414567229604469a4c834cc0887f9210b9c2858c4ae7f76c68b09087064f9d
Fermi_E,main_and_supplementary,Q_+1,4513,98,1,train,42,within_Cn_target_quantile_isomer_80_20_seed42,f0414567229604469a4c834cc0887f9210b9c2858c4ae7f76c68b09087064f9d
Fermi_E,main_and_supplementary,Q_+1,4514,98,1,train,42,within_Cn_target_quantile_isomer_80_20_seed42,f0414567229604469a4c834cc0887f9210b9c2858c4ae7f76c68b09087064f9d
Fermi_E,main_and_supplementary,Q_+1,4515,98,1,train,42,within_Cn_target_quantile_isomer_80_20_seed42,f0414567229604469a4c834cc0887f9210b9c2858c4ae7f76c68b09087064f9d
Fermi_E,main_and_supplementary,Q_+1,4516,98,1,train,42,within_Cn_target_quantile_isomer_80_20_seed42,f0414567229604469a4c834cc0887f9210b9c2858c4ae7f76c68b09087064f9d
Fermi_E,main_and_supplementary,Q_+1,4517,98,1,train,42,within_Cn_target_quantile_isomer_80_20_seed42,f0414567229604469a4c834cc0887f9210b9c2858c4ae7f76c68b09087064f9d
Fermi_E,main_and_supplementary,Q_+1,4518,100,1,train,42,within_Cn_target_quantile_isomer_80_20_seed42,f0414567229604469a4c834cc0887f9210b9c2858c4ae7f76c68b09087064f9d
Fermi_E,main_and_supplementary,Q_+1,4519,100,1,train,42,within_Cn_target_quantile_isomer_80_20_seed42,f0414567229604469a4c834cc0887f9210b9c2858c4ae7f76c68b09087064f9d
Fermi_E,main_and_supplementary,Q_+1,4520,100,1,train,42,within_Cn_target_quantile_isomer_80_20_seed42,f0414567229604469a4c834cc0887f9210b9c2858c4ae7f76c68b09087064f9d
Fermi_E,main_and_supplementary,Q_+1,4521,100,1,train,42,within_Cn_target_quantile_isomer_80_20_seed42,f0414567229604469a4c834cc0887f9210b9c2858c4ae7f76c68b09087064f9d
Fermi_E,main_and_supplementary,Q_+1,4522,100,1,train,42,within_Cn_target_quantile_isomer_80_20_seed42,f0414567229604469a4c834cc0887f9210b9c2858c4ae7f76c68b09087064f9d
Fermi_E,main_and_supplementary,Q_+1,4523,100,1,train,42,within_Cn_target_quantile_isomer_80_20_seed42,f0414567229604469a4c834cc0887f9210b9c2858c4ae7f76c68b09087064f9d
Fermi_E,main_and_supplementary,Q_+1,4524,100,1,train,42,within_Cn_target_quantile_isomer_80_20_seed42,f0414567229604469a4c834cc0887f9210b9c2858c4ae7f76c68b09087064f9d
Fermi_E,main_and_supplementary,Q_+1,4525,100,1,train,42,within_Cn_target_quantile_isomer_80_20_seed42,f0414567229604469a4c834cc0887f9210b9c2858c4ae7f76c68b09087064f9d
Fermi_E,main_and_supplementary,Q_+1,4528,100,1,train,42,within_Cn_target_quantile_isomer_80_20_seed42,f0414567229604469a4c834cc0887f9210b9c2858c4ae7f76c68b09087064f9d
Fermi_E,main_and_supplementary,Q_+1,4529,100,1,train,42,within_Cn_target_quantile_isomer_80_20_seed42,f0414567229604469a4c834cc0887f9210b9c2858c4ae7f76c68b09087064f9d
Fermi_E,main_and_supplementary,Q_+1,4530,100,1,train,42,within_Cn_target_quantile_isomer_80_20_seed42,f0414567229604469a4c834cc0887f9210b9c2858c4ae7f76c68b09087064f9d
Fermi_E,main_and_supplementary,Q_+1,4534,100,1,train,42,within_Cn_target_quantile_isomer_80_20_seed42,f0414567229604469a4c834cc0887f9210b9c2858c4ae7f76c68b09087064f9d
Fermi_E,main_and_supplementary,Q_+1,4535,100,1,train,42,within_Cn_target_quantile_isomer_80_20_seed42,f0414567229604469a4c834cc0887f9210b9c2858c4ae7f76c68b09087064f9d
Fermi_E,main_and_supplementary,Q_+1,4537,100,1,train,42,within_Cn_target_quantile_isomer_80_20_seed42,f0414567229604469a4c834cc0887f9210b9c2858c4ae7f76c68b09087064f9d
Fermi_E,main_and_supplementary,Q_+1,4538,100,1,train,42,within_Cn_target_quantile_isomer_80_20_seed42,f0414567229604469a4c834cc0887f9210b9c2858c4ae7f76c68b09087064f9d
Fermi_E,main_and_supplementary,Q_+1,4539,100,1,train,42,within_Cn_target_quantile_isomer_80_20_seed42,f0414567229604469a4c834cc0887f9210b9c2858c4ae7f76c68b09087064f9d
Fermi_E,main_and_supplementary,Q_+1,4540,100,1,train,42,within_Cn_target_quantile_isomer_80_20_seed42,f0414567229604469a4c834cc0887f9210b9c2858c4ae7f76c68b09087064f9d
Fermi_E,main_and_supplementary,Q_+1,4541,100,1,train,42,within_Cn_target_quantile_isomer_80_20_seed42,f0414567229604469a4c834cc0887f9210b9c2858c4ae7f76c68b09087064f9d
Fermi_E,main_and_supplementary,Q_+1,4542,100,1,train,42,within_Cn_target_quantile_isomer_80_20_seed42,f0414567229604469a4c834cc0887f9210b9c2858c4ae7f76c68b09087064f9d
Fermi_E,main_and_supplementary,Q_+1,4544,100,1,train,42,within_Cn_target_quantile_isomer_80_20_seed42,f0414567229604469a4c834cc0887f9210b9c2858c4ae7f76c68b09087064f9d
Fermi_E,main_and_supplementary,Q_+1,4545,100,1,train,42,within_Cn_target_quantile_isomer_80_20_seed42,f0414567229604469a4c834cc0887f9210b9c2858c4ae7f76c68b09087064f9d
Fermi_E,main_and_supplementary,Q_+1,4546,100,1,train,42,within_Cn_target_quantile_isomer_80_20_seed42,f0414567229604469a4c834cc0887f9210b9c2858c4ae7f76c68b09087064f9d
Fermi_E,main_and_supplementary,Q_+1,4547,100,1,train,42,within_Cn_target_quantile_isomer_80_20_seed42,f0414567229604469a4c834cc0887f9210b9c2858c4ae7f76c68b09087064f9d
Fermi_E,main_and_supplementary,Q_+1,4548,100,1,train,42,within_Cn_target_quantile_isomer_80_20_seed42,f0414567229604469a4c834cc0887f9210b9c2858c4ae7f76c68b09087064f9d
Fermi_E,main_and_supplementary,Q_+1,4549,100,1,train,42,within_Cn_target_quantile_isomer_80_20_seed42,f0414567229604469a4c834cc0887f9210b9c2858c4ae7f76c68b09087064f9d
Fermi_E,main_and_supplementary,Q_+1,4550,100,1,train,42,within_Cn_target_quantile_isomer_80_20_seed42,f0414567229604469a4c834cc0887f9210b9c2858c4ae7f76c68b09087064f9d
Fermi_E,main_and_supplementary,Q_+1,4552,100,1,train,42,within_Cn_target_quantile_isomer_80_20_seed42,f0414567229604469a4c834cc0887f9210b9c2858c4ae7f76c68b09087064f9d
Fermi_E,main_and_supplementary,Q_+1,4553,100,1,train,42,within_Cn_target_quantile_isomer_80_20_seed42,f0414567229604469a4c834cc0887f9210b9c2858c4ae7f76c68b09087064f9d
Fermi_E,main_and_supplementary,Q_+1,4554,100,1,train,42,within_Cn_target_quantile_isomer_80_20_seed42,f0414567229604469a4c834cc0887f9210b9c2858c4ae7f76c68b09087064f9d
Fermi_E,main_and_supplementary,Q_+1,4555,100,1,train,42,within_Cn_target_quantile_isomer_80_20_seed42,f0414567229604469a4c834cc0887f9210b9c2858c4ae7f76c68b09087064f9d
Fermi_E,main_and_supplementary,Q_+1,4556,100,1,train,42,within_Cn_target_quantile_isomer_80_20_seed42,f0414567229604469a4c834cc0887f9210b9c2858c4ae7f76c68b09087064f9d
Fermi_E,main_and_supplementary,Q_+1,4557,100,1,train,42,within_Cn_target_quantile_isomer_80_20_seed42,f0414567229604469a4c834cc0887f9210b9c2858c4ae7f76c68b09087064f9d
Fermi_E,main_and_supplementary,Q_+1,4559,100,1,train,42,within_Cn_target_quantile_isomer_80_20_seed42,f0414567229604469a4c834cc0887f9210b9c2858c4ae7f76c68b09087064f9d
Fermi_E,main_and_supplementary,Q_+1,4561,100,1,train,42,within_Cn_target_quantile_isomer_80_20_seed42,f0414567229604469a4c834cc0887f9210b9c2858c4ae7f76c68b09087064f9d
Fermi_E,main_and_supplementary,Q_+1,4562,100,1,train,42,within_Cn_target_quantile_isomer_80_20_seed42,f0414567229604469a4c834cc0887f9210b9c2858c4ae7f76c68b09087064f9d
Fermi_E,main_and_supplementary,Q_+1,4563,100,1,train,42,within_Cn_target_quantile_isomer_80_20_seed42,f0414567229604469a4c834cc0887f9210b9c2858c4ae7f76c68b09087064f9d
Fermi_E,main_and_supplementary,Q_+1,4565,100,1,train,42,within_Cn_target_quantile_isomer_80_20_seed42,f0414567229604469a4c834cc0887f9210b9c2858c4ae7f76c68b09087064f9d
Fermi_E,main_and_supplementary,Q_+1,4566,100,1,train,42,within_Cn_target_quantile_isomer_80_20_seed42,f0414567229604469a4c834cc0887f9210b9c2858c4ae7f76c68b09087064f9d
Fermi_E,main_and_supplementary,Q_+1,4567,100,1,train,42,within_Cn_target_quantile_isomer_80_20_seed42,f0414567229604469a4c834cc0887f9210b9c2858c4ae7f76c68b09087064f9d
Fermi_E,main_and_supplementary,Q_+1,4568,100,1,train,42,within_Cn_target_quantile_isomer_80_20_seed42,f0414567229604469a4c834cc0887f9210b9c2858c4ae7f76c68b09087064f9d
Fermi_E,main_and_supplementary,Q_+1,4569,100,1,train,42,within_Cn_target_quantile_isomer_80_20_seed42,f0414567229604469a4c834cc0887f9210b9c2858c4ae7f76c68b09087064f9d
Fermi_E,main_and_supplementary,Q_+1,4570,100,1,train,42,within_Cn_target_quantile_isomer_80_20_seed42,f0414567229604469a4c834cc0887f9210b9c2858c4ae7f76c68b09087064f9d
Fermi_E,main_and_supplementary,Q_+1,4571,100,1,train,42,within_Cn_target_quantile_isomer_80_20_seed42,f0414567229604469a4c834cc0887f9210b9c2858c4ae7f76c68b09087064f9d
Fermi_E,main_and_supplementary,Q_+1,4572,100,1,train,42,within_Cn_target_quantile_isomer_80_20_seed42,f0414567229604469a4c834cc0887f9210b9c2858c4ae7f76c68b09087064f9d
Fermi_E,main_and_supplementary,Q_+1,4573,100,1,train,42,within_Cn_target_quantile_isomer_80_20_seed42,f0414567229604469a4c834cc0887f9210b9c2858c4ae7f76c68b09087064f9d
Fermi_E,main_and_supplementary,Q_+1,4576,100,1,train,42,within_Cn_target_quantile_isomer_80_20_seed42,f0414567229604469a4c834cc0887f9210b9c2858c4ae7f76c68b09087064f9d
Fermi_E,main_and_supplementary,Q_+1,4577,100,1,train,42,within_Cn_target_quantile_isomer_80_20_seed42,f0414567229604469a4c834cc0887f9210b9c2858c4ae7f76c68b09087064f9d
Fermi_E,main_and_supplementary,Q_+1,4578,100,1,train,42,within_Cn_target_quantile_isomer_80_20_seed42,f0414567229604469a4c834cc0887f9210b9c2858c4ae7f76c68b09087064f9d
Fermi_E,main_and_supplementary,Q_+1,4579,100,1,train,42,within_Cn_target_quantile_isomer_80_20_seed42,f0414567229604469a4c834cc0887f9210b9c2858c4ae7f76c68b09087064f9d
Fermi_E,main_and_supplementary,Q_+1,4580,100,1,train,42,within_Cn_target_quantile_isomer_80_20_seed42,f0414567229604469a4c834cc0887f9210b9c2858c4ae7f76c68b09087064f9d
Fermi_E,main_and_supplementary,Q_+1,4581,100,1,train,42,within_Cn_target_quantile_isomer_80_20_seed42,f0414567229604469a4c834cc0887f9210b9c2858c4ae7f76c68b09087064f9d
Fermi_E,main_and_supplementary,Q_+1,4582,100,1,train,42,within_Cn_target_quantile_isomer_80_20_seed42,f0414567229604469a4c834cc0887f9210b9c2858c4ae7f76c68b09087064f9d
Fermi_E,main_and_supplementary,Q_+1,4583,100,1,train,42,within_Cn_target_quantile_isomer_80_20_seed42,f0414567229604469a4c834cc0887f9210b9c2858c4ae7f76c68b09087064f9d
Fermi_E,main_and_supplementary,Q_+1,4585,100,1,train,42,within_Cn_target_quantile_isomer_80_20_seed42,f0414567229604469a4c834cc0887f9210b9c2858c4ae7f76c68b09087064f9d
Fermi_E,main_and_supplementary,Q_+1,4586,100,1,train,42,within_Cn_target_quantile_isomer_80_20_seed42,f0414567229604469a4c834cc0887f9210b9c2858c4ae7f76c68b09087064f9d
Fermi_E,main_and_supplementary,Q_+1,4587,100,1,train,42,within_Cn_target_quantile_isomer_80_20_seed42,f0414567229604469a4c834cc0887f9210b9c2858c4ae7f76c68b09087064f9d
Fermi_E,main_and_supplementary,Q_+1,4588,100,1,train,42,within_Cn_target_quantile_isomer_80_20_seed42,f0414567229604469a4c834cc0887f9210b9c2858c4ae7f76c68b09087064f9d
Fermi_E,main_and_supplementary,Q_+1,4589,100,1,train,42,within_Cn_target_quantile_isomer_80_20_seed42,f0414567229604469a4c834cc0887f9210b9c2858c4ae7f76c68b09087064f9d
Fermi_E,main_and_supplementary,Q_+1,4590,100,1,train,42,within_Cn_target_quantile_isomer_80_20_seed42,f0414567229604469a4c834cc0887f9210b9c2858c4ae7f76c68b09087064f9d
Fermi_E,main_and_supplementary,Q_+1,4592,100,1,train,42,within_Cn_target_quantile_isomer_80_20_seed42,f0414567229604469a4c834cc0887f9210b9c2858c4ae7f76c68b09087064f9d
Fermi_E,main_and_supplementary,Q_+1,4593,100,1,train,42,within_Cn_target_quantile_isomer_80_20_seed42,f0414567229604469a4c834cc0887f9210b9c2858c4ae7f76c68b09087064f9d
Fermi_E,main_and_supplementary,Q_+1,4594,100,1,train,42,within_Cn_target_quantile_isomer_80_20_seed42,f0414567229604469a4c834cc0887f9210b9c2858c4ae7f76c68b09087064f9d
Fermi_E,main_and_supplementary,Q_+1,4595,100,1,train,42,within_Cn_target_quantile_isomer_80_20_seed42,f0414567229604469a4c834cc0887f9210b9c2858c4ae7f76c68b09087064f9d
Fermi_E,main_and_supplementary,Q_+1,4597,100,1,train,42,within_Cn_target_quantile_isomer_80_20_seed42,f0414567229604469a4c834cc0887f9210b9c2858c4ae7f76c68b09087064f9d
Fermi_E,main_and_supplementary,Q_+1,4598,100,1,train,42,within_Cn_target_quantile_isomer_80_20_seed42,f0414567229604469a4c834cc0887f9210b9c2858c4ae7f76c68b09087064f9d
Fermi_E,main_and_supplementary,Q_+1,4599,100,1,train,42,within_Cn_target_quantile_isomer_80_20_seed42,f0414567229604469a4c834cc0887f9210b9c2858c4ae7f76c68b09087064f9d
Fermi_E,main_and_supplementary,Q_+1,4601,100,1,train,42,within_Cn_target_quantile_isomer_80_20_seed42,f0414567229604469a4c834cc0887f9210b9c2858c4ae7f76c68b09087064f9d
Fermi_E,main_and_supplementary,Q_+1,4602,100,1,train,42,within_Cn_target_quantile_isomer_80_20_seed42,f0414567229604469a4c834cc0887f9210b9c2858c4ae7f76c68b09087064f9d
Fermi_E,main_and_supplementary,Q_+1,4603,100,1,train,42,within_Cn_target_quantile_isomer_80_20_seed42,f0414567229604469a4c834cc0887f9210b9c2858c4ae7f76c68b09087064f9d
Fermi_E,main_and_supplementary,Q_+1,4604,100,1,train,42,within_Cn_target_quantile_isomer_80_20_seed42,f0414567229604469a4c834cc0887f9210b9c2858c4ae7f76c68b09087064f9d
Fermi_E,main_and_supplementary,Q_+1,4606,100,1,train,42,within_Cn_target_quantile_isomer_80_20_seed42,f0414567229604469a4c834cc0887f9210b9c2858c4ae7f76c68b09087064f9d
Fermi_E,main_and_supplementary,Q_+1,4607,100,1,train,42,within_Cn_target_quantile_isomer_80_20_seed42,f0414567229604469a4c834cc0887f9210b9c2858c4ae7f76c68b09087064f9d
Fermi_E,main_and_supplementary,Q_+1,4608,100,1,train,42,within_Cn_target_quantile_isomer_80_20_seed42,f0414567229604469a4c834cc0887f9210b9c2858c4ae7f76c68b09087064f9d
Fermi_E,main_and_supplementary,Q_+1,4609,100,1,train,42,within_Cn_target_quantile_isomer_80_20_seed42,f0414567229604469a4c834cc0887f9210b9c2858c4ae7f76c68b09087064f9d
Fermi_E,main_and_supplementary,Q_+1,4611,100,1,train,42,within_Cn_target_quantile_isomer_80_20_seed42,f0414567229604469a4c834cc0887f9210b9c2858c4ae7f76c68b09087064f9d
Fermi_E,main_and_supplementary,Q_+1,4612,100,1,train,42,within_Cn_target_quantile_isomer_80_20_seed42,f0414567229604469a4c834cc0887f9210b9c2858c4ae7f76c68b09087064f9d
Fermi_E,main_and_supplementary,Q_+1,4613,100,1,train,42,within_Cn_target_quantile_isomer_80_20_seed42,f0414567229604469a4c834cc0887f9210b9c2858c4ae7f76c68b09087064f9d
Fermi_E,main_and_supplementary,Q_+1,4616,100,1,train,42,within_Cn_target_quantile_isomer_80_20_seed42,f0414567229604469a4c834cc0887f9210b9c2858c4ae7f76c68b09087064f9d
Fermi_E,main_and_supplementary,Q_+1,4617,100,1,train,42,within_Cn_target_quantile_isomer_80_20_seed42,f0414567229604469a4c834cc0887f9210b9c2858c4ae7f76c68b09087064f9d
Fermi_E,main_and_supplementary,Q_+1,4618,100,1,train,42,within_Cn_target_quantile_isomer_80_20_seed42,f0414567229604469a4c834cc0887f9210b9c2858c4ae7f76c68b09087064f9d
Fermi_E,main_and_supplementary,Q_+1,4619,100,1,train,42,within_Cn_target_quantile_isomer_80_20_seed42,f0414567229604469a4c834cc0887f9210b9c2858c4ae7f76c68b09087064f9d
Fermi_E,main_and_supplementary,Q_+1,4620,100,1,train,42,within_Cn_target_quantile_isomer_80_20_seed42,f0414567229604469a4c834cc0887f9210b9c2858c4ae7f76c68b09087064f9d
Fermi_E,main_and_supplementary,Q_+1,4622,100,1,train,42,within_Cn_target_quantile_isomer_80_20_seed42,f0414567229604469a4c834cc0887f9210b9c2858c4ae7f76c68b09087064f9d
Fermi_E,main_and_supplementary,Q_+1,4623,100,1,train,42,within_Cn_target_quantile_isomer_80_20_seed42,f0414567229604469a4c834cc0887f9210b9c2858c4ae7f76c68b09087064f9d
Fermi_E,main_and_supplementary,Q_+1,4624,100,1,train,42,within_Cn_target_quantile_isomer_80_20_seed42,f0414567229604469a4c834cc0887f9210b9c2858c4ae7f76c68b09087064f9d
Fermi_E,main_and_supplementary,Q_+1,4625,100,1,train,42,within_Cn_target_quantile_isomer_80_20_seed42,f0414567229604469a4c834cc0887f9210b9c2858c4ae7f76c68b09087064f9d
Fermi_E,main_and_supplementary,Q_+1,4626,100,1,train,42,within_Cn_target_quantile_isomer_80_20_seed42,f0414567229604469a4c834cc0887f9210b9c2858c4ae7f76c68b09087064f9d
Fermi_E,main_and_supplementary,Q_+1,4627,100,1,train,42,within_Cn_target_quantile_isomer_80_20_seed42,f0414567229604469a4c834cc0887f9210b9c2858c4ae7f76c68b09087064f9d
Fermi_E,main_and_supplementary,Q_+1,4628,100,1,train,42,within_Cn_target_quantile_isomer_80_20_seed42,f0414567229604469a4c834cc0887f9210b9c2858c4ae7f76c68b09087064f9d
Fermi_E,main_and_supplementary,Q_+1,4629,100,1,train,42,within_Cn_target_quantile_isomer_80_20_seed42,f0414567229604469a4c834cc0887f9210b9c2858c4ae7f76c68b09087064f9d
Fermi_E,main_and_supplementary,Q_+1,4631,100,1,train,42,within_Cn_target_quantile_isomer_80_20_seed42,f0414567229604469a4c834cc0887f9210b9c2858c4ae7f76c68b09087064f9d
Fermi_E,main_and_supplementary,Q_+1,4632,100,1,train,42,within_Cn_target_quantile_isomer_80_20_seed42,f0414567229604469a4c834cc0887f9210b9c2858c4ae7f76c68b09087064f9d
Fermi_E,main_and_supplementary,Q_+1,4633,100,1,train,42,within_Cn_target_quantile_isomer_80_20_seed42,f0414567229604469a4c834cc0887f9210b9c2858c4ae7f76c68b09087064f9d
Fermi_E,main_and_supplementary,Q_+1,4634,100,1,train,42,within_Cn_target_quantile_isomer_80_20_seed42,f0414567229604469a4c834cc0887f9210b9c2858c4ae7f76c68b09087064f9d
Fermi_E,main_and_supplementary,Q_+1,4636,100,1,train,42,within_Cn_target_quantile_isomer_80_20_seed42,f0414567229604469a4c834cc0887f9210b9c2858c4ae7f76c68b09087064f9d
Fermi_E,main_and_supplementary,Q_+1,4637,100,1,train,42,within_Cn_target_quantile_isomer_80_20_seed42,f0414567229604469a4c834cc0887f9210b9c2858c4ae7f76c68b09087064f9d
Fermi_E,main_and_supplementary,Q_+1,4638,100,1,train,42,within_Cn_target_quantile_isomer_80_20_seed42,f0414567229604469a4c834cc0887f9210b9c2858c4ae7f76c68b09087064f9d
Fermi_E,main_and_supplementary,Q_+1,4639,100,1,train,42,within_Cn_target_quantile_isomer_80_20_seed42,f0414567229604469a4c834cc0887f9210b9c2858c4ae7f76c68b09087064f9d
Fermi_E,main_and_supplementary,Q_+1,4640,100,1,train,42,within_Cn_target_quantile_isomer_80_20_seed42,f0414567229604469a4c834cc0887f9210b9c2858c4ae7f76c68b09087064f9d
Fermi_E,main_and_supplementary,Q_+1,4641,100,1,train,42,within_Cn_target_quantile_isomer_80_20_seed42,f0414567229604469a4c834cc0887f9210b9c2858c4ae7f76c68b09087064f9d
Fermi_E,main_and_supplementary,Q_+1,4643,100,1,train,42,within_Cn_target_quantile_isomer_80_20_seed42,f0414567229604469a4c834cc0887f9210b9c2858c4ae7f76c68b09087064f9d
Fermi_E,main_and_supplementary,Q_+1,4644,100,1,train,42,within_Cn_target_quantile_isomer_80_20_seed42,f0414567229604469a4c834cc0887f9210b9c2858c4ae7f76c68b09087064f9d
Fermi_E,main_and_supplementary,Q_+1,4645,100,1,train,42,within_Cn_target_quantile_isomer_80_20_seed42,f0414567229604469a4c834cc0887f9210b9c2858c4ae7f76c68b09087064f9d
Fermi_E,main_and_supplementary,Q_+1,4648,100,1,train,42,within_Cn_target_quantile_isomer_80_20_seed42,f0414567229604469a4c834cc0887f9210b9c2858c4ae7f76c68b09087064f9d
Fermi_E,main_and_supplementary,Q_+1,4649,100,1,train,42,within_Cn_target_quantile_isomer_80_20_seed42,f0414567229604469a4c834cc0887f9210b9c2858c4ae7f76c68b09087064f9d
Fermi_E,main_and_supplementary,Q_+1,4651,100,1,train,42,within_Cn_target_quantile_isomer_80_20_seed42,f0414567229604469a4c834cc0887f9210b9c2858c4ae7f76c68b09087064f9d
Fermi_E,main_and_supplementary,Q_+1,4652,100,1,train,42,within_Cn_target_quantile_isomer_80_20_seed42,f0414567229604469a4c834cc0887f9210b9c2858c4ae7f76c68b09087064f9d
Fermi_E,main_and_supplementary,Q_+1,4653,100,1,train,42,within_Cn_target_quantile_isomer_80_20_seed42,f0414567229604469a4c834cc0887f9210b9c2858c4ae7f76c68b09087064f9d
Fermi_E,main_and_supplementary,Q_+1,4654,100,1,train,42,within_Cn_target_quantile_isomer_80_20_seed42,f0414567229604469a4c834cc0887f9210b9c2858c4ae7f76c68b09087064f9d
Fermi_E,main_and_supplementary,Q_+1,4655,100,1,train,42,within_Cn_target_quantile_isomer_80_20_seed42,f0414567229604469a4c834cc0887f9210b9c2858c4ae7f76c68b09087064f9d
Fermi_E,main_and_supplementary,Q_+1,4656,100,1,train,42,within_Cn_target_quantile_isomer_80_20_seed42,f0414567229604469a4c834cc0887f9210b9c2858c4ae7f76c68b09087064f9d
Fermi_E,main_and_supplementary,Q_+1,4657,100,1,train,42,within_Cn_target_quantile_isomer_80_20_seed42,f0414567229604469a4c834cc0887f9210b9c2858c4ae7f76c68b09087064f9d
Fermi_E,main_and_supplementary,Q_+1,4658,100,1,train,42,within_Cn_target_quantile_isomer_80_20_seed42,f0414567229604469a4c834cc0887f9210b9c2858c4ae7f76c68b09087064f9d
Fermi_E,main_and_supplementary,Q_+1,4659,100,1,train,42,within_Cn_target_quantile_isomer_80_20_seed42,f0414567229604469a4c834cc0887f9210b9c2858c4ae7f76c68b09087064f9d
Fermi_E,main_and_supplementary,Q_+1,4660,100,1,train,42,within_Cn_target_quantile_isomer_80_20_seed42,f0414567229604469a4c834cc0887f9210b9c2858c4ae7f76c68b09087064f9d
Fermi_E,main_and_supplementary,Q_+1,4661,100,1,train,42,within_Cn_target_quantile_isomer_80_20_seed42,f0414567229604469a4c834cc0887f9210b9c2858c4ae7f76c68b09087064f9d
Fermi_E,main_and_supplementary,Q_+1,4663,100,1,train,42,within_Cn_target_quantile_isomer_80_20_seed42,f0414567229604469a4c834cc0887f9210b9c2858c4ae7f76c68b09087064f9d
Fermi_E,main_and_supplementary,Q_+1,4664,100,1,train,42,within_Cn_target_quantile_isomer_80_20_seed42,f0414567229604469a4c834cc0887f9210b9c2858c4ae7f76c68b09087064f9d
Fermi_E,main_and_supplementary,Q_+1,4665,100,1,train,42,within_Cn_target_quantile_isomer_80_20_seed42,f0414567229604469a4c834cc0887f9210b9c2858c4ae7f76c68b09087064f9d
Fermi_E,main_and_supplementary,Q_+1,4666,100,1,train,42,within_Cn_target_quantile_isomer_80_20_seed42,f0414567229604469a4c834cc0887f9210b9c2858c4ae7f76c68b09087064f9d
Fermi_E,main_and_supplementary,Q_+1,4668,100,1,train,42,within_Cn_target_quantile_isomer_80_20_seed42,f0414567229604469a4c834cc0887f9210b9c2858c4ae7f76c68b09087064f9d
Fermi_E,main_and_supplementary,Q_+1,4669,100,1,train,42,within_Cn_target_quantile_isomer_80_20_seed42,f0414567229604469a4c834cc0887f9210b9c2858c4ae7f76c68b09087064f9d
Fermi_E,main_and_supplementary,Q_+1,4671,100,1,train,42,within_Cn_target_quantile_isomer_80_20_seed42,f0414567229604469a4c834cc0887f9210b9c2858c4ae7f76c68b09087064f9d
Fermi_E,main_and_supplementary,Q_+1,4672,100,1,train,42,within_Cn_target_quantile_isomer_80_20_seed42,f0414567229604469a4c834cc0887f9210b9c2858c4ae7f76c68b09087064f9d
Fermi_E,main_and_supplementary,Q_+1,4673,100,1,train,42,within_Cn_target_quantile_isomer_80_20_seed42,f0414567229604469a4c834cc0887f9210b9c2858c4ae7f76c68b09087064f9d
Fermi_E,main_and_supplementary,Q_+1,4674,100,1,train,42,within_Cn_target_quantile_isomer_80_20_seed42,f0414567229604469a4c834cc0887f9210b9c2858c4ae7f76c68b09087064f9d
Fermi_E,main_and_supplementary,Q_+1,4675,100,1,train,42,within_Cn_target_quantile_isomer_80_20_seed42,f0414567229604469a4c834cc0887f9210b9c2858c4ae7f76c68b09087064f9d
Fermi_E,main_and_supplementary,Q_+1,4677,100,1,train,42,within_Cn_target_quantile_isomer_80_20_seed42,f0414567229604469a4c834cc0887f9210b9c2858c4ae7f76c68b09087064f9d
Fermi_E,main_and_supplementary,Q_+1,4678,100,1,train,42,within_Cn_target_quantile_isomer_80_20_seed42,f0414567229604469a4c834cc0887f9210b9c2858c4ae7f76c68b09087064f9d
Fermi_E,main_and_supplementary,Q_+1,4679,100,1,train,42,within_Cn_target_quantile_isomer_80_20_seed42,f0414567229604469a4c834cc0887f9210b9c2858c4ae7f76c68b09087064f9d
Fermi_E,main_and_supplementary,Q_+1,4681,100,1,train,42,within_Cn_target_quantile_isomer_80_20_seed42,f0414567229604469a4c834cc0887f9210b9c2858c4ae7f76c68b09087064f9d
Fermi_E,main_and_supplementary,Q_+1,4682,100,1,train,42,within_Cn_target_quantile_isomer_80_20_seed42,f0414567229604469a4c834cc0887f9210b9c2858c4ae7f76c68b09087064f9d
Fermi_E,main_and_supplementary,Q_+1,4683,100,1,train,42,within_Cn_target_quantile_isomer_80_20_seed42,f0414567229604469a4c834cc0887f9210b9c2858c4ae7f76c68b09087064f9d
Fermi_E,main_and_supplementary,Q_+1,4684,100,1,train,42,within_Cn_target_quantile_isomer_80_20_seed42,f0414567229604469a4c834cc0887f9210b9c2858c4ae7f76c68b09087064f9d
Fermi_E,main_and_supplementary,Q_+1,4685,100,1,train,42,within_Cn_target_quantile_isomer_80_20_seed42,f0414567229604469a4c834cc0887f9210b9c2858c4ae7f76c68b09087064f9d
Fermi_E,main_and_supplementary,Q_+1,4686,100,1,train,42,within_Cn_target_quantile_isomer_80_20_seed42,f0414567229604469a4c834cc0887f9210b9c2858c4ae7f76c68b09087064f9d
Fermi_E,main_and_supplementary,Q_+1,4687,100,1,train,42,within_Cn_target_quantile_isomer_80_20_seed42,f0414567229604469a4c834cc0887f9210b9c2858c4ae7f76c68b09087064f9d
Fermi_E,main_and_supplementary,Q_+1,4688,100,1,train,42,within_Cn_target_quantile_isomer_80_20_seed42,f0414567229604469a4c834cc0887f9210b9c2858c4ae7f76c68b09087064f9d
Fermi_E,main_and_supplementary,Q_+1,4690,100,1,train,42,within_Cn_target_quantile_isomer_80_20_seed42,f0414567229604469a4c834cc0887f9210b9c2858c4ae7f76c68b09087064f9d
Fermi_E,main_and_supplementary,Q_+1,4691,100,1,train,42,within_Cn_target_quantile_isomer_80_20_seed42,f0414567229604469a4c834cc0887f9210b9c2858c4ae7f76c68b09087064f9d
Fermi_E,main_and_supplementary,Q_+1,4693,100,1,train,42,within_Cn_target_quantile_isomer_80_20_seed42,f0414567229604469a4c834cc0887f9210b9c2858c4ae7f76c68b09087064f9d
Fermi_E,main_and_supplementary,Q_+1,4694,100,1,train,42,within_Cn_target_quantile_isomer_80_20_seed42,f0414567229604469a4c834cc0887f9210b9c2858c4ae7f76c68b09087064f9d
Fermi_E,main_and_supplementary,Q_+1,4695,100,1,train,42,within_Cn_target_quantile_isomer_80_20_seed42,f0414567229604469a4c834cc0887f9210b9c2858c4ae7f76c68b09087064f9d
Fermi_E,main_and_supplementary,Q_+1,4696,100,1,train,42,within_Cn_target_quantile_isomer_80_20_seed42,f0414567229604469a4c834cc0887f9210b9c2858c4ae7f76c68b09087064f9d
Fermi_E,main_and_supplementary,Q_+1,4697,100,1,train,42,within_Cn_target_quantile_isomer_80_20_seed42,f0414567229604469a4c834cc0887f9210b9c2858c4ae7f76c68b09087064f9d
Fermi_E,main_and_supplementary,Q_+1,4698,100,1,train,42,within_Cn_target_quantile_isomer_80_20_seed42,f0414567229604469a4c834cc0887f9210b9c2858c4ae7f76c68b09087064f9d
Fermi_E,main_and_supplementary,Q_+1,4699,100,1,train,42,within_Cn_target_quantile_isomer_80_20_seed42,f0414567229604469a4c834cc0887f9210b9c2858c4ae7f76c68b09087064f9d
Fermi_E,main_and_supplementary,Q_+1,4701,100,1,train,42,within_Cn_target_quantile_isomer_80_20_seed42,f0414567229604469a4c834cc0887f9210b9c2858c4ae7f76c68b09087064f9d
Fermi_E,main_and_supplementary,Q_+1,4702,100,1,train,42,within_Cn_target_quantile_isomer_80_20_seed42,f0414567229604469a4c834cc0887f9210b9c2858c4ae7f76c68b09087064f9d
Fermi_E,main_and_supplementary,Q_+1,4703,100,1,train,42,within_Cn_target_quantile_isomer_80_20_seed42,f0414567229604469a4c834cc0887f9210b9c2858c4ae7f76c68b09087064f9d
Fermi_E,main_and_supplementary,Q_+1,4704,100,1,train,42,within_Cn_target_quantile_isomer_80_20_seed42,f0414567229604469a4c834cc0887f9210b9c2858c4ae7f76c68b09087064f9d
Fermi_E,main_and_supplementary,Q_+1,4705,100,1,train,42,within_Cn_target_quantile_isomer_80_20_seed42,f0414567229604469a4c834cc0887f9210b9c2858c4ae7f76c68b09087064f9d
Fermi_E,main_and_supplementary,Q_+1,4707,100,1,train,42,within_Cn_target_quantile_isomer_80_20_seed42,f0414567229604469a4c834cc0887f9210b9c2858c4ae7f76c68b09087064f9d
Fermi_E,main_and_supplementary,Q_+1,4708,100,1,train,42,within_Cn_target_quantile_isomer_80_20_seed42,f0414567229604469a4c834cc0887f9210b9c2858c4ae7f76c68b09087064f9d
Fermi_E,main_and_supplementary,Q_+1,4709,100,1,train,42,within_Cn_target_quantile_isomer_80_20_seed42,f0414567229604469a4c834cc0887f9210b9c2858c4ae7f76c68b09087064f9d
Fermi_E,main_and_supplementary,Q_+1,4710,100,1,train,42,within_Cn_target_quantile_isomer_80_20_seed42,f0414567229604469a4c834cc0887f9210b9c2858c4ae7f76c68b09087064f9d
Fermi_E,main_and_supplementary,Q_+1,4711,100,1,train,42,within_Cn_target_quantile_isomer_80_20_seed42,f0414567229604469a4c834cc0887f9210b9c2858c4ae7f76c68b09087064f9d
Fermi_E,main_and_supplementary,Q_+1,4712,100,1,train,42,within_Cn_target_quantile_isomer_80_20_seed42,f0414567229604469a4c834cc0887f9210b9c2858c4ae7f76c68b09087064f9d
Fermi_E,main_and_supplementary,Q_+1,4713,100,1,train,42,within_Cn_target_quantile_isomer_80_20_seed42,f0414567229604469a4c834cc0887f9210b9c2858c4ae7f76c68b09087064f9d
Fermi_E,main_and_supplementary,Q_+1,4714,100,1,train,42,within_Cn_target_quantile_isomer_80_20_seed42,f0414567229604469a4c834cc0887f9210b9c2858c4ae7f76c68b09087064f9d
Fermi_E,main_and_supplementary,Q_+1,4715,100,1,train,42,within_Cn_target_quantile_isomer_80_20_seed42,f0414567229604469a4c834cc0887f9210b9c2858c4ae7f76c68b09087064f9d
Fermi_E,main_and_supplementary,Q_+1,4716,100,1,train,42,within_Cn_target_quantile_isomer_80_20_seed42,f0414567229604469a4c834cc0887f9210b9c2858c4ae7f76c68b09087064f9d
Fermi_E,main_and_supplementary,Q_+1,4721,100,1,train,42,within_Cn_target_quantile_isomer_80_20_seed42,f0414567229604469a4c834cc0887f9210b9c2858c4ae7f76c68b09087064f9d
Fermi_E,main_and_supplementary,Q_+1,4722,100,1,train,42,within_Cn_target_quantile_isomer_80_20_seed42,f0414567229604469a4c834cc0887f9210b9c2858c4ae7f76c68b09087064f9d
Fermi_E,main_and_supplementary,Q_+1,4723,100,1,train,42,within_Cn_target_quantile_isomer_80_20_seed42,f0414567229604469a4c834cc0887f9210b9c2858c4ae7f76c68b09087064f9d
Fermi_E,main_and_supplementary,Q_+1,4724,100,1,train,42,within_Cn_target_quantile_isomer_80_20_seed42,f0414567229604469a4c834cc0887f9210b9c2858c4ae7f76c68b09087064f9d
Fermi_E,main_and_supplementary,Q_+1,4725,100,1,train,42,within_Cn_target_quantile_isomer_80_20_seed42,f0414567229604469a4c834cc0887f9210b9c2858c4ae7f76c68b09087064f9d
Fermi_E,main_and_supplementary,Q_+1,4728,100,1,train,42,within_Cn_target_quantile_isomer_80_20_seed42,f0414567229604469a4c834cc0887f9210b9c2858c4ae7f76c68b09087064f9d
Fermi_E,main_and_supplementary,Q_+1,4729,100,1,train,42,within_Cn_target_quantile_isomer_80_20_seed42,f0414567229604469a4c834cc0887f9210b9c2858c4ae7f76c68b09087064f9d
Fermi_E,main_and_supplementary,Q_+1,4731,100,1,train,42,within_Cn_target_quantile_isomer_80_20_seed42,f0414567229604469a4c834cc0887f9210b9c2858c4ae7f76c68b09087064f9d
Fermi_E,main_and_supplementary,Q_+1,4732,100,1,train,42,within_Cn_target_quantile_isomer_80_20_seed42,f0414567229604469a4c834cc0887f9210b9c2858c4ae7f76c68b09087064f9d
Fermi_E,main_and_supplementary,Q_+1,4733,100,1,train,42,within_Cn_target_quantile_isomer_80_20_seed42,f0414567229604469a4c834cc0887f9210b9c2858c4ae7f76c68b09087064f9d
Fermi_E,main_and_supplementary,Q_+1,4734,100,1,train,42,within_Cn_target_quantile_isomer_80_20_seed42,f0414567229604469a4c834cc0887f9210b9c2858c4ae7f76c68b09087064f9d
Fermi_E,main_and_supplementary,Q_+1,4736,100,1,train,42,within_Cn_target_quantile_isomer_80_20_seed42,f0414567229604469a4c834cc0887f9210b9c2858c4ae7f76c68b09087064f9d
Fermi_E,main_and_supplementary,Q_+1,4737,100,1,train,42,within_Cn_target_quantile_isomer_80_20_seed42,f0414567229604469a4c834cc0887f9210b9c2858c4ae7f76c68b09087064f9d
Fermi_E,main_and_supplementary,Q_+1,4738,100,1,train,42,within_Cn_target_quantile_isomer_80_20_seed42,f0414567229604469a4c834cc0887f9210b9c2858c4ae7f76c68b09087064f9d
Fermi_E,main_and_supplementary,Q_+1,4739,100,1,train,42,within_Cn_target_quantile_isomer_80_20_seed42,f0414567229604469a4c834cc0887f9210b9c2858c4ae7f76c68b09087064f9d
Fermi_E,main_and_supplementary,Q_+1,4740,100,1,train,42,within_Cn_target_quantile_isomer_80_20_seed42,f0414567229604469a4c834cc0887f9210b9c2858c4ae7f76c68b09087064f9d
Fermi_E,main_and_supplementary,Q_+1,4741,100,1,train,42,within_Cn_target_quantile_isomer_80_20_seed42,f0414567229604469a4c834cc0887f9210b9c2858c4ae7f76c68b09087064f9d
Fermi_E,main_and_supplementary,Q_+1,4742,100,1,train,42,within_Cn_target_quantile_isomer_80_20_seed42,f0414567229604469a4c834cc0887f9210b9c2858c4ae7f76c68b09087064f9d
Fermi_E,main_and_supplementary,Q_+1,4743,100,1,train,42,within_Cn_target_quantile_isomer_80_20_seed42,f0414567229604469a4c834cc0887f9210b9c2858c4ae7f76c68b09087064f9d
Fermi_E,main_and_supplementary,Q_+1,4745,100,1,train,42,within_Cn_target_quantile_isomer_80_20_seed42,f0414567229604469a4c834cc0887f9210b9c2858c4ae7f76c68b09087064f9d
Fermi_E,main_and_supplementary,Q_+1,4746,100,1,train,42,within_Cn_target_quantile_isomer_80_20_seed42,f0414567229604469a4c834cc0887f9210b9c2858c4ae7f76c68b09087064f9d
Fermi_E,main_and_supplementary,Q_+1,4748,100,1,train,42,within_Cn_target_quantile_isomer_80_20_seed42,f0414567229604469a4c834cc0887f9210b9c2858c4ae7f76c68b09087064f9d
Fermi_E,main_and_supplementary,Q_+1,4749,100,1,train,42,within_Cn_target_quantile_isomer_80_20_seed42,f0414567229604469a4c834cc0887f9210b9c2858c4ae7f76c68b09087064f9d
Fermi_E,main_and_supplementary,Q_+1,4751,100,1,train,42,within_Cn_target_quantile_isomer_80_20_seed42,f0414567229604469a4c834cc0887f9210b9c2858c4ae7f76c68b09087064f9d
Fermi_E,main_and_supplementary,Q_+1,4752,100,1,train,42,within_Cn_target_quantile_isomer_80_20_seed42,f0414567229604469a4c834cc0887f9210b9c2858c4ae7f76c68b09087064f9d
Fermi_E,main_and_supplementary,Q_+1,4754,100,1,train,42,within_Cn_target_quantile_isomer_80_20_seed42,f0414567229604469a4c834cc0887f9210b9c2858c4ae7f76c68b09087064f9d
Fermi_E,main_and_supplementary,Q_+1,4755,100,1,train,42,within_Cn_target_quantile_isomer_80_20_seed42,f0414567229604469a4c834cc0887f9210b9c2858c4ae7f76c68b09087064f9d
Fermi_E,main_and_supplementary,Q_+1,4756,100,1,train,42,within_Cn_target_quantile_isomer_80_20_seed42,f0414567229604469a4c834cc0887f9210b9c2858c4ae7f76c68b09087064f9d
Fermi_E,main_and_supplementary,Q_+1,4757,100,1,train,42,within_Cn_target_quantile_isomer_80_20_seed42,f0414567229604469a4c834cc0887f9210b9c2858c4ae7f76c68b09087064f9d
Fermi_E,main_and_supplementary,Q_+1,4759,100,1,train,42,within_Cn_target_quantile_isomer_80_20_seed42,f0414567229604469a4c834cc0887f9210b9c2858c4ae7f76c68b09087064f9d
Fermi_E,main_and_supplementary,Q_+1,4760,100,1,train,42,within_Cn_target_quantile_isomer_80_20_seed42,f0414567229604469a4c834cc0887f9210b9c2858c4ae7f76c68b09087064f9d
Fermi_E,main_and_supplementary,Q_+1,4762,100,1,train,42,within_Cn_target_quantile_isomer_80_20_seed42,f0414567229604469a4c834cc0887f9210b9c2858c4ae7f76c68b09087064f9d
Fermi_E,main_and_supplementary,Q_+1,4763,100,1,train,42,within_Cn_target_quantile_isomer_80_20_seed42,f0414567229604469a4c834cc0887f9210b9c2858c4ae7f76c68b09087064f9d
Fermi_E,main_and_supplementary,Q_+1,4764,100,1,train,42,within_Cn_target_quantile_isomer_80_20_seed42,f0414567229604469a4c834cc0887f9210b9c2858c4ae7f76c68b09087064f9d
Fermi_E,main_and_supplementary,Q_+1,4765,100,1,train,42,within_Cn_target_quantile_isomer_80_20_seed42,f0414567229604469a4c834cc0887f9210b9c2858c4ae7f76c68b09087064f9d
Fermi_E,main_and_supplementary,Q_+1,4766,100,1,train,42,within_Cn_target_quantile_isomer_80_20_seed42,f0414567229604469a4c834cc0887f9210b9c2858c4ae7f76c68b09087064f9d
Fermi_E,main_and_supplementary,Q_+1,4767,100,1,train,42,within_Cn_target_quantile_isomer_80_20_seed42,f0414567229604469a4c834cc0887f9210b9c2858c4ae7f76c68b09087064f9d
Fermi_E,main_and_supplementary,Q_+1,4768,100,1,train,42,within_Cn_target_quantile_isomer_80_20_seed42,f0414567229604469a4c834cc0887f9210b9c2858c4ae7f76c68b09087064f9d
Fermi_E,main_and_supplementary,Q_+1,4769,100,1,train,42,within_Cn_target_quantile_isomer_80_20_seed42,f0414567229604469a4c834cc0887f9210b9c2858c4ae7f76c68b09087064f9d
Fermi_E,main_and_supplementary,Q_+1,4770,100,1,train,42,within_Cn_target_quantile_isomer_80_20_seed42,f0414567229604469a4c834cc0887f9210b9c2858c4ae7f76c68b09087064f9d
Fermi_E,main_and_supplementary,Q_+1,4772,100,1,train,42,within_Cn_target_quantile_isomer_80_20_seed42,f0414567229604469a4c834cc0887f9210b9c2858c4ae7f76c68b09087064f9d
Fermi_E,main_and_supplementary,Q_+1,4773,100,1,train,42,within_Cn_target_quantile_isomer_80_20_seed42,f0414567229604469a4c834cc0887f9210b9c2858c4ae7f76c68b09087064f9d
Fermi_E,main_and_supplementary,Q_+1,4774,100,1,train,42,within_Cn_target_quantile_isomer_80_20_seed42,f0414567229604469a4c834cc0887f9210b9c2858c4ae7f76c68b09087064f9d
Fermi_E,main_and_supplementary,Q_+1,4775,100,1,train,42,within_Cn_target_quantile_isomer_80_20_seed42,f0414567229604469a4c834cc0887f9210b9c2858c4ae7f76c68b09087064f9d
Fermi_E,main_and_supplementary,Q_+1,4776,100,1,train,42,within_Cn_target_quantile_isomer_80_20_seed42,f0414567229604469a4c834cc0887f9210b9c2858c4ae7f76c68b09087064f9d
Fermi_E,main_and_supplementary,Q_+1,4777,100,1,train,42,within_Cn_target_quantile_isomer_80_20_seed42,f0414567229604469a4c834cc0887f9210b9c2858c4ae7f76c68b09087064f9d
Fermi_E,main_and_supplementary,Q_+1,4778,100,1,train,42,within_Cn_target_quantile_isomer_80_20_seed42,f0414567229604469a4c834cc0887f9210b9c2858c4ae7f76c68b09087064f9d
Fermi_E,main_and_supplementary,Q_+1,4779,100,1,train,42,within_Cn_target_quantile_isomer_80_20_seed42,f0414567229604469a4c834cc0887f9210b9c2858c4ae7f76c68b09087064f9d
Fermi_E,main_and_supplementary,Q_+1,4780,100,1,train,42,within_Cn_target_quantile_isomer_80_20_seed42,f0414567229604469a4c834cc0887f9210b9c2858c4ae7f76c68b09087064f9d
Fermi_E,main_and_supplementary,Q_+1,4781,100,1,train,42,within_Cn_target_quantile_isomer_80_20_seed42,f0414567229604469a4c834cc0887f9210b9c2858c4ae7f76c68b09087064f9d
Fermi_E,main_and_supplementary,Q_+1,4782,100,1,train,42,within_Cn_target_quantile_isomer_80_20_seed42,f0414567229604469a4c834cc0887f9210b9c2858c4ae7f76c68b09087064f9d
Fermi_E,main_and_supplementary,Q_+1,4783,100,1,train,42,within_Cn_target_quantile_isomer_80_20_seed42,f0414567229604469a4c834cc0887f9210b9c2858c4ae7f76c68b09087064f9d
Fermi_E,main_and_supplementary,Q_+1,4784,100,1,train,42,within_Cn_target_quantile_isomer_80_20_seed42,f0414567229604469a4c834cc0887f9210b9c2858c4ae7f76c68b09087064f9d
Fermi_E,main_and_supplementary,Q_+1,4785,100,1,train,42,within_Cn_target_quantile_isomer_80_20_seed42,f0414567229604469a4c834cc0887f9210b9c2858c4ae7f76c68b09087064f9d
Fermi_E,main_and_supplementary,Q_+1,4786,100,1,train,42,within_Cn_target_quantile_isomer_80_20_seed42,f0414567229604469a4c834cc0887f9210b9c2858c4ae7f76c68b09087064f9d
Fermi_E,main_and_supplementary,Q_+1,4787,100,1,train,42,within_Cn_target_quantile_isomer_80_20_seed42,f0414567229604469a4c834cc0887f9210b9c2858c4ae7f76c68b09087064f9d
Fermi_E,main_and_supplementary,Q_+1,4789,100,1,train,42,within_Cn_target_quantile_isomer_80_20_seed42,f0414567229604469a4c834cc0887f9210b9c2858c4ae7f76c68b09087064f9d
Fermi_E,main_and_supplementary,Q_+1,4790,100,1,train,42,within_Cn_target_quantile_isomer_80_20_seed42,f0414567229604469a4c834cc0887f9210b9c2858c4ae7f76c68b09087064f9d
Fermi_E,main_and_supplementary,Q_+1,4791,100,1,train,42,within_Cn_target_quantile_isomer_80_20_seed42,f0414567229604469a4c834cc0887f9210b9c2858c4ae7f76c68b09087064f9d
Fermi_E,main_and_supplementary,Q_+1,4792,100,1,train,42,within_Cn_target_quantile_isomer_80_20_seed42,f0414567229604469a4c834cc0887f9210b9c2858c4ae7f76c68b09087064f9d
Fermi_E,main_and_supplementary,Q_+1,4793,100,1,train,42,within_Cn_target_quantile_isomer_80_20_seed42,f0414567229604469a4c834cc0887f9210b9c2858c4ae7f76c68b09087064f9d
Fermi_E,main_and_supplementary,Q_+1,4794,100,1,train,42,within_Cn_target_quantile_isomer_80_20_seed42,f0414567229604469a4c834cc0887f9210b9c2858c4ae7f76c68b09087064f9d
Fermi_E,main_and_supplementary,Q_+1,4795,100,1,train,42,within_Cn_target_quantile_isomer_80_20_seed42,f0414567229604469a4c834cc0887f9210b9c2858c4ae7f76c68b09087064f9d
Fermi_E,main_and_supplementary,Q_+1,4796,100,1,train,42,within_Cn_target_quantile_isomer_80_20_seed42,f0414567229604469a4c834cc0887f9210b9c2858c4ae7f76c68b09087064f9d
Fermi_E,main_and_supplementary,Q_+1,4797,100,1,train,42,within_Cn_target_quantile_isomer_80_20_seed42,f0414567229604469a4c834cc0887f9210b9c2858c4ae7f76c68b09087064f9d
Fermi_E,main_and_supplementary,Q_+1,4798,100,1,train,42,within_Cn_target_quantile_isomer_80_20_seed42,f0414567229604469a4c834cc0887f9210b9c2858c4ae7f76c68b09087064f9d
Fermi_E,main_and_supplementary,Q_+1,4799,100,1,train,42,within_Cn_target_quantile_isomer_80_20_seed42,f0414567229604469a4c834cc0887f9210b9c2858c4ae7f76c68b09087064f9d
Fermi_E,main_and_supplementary,Q_+1,4800,100,1,train,42,within_Cn_target_quantile_isomer_80_20_seed42,f0414567229604469a4c834cc0887f9210b9c2858c4ae7f76c68b09087064f9d
Fermi_E,main_and_supplementary,Q_+1,4801,100,1,train,42,within_Cn_target_quantile_isomer_80_20_seed42,f0414567229604469a4c834cc0887f9210b9c2858c4ae7f76c68b09087064f9d
Fermi_E,main_and_supplementary,Q_+1,4802,100,1,train,42,within_Cn_target_quantile_isomer_80_20_seed42,f0414567229604469a4c834cc0887f9210b9c2858c4ae7f76c68b09087064f9d
Fermi_E,main_and_supplementary,Q_+1,4803,100,1,train,42,within_Cn_target_quantile_isomer_80_20_seed42,f0414567229604469a4c834cc0887f9210b9c2858c4ae7f76c68b09087064f9d
Fermi_E,main_and_supplementary,Q_+1,4804,100,1,train,42,within_Cn_target_quantile_isomer_80_20_seed42,f0414567229604469a4c834cc0887f9210b9c2858c4ae7f76c68b09087064f9d
Fermi_E,main_and_supplementary,Q_+1,4805,100,1,train,42,within_Cn_target_quantile_isomer_80_20_seed42,f0414567229604469a4c834cc0887f9210b9c2858c4ae7f76c68b09087064f9d
Fermi_E,main_and_supplementary,Q_+1,4807,100,1,train,42,within_Cn_target_quantile_isomer_80_20_seed42,f0414567229604469a4c834cc0887f9210b9c2858c4ae7f76c68b09087064f9d
Fermi_E,main_and_supplementary,Q_+1,4808,100,1,train,42,within_Cn_target_quantile_isomer_80_20_seed42,f0414567229604469a4c834cc0887f9210b9c2858c4ae7f76c68b09087064f9d
Fermi_E,main_and_supplementary,Q_+1,4809,100,1,train,42,within_Cn_target_quantile_isomer_80_20_seed42,f0414567229604469a4c834cc0887f9210b9c2858c4ae7f76c68b09087064f9d
Fermi_E,main_and_supplementary,Q_+1,4811,100,1,train,42,within_Cn_target_quantile_isomer_80_20_seed42,f0414567229604469a4c834cc0887f9210b9c2858c4ae7f76c68b09087064f9d
Fermi_E,main_and_supplementary,Q_+1,4812,100,1,train,42,within_Cn_target_quantile_isomer_80_20_seed42,f0414567229604469a4c834cc0887f9210b9c2858c4ae7f76c68b09087064f9d
Fermi_E,main_and_supplementary,Q_+1,4813,100,1,train,42,within_Cn_target_quantile_isomer_80_20_seed42,f0414567229604469a4c834cc0887f9210b9c2858c4ae7f76c68b09087064f9d
Fermi_E,main_and_supplementary,Q_+1,4814,100,1,train,42,within_Cn_target_quantile_isomer_80_20_seed42,f0414567229604469a4c834cc0887f9210b9c2858c4ae7f76c68b09087064f9d
Fermi_E,main_and_supplementary,Q_+1,4815,100,1,train,42,within_Cn_target_quantile_isomer_80_20_seed42,f0414567229604469a4c834cc0887f9210b9c2858c4ae7f76c68b09087064f9d
Fermi_E,main_and_supplementary,Q_+1,4816,100,1,train,42,within_Cn_target_quantile_isomer_80_20_seed42,f0414567229604469a4c834cc0887f9210b9c2858c4ae7f76c68b09087064f9d
Fermi_E,main_and_supplementary,Q_+1,4817,100,1,train,42,within_Cn_target_quantile_isomer_80_20_seed42,f0414567229604469a4c834cc0887f9210b9c2858c4ae7f76c68b09087064f9d
Fermi_E,main_and_supplementary,Q_+1,4818,100,1,train,42,within_Cn_target_quantile_isomer_80_20_seed42,f0414567229604469a4c834cc0887f9210b9c2858c4ae7f76c68b09087064f9d
Fermi_E,main_and_supplementary,Q_+1,4820,100,1,train,42,within_Cn_target_quantile_isomer_80_20_seed42,f0414567229604469a4c834cc0887f9210b9c2858c4ae7f76c68b09087064f9d
Fermi_E,main_and_supplementary,Q_+1,4821,100,1,train,42,within_Cn_target_quantile_isomer_80_20_seed42,f0414567229604469a4c834cc0887f9210b9c2858c4ae7f76c68b09087064f9d
Fermi_E,main_and_supplementary,Q_+1,4822,100,1,train,42,within_Cn_target_quantile_isomer_80_20_seed42,f0414567229604469a4c834cc0887f9210b9c2858c4ae7f76c68b09087064f9d
Fermi_E,main_and_supplementary,Q_+1,4824,100,1,train,42,within_Cn_target_quantile_isomer_80_20_seed42,f0414567229604469a4c834cc0887f9210b9c2858c4ae7f76c68b09087064f9d
Fermi_E,main_and_supplementary,Q_+1,4825,100,1,train,42,within_Cn_target_quantile_isomer_80_20_seed42,f0414567229604469a4c834cc0887f9210b9c2858c4ae7f76c68b09087064f9d
Fermi_E,main_and_supplementary,Q_+1,4826,100,1,train,42,within_Cn_target_quantile_isomer_80_20_seed42,f0414567229604469a4c834cc0887f9210b9c2858c4ae7f76c68b09087064f9d
Fermi_E,main_and_supplementary,Q_+1,4827,100,1,train,42,within_Cn_target_quantile_isomer_80_20_seed42,f0414567229604469a4c834cc0887f9210b9c2858c4ae7f76c68b09087064f9d
Fermi_E,main_and_supplementary,Q_+1,4828,100,1,train,42,within_Cn_target_quantile_isomer_80_20_seed42,f0414567229604469a4c834cc0887f9210b9c2858c4ae7f76c68b09087064f9d
Fermi_E,main_and_supplementary,Q_+1,4829,100,1,train,42,within_Cn_target_quantile_isomer_80_20_seed42,f0414567229604469a4c834cc0887f9210b9c2858c4ae7f76c68b09087064f9d
Fermi_E,main_and_supplementary,Q_+1,4830,100,1,train,42,within_Cn_target_quantile_isomer_80_20_seed42,f0414567229604469a4c834cc0887f9210b9c2858c4ae7f76c68b09087064f9d
Fermi_E,main_and_supplementary,Q_+1,4833,100,1,train,42,within_Cn_target_quantile_isomer_80_20_seed42,f0414567229604469a4c834cc0887f9210b9c2858c4ae7f76c68b09087064f9d
Fermi_E,main_and_supplementary,Q_+1,4834,100,1,train,42,within_Cn_target_quantile_isomer_80_20_seed42,f0414567229604469a4c834cc0887f9210b9c2858c4ae7f76c68b09087064f9d
Fermi_E,main_and_supplementary,Q_+1,4835,100,1,train,42,within_Cn_target_quantile_isomer_80_20_seed42,f0414567229604469a4c834cc0887f9210b9c2858c4ae7f76c68b09087064f9d
Fermi_E,main_and_supplementary,Q_+1,4836,100,1,train,42,within_Cn_target_quantile_isomer_80_20_seed42,f0414567229604469a4c834cc0887f9210b9c2858c4ae7f76c68b09087064f9d
Fermi_E,main_and_supplementary,Q_+1,4837,100,1,train,42,within_Cn_target_quantile_isomer_80_20_seed42,f0414567229604469a4c834cc0887f9210b9c2858c4ae7f76c68b09087064f9d
Fermi_E,main_and_supplementary,Q_+1,4838,100,1,train,42,within_Cn_target_quantile_isomer_80_20_seed42,f0414567229604469a4c834cc0887f9210b9c2858c4ae7f76c68b09087064f9d
Fermi_E,main_and_supplementary,Q_+1,4839,100,1,train,42,within_Cn_target_quantile_isomer_80_20_seed42,f0414567229604469a4c834cc0887f9210b9c2858c4ae7f76c68b09087064f9d
Fermi_E,main_and_supplementary,Q_+1,4842,100,1,train,42,within_Cn_target_quantile_isomer_80_20_seed42,f0414567229604469a4c834cc0887f9210b9c2858c4ae7f76c68b09087064f9d
Fermi_E,main_and_supplementary,Q_+1,4844,100,1,train,42,within_Cn_target_quantile_isomer_80_20_seed42,f0414567229604469a4c834cc0887f9210b9c2858c4ae7f76c68b09087064f9d
Fermi_E,main_and_supplementary,Q_+1,4847,100,1,train,42,within_Cn_target_quantile_isomer_80_20_seed42,f0414567229604469a4c834cc0887f9210b9c2858c4ae7f76c68b09087064f9d
Fermi_E,main_and_supplementary,Q_+1,4848,100,1,train,42,within_Cn_target_quantile_isomer_80_20_seed42,f0414567229604469a4c834cc0887f9210b9c2858c4ae7f76c68b09087064f9d
Fermi_E,main_and_supplementary,Q_+1,4850,100,1,train,42,within_Cn_target_quantile_isomer_80_20_seed42,f0414567229604469a4c834cc0887f9210b9c2858c4ae7f76c68b09087064f9d
Fermi_E,main_and_supplementary,Q_+1,4851,100,1,train,42,within_Cn_target_quantile_isomer_80_20_seed42,f0414567229604469a4c834cc0887f9210b9c2858c4ae7f76c68b09087064f9d
Fermi_E,main_and_supplementary,Q_+1,4852,100,1,train,42,within_Cn_target_quantile_isomer_80_20_seed42,f0414567229604469a4c834cc0887f9210b9c2858c4ae7f76c68b09087064f9d
Fermi_E,main_and_supplementary,Q_+1,4853,100,1,train,42,within_Cn_target_quantile_isomer_80_20_seed42,f0414567229604469a4c834cc0887f9210b9c2858c4ae7f76c68b09087064f9d
Fermi_E,main_and_supplementary,Q_+1,4854,100,1,train,42,within_Cn_target_quantile_isomer_80_20_seed42,f0414567229604469a4c834cc0887f9210b9c2858c4ae7f76c68b09087064f9d
Fermi_E,main_and_supplementary,Q_+1,4855,100,1,train,42,within_Cn_target_quantile_isomer_80_20_seed42,f0414567229604469a4c834cc0887f9210b9c2858c4ae7f76c68b09087064f9d
Fermi_E,main_and_supplementary,Q_+1,4858,100,1,train,42,within_Cn_target_quantile_isomer_80_20_seed42,f0414567229604469a4c834cc0887f9210b9c2858c4ae7f76c68b09087064f9d
Fermi_E,main_and_supplementary,Q_+1,4860,100,1,train,42,within_Cn_target_quantile_isomer_80_20_seed42,f0414567229604469a4c834cc0887f9210b9c2858c4ae7f76c68b09087064f9d
Fermi_E,main_and_supplementary,Q_+1,4861,100,1,train,42,within_Cn_target_quantile_isomer_80_20_seed42,f0414567229604469a4c834cc0887f9210b9c2858c4ae7f76c68b09087064f9d
Fermi_E,main_and_supplementary,Q_+1,4862,100,1,train,42,within_Cn_target_quantile_isomer_80_20_seed42,f0414567229604469a4c834cc0887f9210b9c2858c4ae7f76c68b09087064f9d
Fermi_E,main_and_supplementary,Q_+1,4863,100,1,train,42,within_Cn_target_quantile_isomer_80_20_seed42,f0414567229604469a4c834cc0887f9210b9c2858c4ae7f76c68b09087064f9d
Fermi_E,main_and_supplementary,Q_+1,4864,100,1,train,42,within_Cn_target_quantile_isomer_80_20_seed42,f0414567229604469a4c834cc0887f9210b9c2858c4ae7f76c68b09087064f9d
Fermi_E,main_and_supplementary,Q_+1,4865,100,1,train,42,within_Cn_target_quantile_isomer_80_20_seed42,f0414567229604469a4c834cc0887f9210b9c2858c4ae7f76c68b09087064f9d
Fermi_E,main_and_supplementary,Q_+1,4866,100,1,train,42,within_Cn_target_quantile_isomer_80_20_seed42,f0414567229604469a4c834cc0887f9210b9c2858c4ae7f76c68b09087064f9d
Fermi_E,main_and_supplementary,Q_+1,4867,100,1,train,42,within_Cn_target_quantile_isomer_80_20_seed42,f0414567229604469a4c834cc0887f9210b9c2858c4ae7f76c68b09087064f9d
Fermi_E,main_and_supplementary,Q_+1,4869,100,1,train,42,within_Cn_target_quantile_isomer_80_20_seed42,f0414567229604469a4c834cc0887f9210b9c2858c4ae7f76c68b09087064f9d
Fermi_E,main_and_supplementary,Q_+1,4870,100,1,train,42,within_Cn_target_quantile_isomer_80_20_seed42,f0414567229604469a4c834cc0887f9210b9c2858c4ae7f76c68b09087064f9d
Fermi_E,main_and_supplementary,Q_+1,4872,100,1,train,42,within_Cn_target_quantile_isomer_80_20_seed42,f0414567229604469a4c834cc0887f9210b9c2858c4ae7f76c68b09087064f9d
Fermi_E,main_and_supplementary,Q_+1,4873,100,1,train,42,within_Cn_target_quantile_isomer_80_20_seed42,f0414567229604469a4c834cc0887f9210b9c2858c4ae7f76c68b09087064f9d
Fermi_E,main_and_supplementary,Q_+1,4874,100,1,train,42,within_Cn_target_quantile_isomer_80_20_seed42,f0414567229604469a4c834cc0887f9210b9c2858c4ae7f76c68b09087064f9d
Fermi_E,main_and_supplementary,Q_+1,4875,100,1,train,42,within_Cn_target_quantile_isomer_80_20_seed42,f0414567229604469a4c834cc0887f9210b9c2858c4ae7f76c68b09087064f9d
Fermi_E,main_and_supplementary,Q_+1,4877,100,1,train,42,within_Cn_target_quantile_isomer_80_20_seed42,f0414567229604469a4c834cc0887f9210b9c2858c4ae7f76c68b09087064f9d
Fermi_E,main_and_supplementary,Q_+1,4878,100,1,train,42,within_Cn_target_quantile_isomer_80_20_seed42,f0414567229604469a4c834cc0887f9210b9c2858c4ae7f76c68b09087064f9d
Fermi_E,main_and_supplementary,Q_+1,4879,100,1,train,42,within_Cn_target_quantile_isomer_80_20_seed42,f0414567229604469a4c834cc0887f9210b9c2858c4ae7f76c68b09087064f9d
Fermi_E,main_and_supplementary,Q_+1,4880,100,1,train,42,within_Cn_target_quantile_isomer_80_20_seed42,f0414567229604469a4c834cc0887f9210b9c2858c4ae7f76c68b09087064f9d
Fermi_E,main_and_supplementary,Q_+1,4881,100,1,train,42,within_Cn_target_quantile_isomer_80_20_seed42,f0414567229604469a4c834cc0887f9210b9c2858c4ae7f76c68b09087064f9d
Fermi_E,main_and_supplementary,Q_+1,4883,100,1,train,42,within_Cn_target_quantile_isomer_80_20_seed42,f0414567229604469a4c834cc0887f9210b9c2858c4ae7f76c68b09087064f9d
Fermi_E,main_and_supplementary,Q_+1,4884,100,1,train,42,within_Cn_target_quantile_isomer_80_20_seed42,f0414567229604469a4c834cc0887f9210b9c2858c4ae7f76c68b09087064f9d
Fermi_E,main_and_supplementary,Q_+1,4885,100,1,train,42,within_Cn_target_quantile_isomer_80_20_seed42,f0414567229604469a4c834cc0887f9210b9c2858c4ae7f76c68b09087064f9d
Fermi_E,main_and_supplementary,Q_+1,4886,100,1,train,42,within_Cn_target_quantile_isomer_80_20_seed42,f0414567229604469a4c834cc0887f9210b9c2858c4ae7f76c68b09087064f9d
Fermi_E,main_and_supplementary,Q_+1,4888,100,1,train,42,within_Cn_target_quantile_isomer_80_20_seed42,f0414567229604469a4c834cc0887f9210b9c2858c4ae7f76c68b09087064f9d
Fermi_E,main_and_supplementary,Q_+1,4889,100,1,train,42,within_Cn_target_quantile_isomer_80_20_seed42,f0414567229604469a4c834cc0887f9210b9c2858c4ae7f76c68b09087064f9d
Fermi_E,main_and_supplementary,Q_+1,4891,100,1,train,42,within_Cn_target_quantile_isomer_80_20_seed42,f0414567229604469a4c834cc0887f9210b9c2858c4ae7f76c68b09087064f9d
Fermi_E,main_and_supplementary,Q_+1,4892,100,1,train,42,within_Cn_target_quantile_isomer_80_20_seed42,f0414567229604469a4c834cc0887f9210b9c2858c4ae7f76c68b09087064f9d
Fermi_E,main_and_supplementary,Q_+1,4893,100,1,train,42,within_Cn_target_quantile_isomer_80_20_seed42,f0414567229604469a4c834cc0887f9210b9c2858c4ae7f76c68b09087064f9d
Fermi_E,main_and_supplementary,Q_+1,4894,100,1,train,42,within_Cn_target_quantile_isomer_80_20_seed42,f0414567229604469a4c834cc0887f9210b9c2858c4ae7f76c68b09087064f9d
Fermi_E,main_and_supplementary,Q_+1,4896,100,1,train,42,within_Cn_target_quantile_isomer_80_20_seed42,f0414567229604469a4c834cc0887f9210b9c2858c4ae7f76c68b09087064f9d
Fermi_E,main_and_supplementary,Q_+1,4897,100,1,train,42,within_Cn_target_quantile_isomer_80_20_seed42,f0414567229604469a4c834cc0887f9210b9c2858c4ae7f76c68b09087064f9d
Fermi_E,main_and_supplementary,Q_+1,4898,100,1,train,42,within_Cn_target_quantile_isomer_80_20_seed42,f0414567229604469a4c834cc0887f9210b9c2858c4ae7f76c68b09087064f9d
Fermi_E,main_and_supplementary,Q_+1,4899,100,1,train,42,within_Cn_target_quantile_isomer_80_20_seed42,f0414567229604469a4c834cc0887f9210b9c2858c4ae7f76c68b09087064f9d
Fermi_E,main_and_supplementary,Q_+1,4900,100,1,train,42,within_Cn_target_quantile_isomer_80_20_seed42,f0414567229604469a4c834cc0887f9210b9c2858c4ae7f76c68b09087064f9d
Fermi_E,main_and_supplementary,Q_+1,4901,100,1,train,42,within_Cn_target_quantile_isomer_80_20_seed42,f0414567229604469a4c834cc0887f9210b9c2858c4ae7f76c68b09087064f9d
Fermi_E,main_and_supplementary,Q_+1,4902,100,1,train,42,within_Cn_target_quantile_isomer_80_20_seed42,f0414567229604469a4c834cc0887f9210b9c2858c4ae7f76c68b09087064f9d
Fermi_E,main_and_supplementary,Q_+1,4903,100,1,train,42,within_Cn_target_quantile_isomer_80_20_seed42,f0414567229604469a4c834cc0887f9210b9c2858c4ae7f76c68b09087064f9d
Fermi_E,main_and_supplementary,Q_+1,4904,100,1,train,42,within_Cn_target_quantile_isomer_80_20_seed42,f0414567229604469a4c834cc0887f9210b9c2858c4ae7f76c68b09087064f9d
Fermi_E,main_and_supplementary,Q_+1,4905,100,1,train,42,within_Cn_target_quantile_isomer_80_20_seed42,f0414567229604469a4c834cc0887f9210b9c2858c4ae7f76c68b09087064f9d
Fermi_E,main_and_supplementary,Q_+1,4906,100,1,train,42,within_Cn_target_quantile_isomer_80_20_seed42,f0414567229604469a4c834cc0887f9210b9c2858c4ae7f76c68b09087064f9d
Fermi_E,main_and_supplementary,Q_+1,4907,100,1,train,42,within_Cn_target_quantile_isomer_80_20_seed42,f0414567229604469a4c834cc0887f9210b9c2858c4ae7f76c68b09087064f9d
Fermi_E,main_and_supplementary,Q_+1,4908,100,1,train,42,within_Cn_target_quantile_isomer_80_20_seed42,f0414567229604469a4c834cc0887f9210b9c2858c4ae7f76c68b09087064f9d
Fermi_E,main_and_supplementary,Q_+1,4910,100,1,train,42,within_Cn_target_quantile_isomer_80_20_seed42,f0414567229604469a4c834cc0887f9210b9c2858c4ae7f76c68b09087064f9d
Fermi_E,main_and_supplementary,Q_+1,4911,100,1,train,42,within_Cn_target_quantile_isomer_80_20_seed42,f0414567229604469a4c834cc0887f9210b9c2858c4ae7f76c68b09087064f9d
Fermi_E,main_and_supplementary,Q_+1,4912,100,1,train,42,within_Cn_target_quantile_isomer_80_20_seed42,f0414567229604469a4c834cc0887f9210b9c2858c4ae7f76c68b09087064f9d
Fermi_E,main_and_supplementary,Q_+1,4913,100,1,train,42,within_Cn_target_quantile_isomer_80_20_seed42,f0414567229604469a4c834cc0887f9210b9c2858c4ae7f76c68b09087064f9d
Fermi_E,main_and_supplementary,Q_+1,4914,100,1,train,42,within_Cn_target_quantile_isomer_80_20_seed42,f0414567229604469a4c834cc0887f9210b9c2858c4ae7f76c68b09087064f9d
Fermi_E,main_and_supplementary,Q_+1,4915,100,1,train,42,within_Cn_target_quantile_isomer_80_20_seed42,f0414567229604469a4c834cc0887f9210b9c2858c4ae7f76c68b09087064f9d
Fermi_E,main_and_supplementary,Q_+1,4916,100,1,train,42,within_Cn_target_quantile_isomer_80_20_seed42,f0414567229604469a4c834cc0887f9210b9c2858c4ae7f76c68b09087064f9d
Fermi_E,main_and_supplementary,Q_+1,4917,100,1,train,42,within_Cn_target_quantile_isomer_80_20_seed42,f0414567229604469a4c834cc0887f9210b9c2858c4ae7f76c68b09087064f9d
Fermi_E,main_and_supplementary,Q_+1,4918,100,1,train,42,within_Cn_target_quantile_isomer_80_20_seed42,f0414567229604469a4c834cc0887f9210b9c2858c4ae7f76c68b09087064f9d
Fermi_E,main_and_supplementary,Q_+1,4919,100,1,train,42,within_Cn_target_quantile_isomer_80_20_seed42,f0414567229604469a4c834cc0887f9210b9c2858c4ae7f76c68b09087064f9d
Fermi_E,main_and_supplementary,Q_+1,4920,100,1,train,42,within_Cn_target_quantile_isomer_80_20_seed42,f0414567229604469a4c834cc0887f9210b9c2858c4ae7f76c68b09087064f9d
Fermi_E,main_and_supplementary,Q_+1,4922,100,1,train,42,within_Cn_target_quantile_isomer_80_20_seed42,f0414567229604469a4c834cc0887f9210b9c2858c4ae7f76c68b09087064f9d
Fermi_E,main_and_supplementary,Q_+1,4923,100,1,train,42,within_Cn_target_quantile_isomer_80_20_seed42,f0414567229604469a4c834cc0887f9210b9c2858c4ae7f76c68b09087064f9d
Fermi_E,main_and_supplementary,Q_+1,4924,100,1,train,42,within_Cn_target_quantile_isomer_80_20_seed42,f0414567229604469a4c834cc0887f9210b9c2858c4ae7f76c68b09087064f9d
Fermi_E,main_and_supplementary,Q_+1,4925,100,1,train,42,within_Cn_target_quantile_isomer_80_20_seed42,f0414567229604469a4c834cc0887f9210b9c2858c4ae7f76c68b09087064f9d
Fermi_E,main_and_supplementary,Q_+1,4926,100,1,train,42,within_Cn_target_quantile_isomer_80_20_seed42,f0414567229604469a4c834cc0887f9210b9c2858c4ae7f76c68b09087064f9d
Fermi_E,main_and_supplementary,Q_+1,4927,100,1,train,42,within_Cn_target_quantile_isomer_80_20_seed42,f0414567229604469a4c834cc0887f9210b9c2858c4ae7f76c68b09087064f9d
Fermi_E,main_and_supplementary,Q_+1,4928,100,1,train,42,within_Cn_target_quantile_isomer_80_20_seed42,f0414567229604469a4c834cc0887f9210b9c2858c4ae7f76c68b09087064f9d
Fermi_E,main_and_supplementary,Q_+1,4929,100,1,train,42,within_Cn_target_quantile_isomer_80_20_seed42,f0414567229604469a4c834cc0887f9210b9c2858c4ae7f76c68b09087064f9d
Fermi_E,main_and_supplementary,Q_+1,4933,100,1,train,42,within_Cn_target_quantile_isomer_80_20_seed42,f0414567229604469a4c834cc0887f9210b9c2858c4ae7f76c68b09087064f9d
Fermi_E,main_and_supplementary,Q_+1,4934,100,1,train,42,within_Cn_target_quantile_isomer_80_20_seed42,f0414567229604469a4c834cc0887f9210b9c2858c4ae7f76c68b09087064f9d
Fermi_E,main_and_supplementary,Q_+1,4936,100,1,train,42,within_Cn_target_quantile_isomer_80_20_seed42,f0414567229604469a4c834cc0887f9210b9c2858c4ae7f76c68b09087064f9d
Fermi_E,main_and_supplementary,Q_+1,4937,100,1,train,42,within_Cn_target_quantile_isomer_80_20_seed42,f0414567229604469a4c834cc0887f9210b9c2858c4ae7f76c68b09087064f9d
Fermi_E,main_and_supplementary,Q_+1,4938,100,1,train,42,within_Cn_target_quantile_isomer_80_20_seed42,f0414567229604469a4c834cc0887f9210b9c2858c4ae7f76c68b09087064f9d
Fermi_E,main_and_supplementary,Q_+1,4939,100,1,train,42,within_Cn_target_quantile_isomer_80_20_seed42,f0414567229604469a4c834cc0887f9210b9c2858c4ae7f76c68b09087064f9d
Fermi_E,main_and_supplementary,Q_+1,4942,100,1,train,42,within_Cn_target_quantile_isomer_80_20_seed42,f0414567229604469a4c834cc0887f9210b9c2858c4ae7f76c68b09087064f9d
Fermi_E,main_and_supplementary,Q_+1,4943,100,1,train,42,within_Cn_target_quantile_isomer_80_20_seed42,f0414567229604469a4c834cc0887f9210b9c2858c4ae7f76c68b09087064f9d
Fermi_E,main_and_supplementary,Q_+1,4944,100,1,train,42,within_Cn_target_quantile_isomer_80_20_seed42,f0414567229604469a4c834cc0887f9210b9c2858c4ae7f76c68b09087064f9d
Fermi_E,main_and_supplementary,Q_+1,4945,100,1,train,42,within_Cn_target_quantile_isomer_80_20_seed42,f0414567229604469a4c834cc0887f9210b9c2858c4ae7f76c68b09087064f9d
Fermi_E,main_and_supplementary,Q_+1,4947,100,1,train,42,within_Cn_target_quantile_isomer_80_20_seed42,f0414567229604469a4c834cc0887f9210b9c2858c4ae7f76c68b09087064f9d
Fermi_E,main_and_supplementary,Q_+1,4948,100,1,train,42,within_Cn_target_quantile_isomer_80_20_seed42,f0414567229604469a4c834cc0887f9210b9c2858c4ae7f76c68b09087064f9d
Fermi_E,main_and_supplementary,Q_+1,4949,100,1,train,42,within_Cn_target_quantile_isomer_80_20_seed42,f0414567229604469a4c834cc0887f9210b9c2858c4ae7f76c68b09087064f9d
Fermi_E,main_and_supplementary,Q_+1,4950,100,1,train,42,within_Cn_target_quantile_isomer_80_20_seed42,f0414567229604469a4c834cc0887f9210b9c2858c4ae7f76c68b09087064f9d
Fermi_E,main_and_supplementary,Q_+1,4951,100,1,train,42,within_Cn_target_quantile_isomer_80_20_seed42,f0414567229604469a4c834cc0887f9210b9c2858c4ae7f76c68b09087064f9d
Fermi_E,main_and_supplementary,Q_+1,4954,100,1,train,42,within_Cn_target_quantile_isomer_80_20_seed42,f0414567229604469a4c834cc0887f9210b9c2858c4ae7f76c68b09087064f9d
Fermi_E,main_and_supplementary,Q_+1,4955,100,1,train,42,within_Cn_target_quantile_isomer_80_20_seed42,f0414567229604469a4c834cc0887f9210b9c2858c4ae7f76c68b09087064f9d
Fermi_E,main_and_supplementary,Q_+1,4956,100,1,train,42,within_Cn_target_quantile_isomer_80_20_seed42,f0414567229604469a4c834cc0887f9210b9c2858c4ae7f76c68b09087064f9d
Fermi_E,main_and_supplementary,Q_+1,4959,100,1,train,42,within_Cn_target_quantile_isomer_80_20_seed42,f0414567229604469a4c834cc0887f9210b9c2858c4ae7f76c68b09087064f9d
Fermi_E,main_and_supplementary,Q_+1,4960,100,1,train,42,within_Cn_target_quantile_isomer_80_20_seed42,f0414567229604469a4c834cc0887f9210b9c2858c4ae7f76c68b09087064f9d
Fermi_E,main_and_supplementary,Q_+1,4962,100,1,train,42,within_Cn_target_quantile_isomer_80_20_seed42,f0414567229604469a4c834cc0887f9210b9c2858c4ae7f76c68b09087064f9d
Fermi_E,main_and_supplementary,Q_+1,4963,100,1,train,42,within_Cn_target_quantile_isomer_80_20_seed42,f0414567229604469a4c834cc0887f9210b9c2858c4ae7f76c68b09087064f9d
Fermi_E,main_and_supplementary,Q_+1,4965,100,1,train,42,within_Cn_target_quantile_isomer_80_20_seed42,f0414567229604469a4c834cc0887f9210b9c2858c4ae7f76c68b09087064f9d
Fermi_E,main_and_supplementary,Q_+1,4966,100,1,train,42,within_Cn_target_quantile_isomer_80_20_seed42,f0414567229604469a4c834cc0887f9210b9c2858c4ae7f76c68b09087064f9d
Fermi_E,main_and_supplementary,Q_+1,4967,100,1,train,42,within_Cn_target_quantile_isomer_80_20_seed42,f0414567229604469a4c834cc0887f9210b9c2858c4ae7f76c68b09087064f9d
Fermi_E,main_and_supplementary,Q_+1,4968,180,1,train,42,within_Cn_target_quantile_isomer_80_20_seed42,f0414567229604469a4c834cc0887f9210b9c2858c4ae7f76c68b09087064f9d
Fermi_E,main_and_supplementary,Q_+1,4969,240,1,train,42,within_Cn_target_quantile_isomer_80_20_seed42,f0414567229604469a4c834cc0887f9210b9c2858c4ae7f76c68b09087064f9d
Fermi_E,main_and_supplementary,Q_+1,4970,260,1,train,42,within_Cn_target_quantile_isomer_80_20_seed42,f0414567229604469a4c834cc0887f9210b9c2858c4ae7f76c68b09087064f9d
Fermi_E,main_and_supplementary,Q_+1,4971,320,1,train,42,within_Cn_target_quantile_isomer_80_20_seed42,f0414567229604469a4c834cc0887f9210b9c2858c4ae7f76c68b09087064f9d
Fermi_E,main_and_supplementary,Q_+1,4972,500,1,train,42,within_Cn_target_quantile_isomer_80_20_seed42,f0414567229604469a4c834cc0887f9210b9c2858c4ae7f76c68b09087064f9d
Fermi_E,main_and_supplementary,Q_+1,4973,540,1,train,42,within_Cn_target_quantile_isomer_80_20_seed42,f0414567229604469a4c834cc0887f9210b9c2858c4ae7f76c68b09087064f9d
Fermi_E,main_and_supplementary,Q_+1,4974,720,1,train,42,within_Cn_target_quantile_isomer_80_20_seed42,f0414567229604469a4c834cc0887f9210b9c2858c4ae7f76c68b09087064f9d
Fermi_E,main_and_supplementary,Q_+1,2492,28,1,test,42,within_Cn_target_quantile_isomer_80_20_seed42,166caa81e019b7a30961b78f673b8907715dfec4ef398501b078176cdb758ea8
Fermi_E,main_and_supplementary,Q_+1,2493,30,1,test,42,within_Cn_target_quantile_isomer_80_20_seed42,166caa81e019b7a30961b78f673b8907715dfec4ef398501b078176cdb758ea8
Fermi_E,main_and_supplementary,Q_+1,2498,32,1,test,42,within_Cn_target_quantile_isomer_80_20_seed42,166caa81e019b7a30961b78f673b8907715dfec4ef398501b078176cdb758ea8
Fermi_E,main_and_supplementary,Q_+1,2499,32,1,test,42,within_Cn_target_quantile_isomer_80_20_seed42,166caa81e019b7a30961b78f673b8907715dfec4ef398501b078176cdb758ea8
Fermi_E,main_and_supplementary,Q_+1,2500,32,1,test,42,within_Cn_target_quantile_isomer_80_20_seed42,166caa81e019b7a30961b78f673b8907715dfec4ef398501b078176cdb758ea8
Fermi_E,main_and_supplementary,Q_+1,2502,34,1,test,42,within_Cn_target_quantile_isomer_80_20_seed42,166caa81e019b7a30961b78f673b8907715dfec4ef398501b078176cdb758ea8
Fermi_E,main_and_supplementary,Q_+1,2503,34,1,test,42,within_Cn_target_quantile_isomer_80_20_seed42,166caa81e019b7a30961b78f673b8907715dfec4ef398501b078176cdb758ea8
Fermi_E,main_and_supplementary,Q_+1,2505,34,1,test,42,within_Cn_target_quantile_isomer_80_20_seed42,166caa81e019b7a30961b78f673b8907715dfec4ef398501b078176cdb758ea8
Fermi_E,main_and_supplementary,Q_+1,2509,36,1,test,42,within_Cn_target_quantile_isomer_80_20_seed42,166caa81e019b7a30961b78f673b8907715dfec4ef398501b078176cdb758ea8
Fermi_E,main_and_supplementary,Q_+1,2510,36,1,test,42,within_Cn_target_quantile_isomer_80_20_seed42,166caa81e019b7a30961b78f673b8907715dfec4ef398501b078176cdb758ea8
Fermi_E,main_and_supplementary,Q_+1,2514,36,1,test,42,within_Cn_target_quantile_isomer_80_20_seed42,166caa81e019b7a30961b78f673b8907715dfec4ef398501b078176cdb758ea8
Fermi_E,main_and_supplementary,Q_+1,2521,36,1,test,42,within_Cn_target_quantile_isomer_80_20_seed42,166caa81e019b7a30961b78f673b8907715dfec4ef398501b078176cdb758ea8
Fermi_E,main_and_supplementary,Q_+1,2522,36,1,test,42,within_Cn_target_quantile_isomer_80_20_seed42,166caa81e019b7a30961b78f673b8907715dfec4ef398501b078176cdb758ea8
Fermi_E,main_and_supplementary,Q_+1,2524,38,1,test,42,within_Cn_target_quantile_isomer_80_20_seed42,166caa81e019b7a30961b78f673b8907715dfec4ef398501b078176cdb758ea8
Fermi_E,main_and_supplementary,Q_+1,2529,38,1,test,42,within_Cn_target_quantile_isomer_80_20_seed42,166caa81e019b7a30961b78f673b8907715dfec4ef398501b078176cdb758ea8
Fermi_E,main_and_supplementary,Q_+1,2531,38,1,test,42,within_Cn_target_quantile_isomer_80_20_seed42,166caa81e019b7a30961b78f673b8907715dfec4ef398501b078176cdb758ea8
Fermi_E,main_and_supplementary,Q_+1,2532,38,1,test,42,within_Cn_target_quantile_isomer_80_20_seed42,166caa81e019b7a30961b78f673b8907715dfec4ef398501b078176cdb758ea8
Fermi_E,main_and_supplementary,Q_+1,2535,38,1,test,42,within_Cn_target_quantile_isomer_80_20_seed42,166caa81e019b7a30961b78f673b8907715dfec4ef398501b078176cdb758ea8
Fermi_E,main_and_supplementary,Q_+1,2541,40,1,test,42,within_Cn_target_quantile_isomer_80_20_seed42,166caa81e019b7a30961b78f673b8907715dfec4ef398501b078176cdb758ea8
Fermi_E,main_and_supplementary,Q_+1,2552,40,1,test,42,within_Cn_target_quantile_isomer_80_20_seed42,166caa81e019b7a30961b78f673b8907715dfec4ef398501b078176cdb758ea8
Fermi_E,main_and_supplementary,Q_+1,2555,40,1,test,42,within_Cn_target_quantile_isomer_80_20_seed42,166caa81e019b7a30961b78f673b8907715dfec4ef398501b078176cdb758ea8
Fermi_E,main_and_supplementary,Q_+1,2556,40,1,test,42,within_Cn_target_quantile_isomer_80_20_seed42,166caa81e019b7a30961b78f673b8907715dfec4ef398501b078176cdb758ea8
Fermi_E,main_and_supplementary,Q_+1,2560,40,1,test,42,within_Cn_target_quantile_isomer_80_20_seed42,166caa81e019b7a30961b78f673b8907715dfec4ef398501b078176cdb758ea8
Fermi_E,main_and_supplementary,Q_+1,2566,40,1,test,42,within_Cn_target_quantile_isomer_80_20_seed42,166caa81e019b7a30961b78f673b8907715dfec4ef398501b078176cdb758ea8
Fermi_E,main_and_supplementary,Q_+1,2569,40,1,test,42,within_Cn_target_quantile_isomer_80_20_seed42,166caa81e019b7a30961b78f673b8907715dfec4ef398501b078176cdb758ea8
Fermi_E,main_and_supplementary,Q_+1,2574,40,1,test,42,within_Cn_target_quantile_isomer_80_20_seed42,166caa81e019b7a30961b78f673b8907715dfec4ef398501b078176cdb758ea8
Fermi_E,main_and_supplementary,Q_+1,2575,40,1,test,42,within_Cn_target_quantile_isomer_80_20_seed42,166caa81e019b7a30961b78f673b8907715dfec4ef398501b078176cdb758ea8
Fermi_E,main_and_supplementary,Q_+1,2577,40,1,test,42,within_Cn_target_quantile_isomer_80_20_seed42,166caa81e019b7a30961b78f673b8907715dfec4ef398501b078176cdb758ea8
Fermi_E,main_and_supplementary,Q_+1,2580,42,1,test,42,within_Cn_target_quantile_isomer_80_20_seed42,166caa81e019b7a30961b78f673b8907715dfec4ef398501b078176cdb758ea8
Fermi_E,main_and_supplementary,Q_+1,2581,42,1,test,42,within_Cn_target_quantile_isomer_80_20_seed42,166caa81e019b7a30961b78f673b8907715dfec4ef398501b078176cdb758ea8
Fermi_E,main_and_supplementary,Q_+1,2582,42,1,test,42,within_Cn_target_quantile_isomer_80_20_seed42,166caa81e019b7a30961b78f673b8907715dfec4ef398501b078176cdb758ea8
Fermi_E,main_and_supplementary,Q_+1,2584,42,1,test,42,within_Cn_target_quantile_isomer_80_20_seed42,166caa81e019b7a30961b78f673b8907715dfec4ef398501b078176cdb758ea8
Fermi_E,main_and_supplementary,Q_+1,2595,42,1,test,42,within_Cn_target_quantile_isomer_80_20_seed42,166caa81e019b7a30961b78f673b8907715dfec4ef398501b078176cdb758ea8
Fermi_E,main_and_supplementary,Q_+1,2597,42,1,test,42,within_Cn_target_quantile_isomer_80_20_seed42,166caa81e019b7a30961b78f673b8907715dfec4ef398501b078176cdb758ea8
Fermi_E,main_and_supplementary,Q_+1,2599,42,1,test,42,within_Cn_target_quantile_isomer_80_20_seed42,166caa81e019b7a30961b78f673b8907715dfec4ef398501b078176cdb758ea8
Fermi_E,main_and_supplementary,Q_+1,2602,42,1,test,42,within_Cn_target_quantile_isomer_80_20_seed42,166caa81e019b7a30961b78f673b8907715dfec4ef398501b078176cdb758ea8
Fermi_E,main_and_supplementary,Q_+1,2610,42,1,test,42,within_Cn_target_quantile_isomer_80_20_seed42,166caa81e019b7a30961b78f673b8907715dfec4ef398501b078176cdb758ea8
Fermi_E,main_and_supplementary,Q_+1,2613,42,1,test,42,within_Cn_target_quantile_isomer_80_20_seed42,166caa81e019b7a30961b78f673b8907715dfec4ef398501b078176cdb758ea8
Fermi_E,main_and_supplementary,Q_+1,2630,44,1,test,42,within_Cn_target_quantile_isomer_80_20_seed42,166caa81e019b7a30961b78f673b8907715dfec4ef398501b078176cdb758ea8
Fermi_E,main_and_supplementary,Q_+1,2638,44,1,test,42,within_Cn_target_quantile_isomer_80_20_seed42,166caa81e019b7a30961b78f673b8907715dfec4ef398501b078176cdb758ea8
Fermi_E,main_and_supplementary,Q_+1,2639,44,1,test,42,within_Cn_target_quantile_isomer_80_20_seed42,166caa81e019b7a30961b78f673b8907715dfec4ef398501b078176cdb758ea8
Fermi_E,main_and_supplementary,Q_+1,2643,44,1,test,42,within_Cn_target_quantile_isomer_80_20_seed42,166caa81e019b7a30961b78f673b8907715dfec4ef398501b078176cdb758ea8
Fermi_E,main_and_supplementary,Q_+1,2644,44,1,test,42,within_Cn_target_quantile_isomer_80_20_seed42,166caa81e019b7a30961b78f673b8907715dfec4ef398501b078176cdb758ea8
Fermi_E,main_and_supplementary,Q_+1,2646,44,1,test,42,within_Cn_target_quantile_isomer_80_20_seed42,166caa81e019b7a30961b78f673b8907715dfec4ef398501b078176cdb758ea8
Fermi_E,main_and_supplementary,Q_+1,2652,44,1,test,42,within_Cn_target_quantile_isomer_80_20_seed42,166caa81e019b7a30961b78f673b8907715dfec4ef398501b078176cdb758ea8
Fermi_E,main_and_supplementary,Q_+1,2655,44,1,test,42,within_Cn_target_quantile_isomer_80_20_seed42,166caa81e019b7a30961b78f673b8907715dfec4ef398501b078176cdb758ea8
Fermi_E,main_and_supplementary,Q_+1,2656,44,1,test,42,within_Cn_target_quantile_isomer_80_20_seed42,166caa81e019b7a30961b78f673b8907715dfec4ef398501b078176cdb758ea8
Fermi_E,main_and_supplementary,Q_+1,2657,44,1,test,42,within_Cn_target_quantile_isomer_80_20_seed42,166caa81e019b7a30961b78f673b8907715dfec4ef398501b078176cdb758ea8
Fermi_E,main_and_supplementary,Q_+1,2663,44,1,test,42,within_Cn_target_quantile_isomer_80_20_seed42,166caa81e019b7a30961b78f673b8907715dfec4ef398501b078176cdb758ea8
Fermi_E,main_and_supplementary,Q_+1,2665,44,1,test,42,within_Cn_target_quantile_isomer_80_20_seed42,166caa81e019b7a30961b78f673b8907715dfec4ef398501b078176cdb758ea8
Fermi_E,main_and_supplementary,Q_+1,2667,44,1,test,42,within_Cn_target_quantile_isomer_80_20_seed42,166caa81e019b7a30961b78f673b8907715dfec4ef398501b078176cdb758ea8
Fermi_E,main_and_supplementary,Q_+1,2673,44,1,test,42,within_Cn_target_quantile_isomer_80_20_seed42,166caa81e019b7a30961b78f673b8907715dfec4ef398501b078176cdb758ea8
Fermi_E,main_and_supplementary,Q_+1,2677,44,1,test,42,within_Cn_target_quantile_isomer_80_20_seed42,166caa81e019b7a30961b78f673b8907715dfec4ef398501b078176cdb758ea8
Fermi_E,main_and_supplementary,Q_+1,2685,44,1,test,42,within_Cn_target_quantile_isomer_80_20_seed42,166caa81e019b7a30961b78f673b8907715dfec4ef398501b078176cdb758ea8
Fermi_E,main_and_supplementary,Q_+1,2692,44,1,test,42,within_Cn_target_quantile_isomer_80_20_seed42,166caa81e019b7a30961b78f673b8907715dfec4ef398501b078176cdb758ea8
Fermi_E,main_and_supplementary,Q_+1,2694,44,1,test,42,within_Cn_target_quantile_isomer_80_20_seed42,166caa81e019b7a30961b78f673b8907715dfec4ef398501b078176cdb758ea8
Fermi_E,main_and_supplementary,Q_+1,2708,44,1,test,42,within_Cn_target_quantile_isomer_80_20_seed42,166caa81e019b7a30961b78f673b8907715dfec4ef398501b078176cdb758ea8
Fermi_E,main_and_supplementary,Q_+1,2714,46,1,test,42,within_Cn_target_quantile_isomer_80_20_seed42,166caa81e019b7a30961b78f673b8907715dfec4ef398501b078176cdb758ea8
Fermi_E,main_and_supplementary,Q_+1,2718,46,1,test,42,within_Cn_target_quantile_isomer_80_20_seed42,166caa81e019b7a30961b78f673b8907715dfec4ef398501b078176cdb758ea8
Fermi_E,main_and_supplementary,Q_+1,2726,46,1,test,42,within_Cn_target_quantile_isomer_80_20_seed42,166caa81e019b7a30961b78f673b8907715dfec4ef398501b078176cdb758ea8
Fermi_E,main_and_supplementary,Q_+1,2728,46,1,test,42,within_Cn_target_quantile_isomer_80_20_seed42,166caa81e019b7a30961b78f673b8907715dfec4ef398501b078176cdb758ea8
Fermi_E,main_and_supplementary,Q_+1,2733,46,1,test,42,within_Cn_target_quantile_isomer_80_20_seed42,166caa81e019b7a30961b78f673b8907715dfec4ef398501b078176cdb758ea8
Fermi_E,main_and_supplementary,Q_+1,2735,46,1,test,42,within_Cn_target_quantile_isomer_80_20_seed42,166caa81e019b7a30961b78f673b8907715dfec4ef398501b078176cdb758ea8
Fermi_E,main_and_supplementary,Q_+1,2737,46,1,test,42,within_Cn_target_quantile_isomer_80_20_seed42,166caa81e019b7a30961b78f673b8907715dfec4ef398501b078176cdb758ea8
Fermi_E,main_and_supplementary,Q_+1,2740,46,1,test,42,within_Cn_target_quantile_isomer_80_20_seed42,166caa81e019b7a30961b78f673b8907715dfec4ef398501b078176cdb758ea8
Fermi_E,main_and_supplementary,Q_+1,2746,46,1,test,42,within_Cn_target_quantile_isomer_80_20_seed42,166caa81e019b7a30961b78f673b8907715dfec4ef398501b078176cdb758ea8
Fermi_E,main_and_supplementary,Q_+1,2747,46,1,test,42,within_Cn_target_quantile_isomer_80_20_seed42,166caa81e019b7a30961b78f673b8907715dfec4ef398501b078176cdb758ea8
Fermi_E,main_and_supplementary,Q_+1,2753,46,1,test,42,within_Cn_target_quantile_isomer_80_20_seed42,166caa81e019b7a30961b78f673b8907715dfec4ef398501b078176cdb758ea8
Fermi_E,main_and_supplementary,Q_+1,2754,46,1,test,42,within_Cn_target_quantile_isomer_80_20_seed42,166caa81e019b7a30961b78f673b8907715dfec4ef398501b078176cdb758ea8
Fermi_E,main_and_supplementary,Q_+1,2759,46,1,test,42,within_Cn_target_quantile_isomer_80_20_seed42,166caa81e019b7a30961b78f673b8907715dfec4ef398501b078176cdb758ea8
Fermi_E,main_and_supplementary,Q_+1,2761,46,1,test,42,within_Cn_target_quantile_isomer_80_20_seed42,166caa81e019b7a30961b78f673b8907715dfec4ef398501b078176cdb758ea8
Fermi_E,main_and_supplementary,Q_+1,2781,46,1,test,42,within_Cn_target_quantile_isomer_80_20_seed42,166caa81e019b7a30961b78f673b8907715dfec4ef398501b078176cdb758ea8
Fermi_E,main_and_supplementary,Q_+1,2802,46,1,test,42,within_Cn_target_quantile_isomer_80_20_seed42,166caa81e019b7a30961b78f673b8907715dfec4ef398501b078176cdb758ea8
Fermi_E,main_and_supplementary,Q_+1,2804,46,1,test,42,within_Cn_target_quantile_isomer_80_20_seed42,166caa81e019b7a30961b78f673b8907715dfec4ef398501b078176cdb758ea8
Fermi_E,main_and_supplementary,Q_+1,2805,46,1,test,42,within_Cn_target_quantile_isomer_80_20_seed42,166caa81e019b7a30961b78f673b8907715dfec4ef398501b078176cdb758ea8
Fermi_E,main_and_supplementary,Q_+1,2809,46,1,test,42,within_Cn_target_quantile_isomer_80_20_seed42,166caa81e019b7a30961b78f673b8907715dfec4ef398501b078176cdb758ea8
Fermi_E,main_and_supplementary,Q_+1,2810,46,1,test,42,within_Cn_target_quantile_isomer_80_20_seed42,166caa81e019b7a30961b78f673b8907715dfec4ef398501b078176cdb758ea8
Fermi_E,main_and_supplementary,Q_+1,2813,46,1,test,42,within_Cn_target_quantile_isomer_80_20_seed42,166caa81e019b7a30961b78f673b8907715dfec4ef398501b078176cdb758ea8
Fermi_E,main_and_supplementary,Q_+1,2817,46,1,test,42,within_Cn_target_quantile_isomer_80_20_seed42,166caa81e019b7a30961b78f673b8907715dfec4ef398501b078176cdb758ea8
Fermi_E,main_and_supplementary,Q_+1,2818,46,1,test,42,within_Cn_target_quantile_isomer_80_20_seed42,166caa81e019b7a30961b78f673b8907715dfec4ef398501b078176cdb758ea8
Fermi_E,main_and_supplementary,Q_+1,2824,46,1,test,42,within_Cn_target_quantile_isomer_80_20_seed42,166caa81e019b7a30961b78f673b8907715dfec4ef398501b078176cdb758ea8
Fermi_E,main_and_supplementary,Q_+1,2828,46,1,test,42,within_Cn_target_quantile_isomer_80_20_seed42,166caa81e019b7a30961b78f673b8907715dfec4ef398501b078176cdb758ea8
Fermi_E,main_and_supplementary,Q_+1,2837,48,1,test,42,within_Cn_target_quantile_isomer_80_20_seed42,166caa81e019b7a30961b78f673b8907715dfec4ef398501b078176cdb758ea8
Fermi_E,main_and_supplementary,Q_+1,2840,48,1,test,42,within_Cn_target_quantile_isomer_80_20_seed42,166caa81e019b7a30961b78f673b8907715dfec4ef398501b078176cdb758ea8
Fermi_E,main_and_supplementary,Q_+1,2841,48,1,test,42,within_Cn_target_quantile_isomer_80_20_seed42,166caa81e019b7a30961b78f673b8907715dfec4ef398501b078176cdb758ea8
Fermi_E,main_and_supplementary,Q_+1,2843,48,1,test,42,within_Cn_target_quantile_isomer_80_20_seed42,166caa81e019b7a30961b78f673b8907715dfec4ef398501b078176cdb758ea8
Fermi_E,main_and_supplementary,Q_+1,2844,48,1,test,42,within_Cn_target_quantile_isomer_80_20_seed42,166caa81e019b7a30961b78f673b8907715dfec4ef398501b078176cdb758ea8
Fermi_E,main_and_supplementary,Q_+1,2853,48,1,test,42,within_Cn_target_quantile_isomer_80_20_seed42,166caa81e019b7a30961b78f673b8907715dfec4ef398501b078176cdb758ea8
Fermi_E,main_and_supplementary,Q_+1,2861,48,1,test,42,within_Cn_target_quantile_isomer_80_20_seed42,166caa81e019b7a30961b78f673b8907715dfec4ef398501b078176cdb758ea8
Fermi_E,main_and_supplementary,Q_+1,2870,48,1,test,42,within_Cn_target_quantile_isomer_80_20_seed42,166caa81e019b7a30961b78f673b8907715dfec4ef398501b078176cdb758ea8
Fermi_E,main_and_supplementary,Q_+1,2873,48,1,test,42,within_Cn_target_quantile_isomer_80_20_seed42,166caa81e019b7a30961b78f673b8907715dfec4ef398501b078176cdb758ea8
Fermi_E,main_and_supplementary,Q_+1,2891,48,1,test,42,within_Cn_target_quantile_isomer_80_20_seed42,166caa81e019b7a30961b78f673b8907715dfec4ef398501b078176cdb758ea8
Fermi_E,main_and_supplementary,Q_+1,2912,48,1,test,42,within_Cn_target_quantile_isomer_80_20_seed42,166caa81e019b7a30961b78f673b8907715dfec4ef398501b078176cdb758ea8
Fermi_E,main_and_supplementary,Q_+1,2913,48,1,test,42,within_Cn_target_quantile_isomer_80_20_seed42,166caa81e019b7a30961b78f673b8907715dfec4ef398501b078176cdb758ea8
Fermi_E,main_and_supplementary,Q_+1,2916,48,1,test,42,within_Cn_target_quantile_isomer_80_20_seed42,166caa81e019b7a30961b78f673b8907715dfec4ef398501b078176cdb758ea8
Fermi_E,main_and_supplementary,Q_+1,2920,48,1,test,42,within_Cn_target_quantile_isomer_80_20_seed42,166caa81e019b7a30961b78f673b8907715dfec4ef398501b078176cdb758ea8
Fermi_E,main_and_supplementary,Q_+1,2921,48,1,test,42,within_Cn_target_quantile_isomer_80_20_seed42,166caa81e019b7a30961b78f673b8907715dfec4ef398501b078176cdb758ea8
Fermi_E,main_and_supplementary,Q_+1,2922,48,1,test,42,within_Cn_target_quantile_isomer_80_20_seed42,166caa81e019b7a30961b78f673b8907715dfec4ef398501b078176cdb758ea8
Fermi_E,main_and_supplementary,Q_+1,2924,48,1,test,42,within_Cn_target_quantile_isomer_80_20_seed42,166caa81e019b7a30961b78f673b8907715dfec4ef398501b078176cdb758ea8
Fermi_E,main_and_supplementary,Q_+1,2927,48,1,test,42,within_Cn_target_quantile_isomer_80_20_seed42,166caa81e019b7a30961b78f673b8907715dfec4ef398501b078176cdb758ea8
Fermi_E,main_and_supplementary,Q_+1,2929,48,1,test,42,within_Cn_target_quantile_isomer_80_20_seed42,166caa81e019b7a30961b78f673b8907715dfec4ef398501b078176cdb758ea8
Fermi_E,main_and_supplementary,Q_+1,2936,48,1,test,42,within_Cn_target_quantile_isomer_80_20_seed42,166caa81e019b7a30961b78f673b8907715dfec4ef398501b078176cdb758ea8
Fermi_E,main_and_supplementary,Q_+1,2937,48,1,test,42,within_Cn_target_quantile_isomer_80_20_seed42,166caa81e019b7a30961b78f673b8907715dfec4ef398501b078176cdb758ea8
Fermi_E,main_and_supplementary,Q_+1,2938,48,1,test,42,within_Cn_target_quantile_isomer_80_20_seed42,166caa81e019b7a30961b78f673b8907715dfec4ef398501b078176cdb758ea8
Fermi_E,main_and_supplementary,Q_+1,2939,48,1,test,42,within_Cn_target_quantile_isomer_80_20_seed42,166caa81e019b7a30961b78f673b8907715dfec4ef398501b078176cdb758ea8
Fermi_E,main_and_supplementary,Q_+1,2940,48,1,test,42,within_Cn_target_quantile_isomer_80_20_seed42,166caa81e019b7a30961b78f673b8907715dfec4ef398501b078176cdb758ea8
Fermi_E,main_and_supplementary,Q_+1,2949,48,1,test,42,within_Cn_target_quantile_isomer_80_20_seed42,166caa81e019b7a30961b78f673b8907715dfec4ef398501b078176cdb758ea8
Fermi_E,main_and_supplementary,Q_+1,2953,48,1,test,42,within_Cn_target_quantile_isomer_80_20_seed42,166caa81e019b7a30961b78f673b8907715dfec4ef398501b078176cdb758ea8
Fermi_E,main_and_supplementary,Q_+1,2955,48,1,test,42,within_Cn_target_quantile_isomer_80_20_seed42,166caa81e019b7a30961b78f673b8907715dfec4ef398501b078176cdb758ea8
Fermi_E,main_and_supplementary,Q_+1,2959,48,1,test,42,within_Cn_target_quantile_isomer_80_20_seed42,166caa81e019b7a30961b78f673b8907715dfec4ef398501b078176cdb758ea8
Fermi_E,main_and_supplementary,Q_+1,2968,48,1,test,42,within_Cn_target_quantile_isomer_80_20_seed42,166caa81e019b7a30961b78f673b8907715dfec4ef398501b078176cdb758ea8
Fermi_E,main_and_supplementary,Q_+1,2974,48,1,test,42,within_Cn_target_quantile_isomer_80_20_seed42,166caa81e019b7a30961b78f673b8907715dfec4ef398501b078176cdb758ea8
Fermi_E,main_and_supplementary,Q_+1,2986,48,1,test,42,within_Cn_target_quantile_isomer_80_20_seed42,166caa81e019b7a30961b78f673b8907715dfec4ef398501b078176cdb758ea8
Fermi_E,main_and_supplementary,Q_+1,2987,48,1,test,42,within_Cn_target_quantile_isomer_80_20_seed42,166caa81e019b7a30961b78f673b8907715dfec4ef398501b078176cdb758ea8
Fermi_E,main_and_supplementary,Q_+1,2991,48,1,test,42,within_Cn_target_quantile_isomer_80_20_seed42,166caa81e019b7a30961b78f673b8907715dfec4ef398501b078176cdb758ea8
Fermi_E,main_and_supplementary,Q_+1,2992,48,1,test,42,within_Cn_target_quantile_isomer_80_20_seed42,166caa81e019b7a30961b78f673b8907715dfec4ef398501b078176cdb758ea8
Fermi_E,main_and_supplementary,Q_+1,2998,48,1,test,42,within_Cn_target_quantile_isomer_80_20_seed42,166caa81e019b7a30961b78f673b8907715dfec4ef398501b078176cdb758ea8
Fermi_E,main_and_supplementary,Q_+1,3008,48,1,test,42,within_Cn_target_quantile_isomer_80_20_seed42,166caa81e019b7a30961b78f673b8907715dfec4ef398501b078176cdb758ea8
Fermi_E,main_and_supplementary,Q_+1,3010,48,1,test,42,within_Cn_target_quantile_isomer_80_20_seed42,166caa81e019b7a30961b78f673b8907715dfec4ef398501b078176cdb758ea8
Fermi_E,main_and_supplementary,Q_+1,3016,48,1,test,42,within_Cn_target_quantile_isomer_80_20_seed42,166caa81e019b7a30961b78f673b8907715dfec4ef398501b078176cdb758ea8
Fermi_E,main_and_supplementary,Q_+1,3017,48,1,test,42,within_Cn_target_quantile_isomer_80_20_seed42,166caa81e019b7a30961b78f673b8907715dfec4ef398501b078176cdb758ea8
Fermi_E,main_and_supplementary,Q_+1,3020,48,1,test,42,within_Cn_target_quantile_isomer_80_20_seed42,166caa81e019b7a30961b78f673b8907715dfec4ef398501b078176cdb758ea8
Fermi_E,main_and_supplementary,Q_+1,3040,50,1,test,42,within_Cn_target_quantile_isomer_80_20_seed42,166caa81e019b7a30961b78f673b8907715dfec4ef398501b078176cdb758ea8
Fermi_E,main_and_supplementary,Q_+1,3042,50,1,test,42,within_Cn_target_quantile_isomer_80_20_seed42,166caa81e019b7a30961b78f673b8907715dfec4ef398501b078176cdb758ea8
Fermi_E,main_and_supplementary,Q_+1,3046,50,1,test,42,within_Cn_target_quantile_isomer_80_20_seed42,166caa81e019b7a30961b78f673b8907715dfec4ef398501b078176cdb758ea8
Fermi_E,main_and_supplementary,Q_+1,3049,50,1,test,42,within_Cn_target_quantile_isomer_80_20_seed42,166caa81e019b7a30961b78f673b8907715dfec4ef398501b078176cdb758ea8
Fermi_E,main_and_supplementary,Q_+1,3055,50,1,test,42,within_Cn_target_quantile_isomer_80_20_seed42,166caa81e019b7a30961b78f673b8907715dfec4ef398501b078176cdb758ea8
Fermi_E,main_and_supplementary,Q_+1,3062,50,1,test,42,within_Cn_target_quantile_isomer_80_20_seed42,166caa81e019b7a30961b78f673b8907715dfec4ef398501b078176cdb758ea8
Fermi_E,main_and_supplementary,Q_+1,3066,50,1,test,42,within_Cn_target_quantile_isomer_80_20_seed42,166caa81e019b7a30961b78f673b8907715dfec4ef398501b078176cdb758ea8
Fermi_E,main_and_supplementary,Q_+1,3067,50,1,test,42,within_Cn_target_quantile_isomer_80_20_seed42,166caa81e019b7a30961b78f673b8907715dfec4ef398501b078176cdb758ea8
Fermi_E,main_and_supplementary,Q_+1,3068,50,1,test,42,within_Cn_target_quantile_isomer_80_20_seed42,166caa81e019b7a30961b78f673b8907715dfec4ef398501b078176cdb758ea8
Fermi_E,main_and_supplementary,Q_+1,3078,50,1,test,42,within_Cn_target_quantile_isomer_80_20_seed42,166caa81e019b7a30961b78f673b8907715dfec4ef398501b078176cdb758ea8
Fermi_E,main_and_supplementary,Q_+1,3080,50,1,test,42,within_Cn_target_quantile_isomer_80_20_seed42,166caa81e019b7a30961b78f673b8907715dfec4ef398501b078176cdb758ea8
Fermi_E,main_and_supplementary,Q_+1,3089,50,1,test,42,within_Cn_target_quantile_isomer_80_20_seed42,166caa81e019b7a30961b78f673b8907715dfec4ef398501b078176cdb758ea8
Fermi_E,main_and_supplementary,Q_+1,3091,50,1,test,42,within_Cn_target_quantile_isomer_80_20_seed42,166caa81e019b7a30961b78f673b8907715dfec4ef398501b078176cdb758ea8
Fermi_E,main_and_supplementary,Q_+1,3092,50,1,test,42,within_Cn_target_quantile_isomer_80_20_seed42,166caa81e019b7a30961b78f673b8907715dfec4ef398501b078176cdb758ea8
Fermi_E,main_and_supplementary,Q_+1,3098,50,1,test,42,within_Cn_target_quantile_isomer_80_20_seed42,166caa81e019b7a30961b78f673b8907715dfec4ef398501b078176cdb758ea8
Fermi_E,main_and_supplementary,Q_+1,3103,50,1,test,42,within_Cn_target_quantile_isomer_80_20_seed42,166caa81e019b7a30961b78f673b8907715dfec4ef398501b078176cdb758ea8
Fermi_E,main_and_supplementary,Q_+1,3104,50,1,test,42,within_Cn_target_quantile_isomer_80_20_seed42,166caa81e019b7a30961b78f673b8907715dfec4ef398501b078176cdb758ea8
Fermi_E,main_and_supplementary,Q_+1,3107,50,1,test,42,within_Cn_target_quantile_isomer_80_20_seed42,166caa81e019b7a30961b78f673b8907715dfec4ef398501b078176cdb758ea8
Fermi_E,main_and_supplementary,Q_+1,3123,50,1,test,42,within_Cn_target_quantile_isomer_80_20_seed42,166caa81e019b7a30961b78f673b8907715dfec4ef398501b078176cdb758ea8
Fermi_E,main_and_supplementary,Q_+1,3126,50,1,test,42,within_Cn_target_quantile_isomer_80_20_seed42,166caa81e019b7a30961b78f673b8907715dfec4ef398501b078176cdb758ea8
Fermi_E,main_and_supplementary,Q_+1,3134,50,1,test,42,within_Cn_target_quantile_isomer_80_20_seed42,166caa81e019b7a30961b78f673b8907715dfec4ef398501b078176cdb758ea8
Fermi_E,main_and_supplementary,Q_+1,3136,50,1,test,42,within_Cn_target_quantile_isomer_80_20_seed42,166caa81e019b7a30961b78f673b8907715dfec4ef398501b078176cdb758ea8
Fermi_E,main_and_supplementary,Q_+1,3139,50,1,test,42,within_Cn_target_quantile_isomer_80_20_seed42,166caa81e019b7a30961b78f673b8907715dfec4ef398501b078176cdb758ea8
Fermi_E,main_and_supplementary,Q_+1,3141,50,1,test,42,within_Cn_target_quantile_isomer_80_20_seed42,166caa81e019b7a30961b78f673b8907715dfec4ef398501b078176cdb758ea8
Fermi_E,main_and_supplementary,Q_+1,3144,50,1,test,42,within_Cn_target_quantile_isomer_80_20_seed42,166caa81e019b7a30961b78f673b8907715dfec4ef398501b078176cdb758ea8
Fermi_E,main_and_supplementary,Q_+1,3145,50,1,test,42,within_Cn_target_quantile_isomer_80_20_seed42,166caa81e019b7a30961b78f673b8907715dfec4ef398501b078176cdb758ea8
Fermi_E,main_and_supplementary,Q_+1,3147,50,1,test,42,within_Cn_target_quantile_isomer_80_20_seed42,166caa81e019b7a30961b78f673b8907715dfec4ef398501b078176cdb758ea8
Fermi_E,main_and_supplementary,Q_+1,3148,50,1,test,42,within_Cn_target_quantile_isomer_80_20_seed42,166caa81e019b7a30961b78f673b8907715dfec4ef398501b078176cdb758ea8
Fermi_E,main_and_supplementary,Q_+1,3153,50,1,test,42,within_Cn_target_quantile_isomer_80_20_seed42,166caa81e019b7a30961b78f673b8907715dfec4ef398501b078176cdb758ea8
Fermi_E,main_and_supplementary,Q_+1,3162,50,1,test,42,within_Cn_target_quantile_isomer_80_20_seed42,166caa81e019b7a30961b78f673b8907715dfec4ef398501b078176cdb758ea8
Fermi_E,main_and_supplementary,Q_+1,3178,50,1,test,42,within_Cn_target_quantile_isomer_80_20_seed42,166caa81e019b7a30961b78f673b8907715dfec4ef398501b078176cdb758ea8
Fermi_E,main_and_supplementary,Q_+1,3181,50,1,test,42,within_Cn_target_quantile_isomer_80_20_seed42,166caa81e019b7a30961b78f673b8907715dfec4ef398501b078176cdb758ea8
Fermi_E,main_and_supplementary,Q_+1,3184,50,1,test,42,within_Cn_target_quantile_isomer_80_20_seed42,166caa81e019b7a30961b78f673b8907715dfec4ef398501b078176cdb758ea8
Fermi_E,main_and_supplementary,Q_+1,3191,50,1,test,42,within_Cn_target_quantile_isomer_80_20_seed42,166caa81e019b7a30961b78f673b8907715dfec4ef398501b078176cdb758ea8
Fermi_E,main_and_supplementary,Q_+1,3196,50,1,test,42,within_Cn_target_quantile_isomer_80_20_seed42,166caa81e019b7a30961b78f673b8907715dfec4ef398501b078176cdb758ea8
Fermi_E,main_and_supplementary,Q_+1,3197,50,1,test,42,within_Cn_target_quantile_isomer_80_20_seed42,166caa81e019b7a30961b78f673b8907715dfec4ef398501b078176cdb758ea8
Fermi_E,main_and_supplementary,Q_+1,3203,50,1,test,42,within_Cn_target_quantile_isomer_80_20_seed42,166caa81e019b7a30961b78f673b8907715dfec4ef398501b078176cdb758ea8
Fermi_E,main_and_supplementary,Q_+1,3226,50,1,test,42,within_Cn_target_quantile_isomer_80_20_seed42,166caa81e019b7a30961b78f673b8907715dfec4ef398501b078176cdb758ea8
Fermi_E,main_and_supplementary,Q_+1,3231,50,1,test,42,within_Cn_target_quantile_isomer_80_20_seed42,166caa81e019b7a30961b78f673b8907715dfec4ef398501b078176cdb758ea8
Fermi_E,main_and_supplementary,Q_+1,3233,50,1,test,42,within_Cn_target_quantile_isomer_80_20_seed42,166caa81e019b7a30961b78f673b8907715dfec4ef398501b078176cdb758ea8
Fermi_E,main_and_supplementary,Q_+1,3237,50,1,test,42,within_Cn_target_quantile_isomer_80_20_seed42,166caa81e019b7a30961b78f673b8907715dfec4ef398501b078176cdb758ea8
Fermi_E,main_and_supplementary,Q_+1,3244,50,1,test,42,within_Cn_target_quantile_isomer_80_20_seed42,166caa81e019b7a30961b78f673b8907715dfec4ef398501b078176cdb758ea8
Fermi_E,main_and_supplementary,Q_+1,3250,50,1,test,42,within_Cn_target_quantile_isomer_80_20_seed42,166caa81e019b7a30961b78f673b8907715dfec4ef398501b078176cdb758ea8
Fermi_E,main_and_supplementary,Q_+1,3254,50,1,test,42,within_Cn_target_quantile_isomer_80_20_seed42,166caa81e019b7a30961b78f673b8907715dfec4ef398501b078176cdb758ea8
Fermi_E,main_and_supplementary,Q_+1,3259,50,1,test,42,within_Cn_target_quantile_isomer_80_20_seed42,166caa81e019b7a30961b78f673b8907715dfec4ef398501b078176cdb758ea8
Fermi_E,main_and_supplementary,Q_+1,3261,50,1,test,42,within_Cn_target_quantile_isomer_80_20_seed42,166caa81e019b7a30961b78f673b8907715dfec4ef398501b078176cdb758ea8
Fermi_E,main_and_supplementary,Q_+1,3275,50,1,test,42,within_Cn_target_quantile_isomer_80_20_seed42,166caa81e019b7a30961b78f673b8907715dfec4ef398501b078176cdb758ea8
Fermi_E,main_and_supplementary,Q_+1,3284,50,1,test,42,within_Cn_target_quantile_isomer_80_20_seed42,166caa81e019b7a30961b78f673b8907715dfec4ef398501b078176cdb758ea8
Fermi_E,main_and_supplementary,Q_+1,3285,50,1,test,42,within_Cn_target_quantile_isomer_80_20_seed42,166caa81e019b7a30961b78f673b8907715dfec4ef398501b078176cdb758ea8
Fermi_E,main_and_supplementary,Q_+1,3288,50,1,test,42,within_Cn_target_quantile_isomer_80_20_seed42,166caa81e019b7a30961b78f673b8907715dfec4ef398501b078176cdb758ea8
Fermi_E,main_and_supplementary,Q_+1,3289,50,1,test,42,within_Cn_target_quantile_isomer_80_20_seed42,166caa81e019b7a30961b78f673b8907715dfec4ef398501b078176cdb758ea8
Fermi_E,main_and_supplementary,Q_+1,3292,50,1,test,42,within_Cn_target_quantile_isomer_80_20_seed42,166caa81e019b7a30961b78f673b8907715dfec4ef398501b078176cdb758ea8
Fermi_E,main_and_supplementary,Q_+1,3294,50,1,test,42,within_Cn_target_quantile_isomer_80_20_seed42,166caa81e019b7a30961b78f673b8907715dfec4ef398501b078176cdb758ea8
Fermi_E,main_and_supplementary,Q_+1,3298,50,1,test,42,within_Cn_target_quantile_isomer_80_20_seed42,166caa81e019b7a30961b78f673b8907715dfec4ef398501b078176cdb758ea8
Fermi_E,main_and_supplementary,Q_+1,3312,52,1,test,42,within_Cn_target_quantile_isomer_80_20_seed42,166caa81e019b7a30961b78f673b8907715dfec4ef398501b078176cdb758ea8
Fermi_E,main_and_supplementary,Q_+1,3318,52,1,test,42,within_Cn_target_quantile_isomer_80_20_seed42,166caa81e019b7a30961b78f673b8907715dfec4ef398501b078176cdb758ea8
Fermi_E,main_and_supplementary,Q_+1,3319,52,1,test,42,within_Cn_target_quantile_isomer_80_20_seed42,166caa81e019b7a30961b78f673b8907715dfec4ef398501b078176cdb758ea8
Fermi_E,main_and_supplementary,Q_+1,3321,52,1,test,42,within_Cn_target_quantile_isomer_80_20_seed42,166caa81e019b7a30961b78f673b8907715dfec4ef398501b078176cdb758ea8
Fermi_E,main_and_supplementary,Q_+1,3324,52,1,test,42,within_Cn_target_quantile_isomer_80_20_seed42,166caa81e019b7a30961b78f673b8907715dfec4ef398501b078176cdb758ea8
Fermi_E,main_and_supplementary,Q_+1,3328,52,1,test,42,within_Cn_target_quantile_isomer_80_20_seed42,166caa81e019b7a30961b78f673b8907715dfec4ef398501b078176cdb758ea8
Fermi_E,main_and_supplementary,Q_+1,3338,52,1,test,42,within_Cn_target_quantile_isomer_80_20_seed42,166caa81e019b7a30961b78f673b8907715dfec4ef398501b078176cdb758ea8
Fermi_E,main_and_supplementary,Q_+1,3340,52,1,test,42,within_Cn_target_quantile_isomer_80_20_seed42,166caa81e019b7a30961b78f673b8907715dfec4ef398501b078176cdb758ea8
Fermi_E,main_and_supplementary,Q_+1,3343,52,1,test,42,within_Cn_target_quantile_isomer_80_20_seed42,166caa81e019b7a30961b78f673b8907715dfec4ef398501b078176cdb758ea8
Fermi_E,main_and_supplementary,Q_+1,3346,52,1,test,42,within_Cn_target_quantile_isomer_80_20_seed42,166caa81e019b7a30961b78f673b8907715dfec4ef398501b078176cdb758ea8
Fermi_E,main_and_supplementary,Q_+1,3380,52,1,test,42,within_Cn_target_quantile_isomer_80_20_seed42,166caa81e019b7a30961b78f673b8907715dfec4ef398501b078176cdb758ea8
Fermi_E,main_and_supplementary,Q_+1,3382,52,1,test,42,within_Cn_target_quantile_isomer_80_20_seed42,166caa81e019b7a30961b78f673b8907715dfec4ef398501b078176cdb758ea8
Fermi_E,main_and_supplementary,Q_+1,3409,52,1,test,42,within_Cn_target_quantile_isomer_80_20_seed42,166caa81e019b7a30961b78f673b8907715dfec4ef398501b078176cdb758ea8
Fermi_E,main_and_supplementary,Q_+1,3410,52,1,test,42,within_Cn_target_quantile_isomer_80_20_seed42,166caa81e019b7a30961b78f673b8907715dfec4ef398501b078176cdb758ea8
Fermi_E,main_and_supplementary,Q_+1,3412,52,1,test,42,within_Cn_target_quantile_isomer_80_20_seed42,166caa81e019b7a30961b78f673b8907715dfec4ef398501b078176cdb758ea8
Fermi_E,main_and_supplementary,Q_+1,3414,52,1,test,42,within_Cn_target_quantile_isomer_80_20_seed42,166caa81e019b7a30961b78f673b8907715dfec4ef398501b078176cdb758ea8
Fermi_E,main_and_supplementary,Q_+1,3418,52,1,test,42,within_Cn_target_quantile_isomer_80_20_seed42,166caa81e019b7a30961b78f673b8907715dfec4ef398501b078176cdb758ea8
Fermi_E,main_and_supplementary,Q_+1,3420,52,1,test,42,within_Cn_target_quantile_isomer_80_20_seed42,166caa81e019b7a30961b78f673b8907715dfec4ef398501b078176cdb758ea8
Fermi_E,main_and_supplementary,Q_+1,3432,52,1,test,42,within_Cn_target_quantile_isomer_80_20_seed42,166caa81e019b7a30961b78f673b8907715dfec4ef398501b078176cdb758ea8
Fermi_E,main_and_supplementary,Q_+1,3448,52,1,test,42,within_Cn_target_quantile_isomer_80_20_seed42,166caa81e019b7a30961b78f673b8907715dfec4ef398501b078176cdb758ea8
Fermi_E,main_and_supplementary,Q_+1,3451,52,1,test,42,within_Cn_target_quantile_isomer_80_20_seed42,166caa81e019b7a30961b78f673b8907715dfec4ef398501b078176cdb758ea8
Fermi_E,main_and_supplementary,Q_+1,3452,52,1,test,42,within_Cn_target_quantile_isomer_80_20_seed42,166caa81e019b7a30961b78f673b8907715dfec4ef398501b078176cdb758ea8
Fermi_E,main_and_supplementary,Q_+1,3456,52,1,test,42,within_Cn_target_quantile_isomer_80_20_seed42,166caa81e019b7a30961b78f673b8907715dfec4ef398501b078176cdb758ea8
Fermi_E,main_and_supplementary,Q_+1,3458,52,1,test,42,within_Cn_target_quantile_isomer_80_20_seed42,166caa81e019b7a30961b78f673b8907715dfec4ef398501b078176cdb758ea8
Fermi_E,main_and_supplementary,Q_+1,3467,52,1,test,42,within_Cn_target_quantile_isomer_80_20_seed42,166caa81e019b7a30961b78f673b8907715dfec4ef398501b078176cdb758ea8
Fermi_E,main_and_supplementary,Q_+1,3468,52,1,test,42,within_Cn_target_quantile_isomer_80_20_seed42,166caa81e019b7a30961b78f673b8907715dfec4ef398501b078176cdb758ea8
Fermi_E,main_and_supplementary,Q_+1,3474,52,1,test,42,within_Cn_target_quantile_isomer_80_20_seed42,166caa81e019b7a30961b78f673b8907715dfec4ef398501b078176cdb758ea8
Fermi_E,main_and_supplementary,Q_+1,3484,52,1,test,42,within_Cn_target_quantile_isomer_80_20_seed42,166caa81e019b7a30961b78f673b8907715dfec4ef398501b078176cdb758ea8
Fermi_E,main_and_supplementary,Q_+1,3492,52,1,test,42,within_Cn_target_quantile_isomer_80_20_seed42,166caa81e019b7a30961b78f673b8907715dfec4ef398501b078176cdb758ea8
Fermi_E,main_and_supplementary,Q_+1,3496,52,1,test,42,within_Cn_target_quantile_isomer_80_20_seed42,166caa81e019b7a30961b78f673b8907715dfec4ef398501b078176cdb758ea8
Fermi_E,main_and_supplementary,Q_+1,3502,52,1,test,42,within_Cn_target_quantile_isomer_80_20_seed42,166caa81e019b7a30961b78f673b8907715dfec4ef398501b078176cdb758ea8
Fermi_E,main_and_supplementary,Q_+1,3504,52,1,test,42,within_Cn_target_quantile_isomer_80_20_seed42,166caa81e019b7a30961b78f673b8907715dfec4ef398501b078176cdb758ea8
Fermi_E,main_and_supplementary,Q_+1,3513,52,1,test,42,within_Cn_target_quantile_isomer_80_20_seed42,166caa81e019b7a30961b78f673b8907715dfec4ef398501b078176cdb758ea8
Fermi_E,main_and_supplementary,Q_+1,3514,52,1,test,42,within_Cn_target_quantile_isomer_80_20_seed42,166caa81e019b7a30961b78f673b8907715dfec4ef398501b078176cdb758ea8
Fermi_E,main_and_supplementary,Q_+1,3533,52,1,test,42,within_Cn_target_quantile_isomer_80_20_seed42,166caa81e019b7a30961b78f673b8907715dfec4ef398501b078176cdb758ea8
Fermi_E,main_and_supplementary,Q_+1,3539,52,1,test,42,within_Cn_target_quantile_isomer_80_20_seed42,166caa81e019b7a30961b78f673b8907715dfec4ef398501b078176cdb758ea8
Fermi_E,main_and_supplementary,Q_+1,3543,52,1,test,42,within_Cn_target_quantile_isomer_80_20_seed42,166caa81e019b7a30961b78f673b8907715dfec4ef398501b078176cdb758ea8
Fermi_E,main_and_supplementary,Q_+1,3548,52,1,test,42,within_Cn_target_quantile_isomer_80_20_seed42,166caa81e019b7a30961b78f673b8907715dfec4ef398501b078176cdb758ea8
Fermi_E,main_and_supplementary,Q_+1,3554,52,1,test,42,within_Cn_target_quantile_isomer_80_20_seed42,166caa81e019b7a30961b78f673b8907715dfec4ef398501b078176cdb758ea8
Fermi_E,main_and_supplementary,Q_+1,3561,52,1,test,42,within_Cn_target_quantile_isomer_80_20_seed42,166caa81e019b7a30961b78f673b8907715dfec4ef398501b078176cdb758ea8
Fermi_E,main_and_supplementary,Q_+1,3563,52,1,test,42,within_Cn_target_quantile_isomer_80_20_seed42,166caa81e019b7a30961b78f673b8907715dfec4ef398501b078176cdb758ea8
Fermi_E,main_and_supplementary,Q_+1,3565,52,1,test,42,within_Cn_target_quantile_isomer_80_20_seed42,166caa81e019b7a30961b78f673b8907715dfec4ef398501b078176cdb758ea8
Fermi_E,main_and_supplementary,Q_+1,3568,52,1,test,42,within_Cn_target_quantile_isomer_80_20_seed42,166caa81e019b7a30961b78f673b8907715dfec4ef398501b078176cdb758ea8
Fermi_E,main_and_supplementary,Q_+1,3575,52,1,test,42,within_Cn_target_quantile_isomer_80_20_seed42,166caa81e019b7a30961b78f673b8907715dfec4ef398501b078176cdb758ea8
Fermi_E,main_and_supplementary,Q_+1,3582,52,1,test,42,within_Cn_target_quantile_isomer_80_20_seed42,166caa81e019b7a30961b78f673b8907715dfec4ef398501b078176cdb758ea8
Fermi_E,main_and_supplementary,Q_+1,3583,52,1,test,42,within_Cn_target_quantile_isomer_80_20_seed42,166caa81e019b7a30961b78f673b8907715dfec4ef398501b078176cdb758ea8
Fermi_E,main_and_supplementary,Q_+1,3586,52,1,test,42,within_Cn_target_quantile_isomer_80_20_seed42,166caa81e019b7a30961b78f673b8907715dfec4ef398501b078176cdb758ea8
Fermi_E,main_and_supplementary,Q_+1,3594,52,1,test,42,within_Cn_target_quantile_isomer_80_20_seed42,166caa81e019b7a30961b78f673b8907715dfec4ef398501b078176cdb758ea8
Fermi_E,main_and_supplementary,Q_+1,3595,52,1,test,42,within_Cn_target_quantile_isomer_80_20_seed42,166caa81e019b7a30961b78f673b8907715dfec4ef398501b078176cdb758ea8
Fermi_E,main_and_supplementary,Q_+1,3596,52,1,test,42,within_Cn_target_quantile_isomer_80_20_seed42,166caa81e019b7a30961b78f673b8907715dfec4ef398501b078176cdb758ea8
Fermi_E,main_and_supplementary,Q_+1,3601,52,1,test,42,within_Cn_target_quantile_isomer_80_20_seed42,166caa81e019b7a30961b78f673b8907715dfec4ef398501b078176cdb758ea8
Fermi_E,main_and_supplementary,Q_+1,3603,52,1,test,42,within_Cn_target_quantile_isomer_80_20_seed42,166caa81e019b7a30961b78f673b8907715dfec4ef398501b078176cdb758ea8
Fermi_E,main_and_supplementary,Q_+1,3604,52,1,test,42,within_Cn_target_quantile_isomer_80_20_seed42,166caa81e019b7a30961b78f673b8907715dfec4ef398501b078176cdb758ea8
Fermi_E,main_and_supplementary,Q_+1,3606,52,1,test,42,within_Cn_target_quantile_isomer_80_20_seed42,166caa81e019b7a30961b78f673b8907715dfec4ef398501b078176cdb758ea8
Fermi_E,main_and_supplementary,Q_+1,3608,52,1,test,42,within_Cn_target_quantile_isomer_80_20_seed42,166caa81e019b7a30961b78f673b8907715dfec4ef398501b078176cdb758ea8
Fermi_E,main_and_supplementary,Q_+1,3610,52,1,test,42,within_Cn_target_quantile_isomer_80_20_seed42,166caa81e019b7a30961b78f673b8907715dfec4ef398501b078176cdb758ea8
Fermi_E,main_and_supplementary,Q_+1,3611,52,1,test,42,within_Cn_target_quantile_isomer_80_20_seed42,166caa81e019b7a30961b78f673b8907715dfec4ef398501b078176cdb758ea8
Fermi_E,main_and_supplementary,Q_+1,3613,52,1,test,42,within_Cn_target_quantile_isomer_80_20_seed42,166caa81e019b7a30961b78f673b8907715dfec4ef398501b078176cdb758ea8
Fermi_E,main_and_supplementary,Q_+1,3621,52,1,test,42,within_Cn_target_quantile_isomer_80_20_seed42,166caa81e019b7a30961b78f673b8907715dfec4ef398501b078176cdb758ea8
Fermi_E,main_and_supplementary,Q_+1,3628,52,1,test,42,within_Cn_target_quantile_isomer_80_20_seed42,166caa81e019b7a30961b78f673b8907715dfec4ef398501b078176cdb758ea8
Fermi_E,main_and_supplementary,Q_+1,3640,52,1,test,42,within_Cn_target_quantile_isomer_80_20_seed42,166caa81e019b7a30961b78f673b8907715dfec4ef398501b078176cdb758ea8
Fermi_E,main_and_supplementary,Q_+1,3642,52,1,test,42,within_Cn_target_quantile_isomer_80_20_seed42,166caa81e019b7a30961b78f673b8907715dfec4ef398501b078176cdb758ea8
Fermi_E,main_and_supplementary,Q_+1,3646,52,1,test,42,within_Cn_target_quantile_isomer_80_20_seed42,166caa81e019b7a30961b78f673b8907715dfec4ef398501b078176cdb758ea8
Fermi_E,main_and_supplementary,Q_+1,3651,52,1,test,42,within_Cn_target_quantile_isomer_80_20_seed42,166caa81e019b7a30961b78f673b8907715dfec4ef398501b078176cdb758ea8
Fermi_E,main_and_supplementary,Q_+1,3655,52,1,test,42,within_Cn_target_quantile_isomer_80_20_seed42,166caa81e019b7a30961b78f673b8907715dfec4ef398501b078176cdb758ea8
Fermi_E,main_and_supplementary,Q_+1,3661,52,1,test,42,within_Cn_target_quantile_isomer_80_20_seed42,166caa81e019b7a30961b78f673b8907715dfec4ef398501b078176cdb758ea8
Fermi_E,main_and_supplementary,Q_+1,3662,52,1,test,42,within_Cn_target_quantile_isomer_80_20_seed42,166caa81e019b7a30961b78f673b8907715dfec4ef398501b078176cdb758ea8
Fermi_E,main_and_supplementary,Q_+1,3667,52,1,test,42,within_Cn_target_quantile_isomer_80_20_seed42,166caa81e019b7a30961b78f673b8907715dfec4ef398501b078176cdb758ea8
Fermi_E,main_and_supplementary,Q_+1,3670,52,1,test,42,within_Cn_target_quantile_isomer_80_20_seed42,166caa81e019b7a30961b78f673b8907715dfec4ef398501b078176cdb758ea8
Fermi_E,main_and_supplementary,Q_+1,3673,52,1,test,42,within_Cn_target_quantile_isomer_80_20_seed42,166caa81e019b7a30961b78f673b8907715dfec4ef398501b078176cdb758ea8
Fermi_E,main_and_supplementary,Q_+1,3682,52,1,test,42,within_Cn_target_quantile_isomer_80_20_seed42,166caa81e019b7a30961b78f673b8907715dfec4ef398501b078176cdb758ea8
Fermi_E,main_and_supplementary,Q_+1,3691,52,1,test,42,within_Cn_target_quantile_isomer_80_20_seed42,166caa81e019b7a30961b78f673b8907715dfec4ef398501b078176cdb758ea8
Fermi_E,main_and_supplementary,Q_+1,3697,52,1,test,42,within_Cn_target_quantile_isomer_80_20_seed42,166caa81e019b7a30961b78f673b8907715dfec4ef398501b078176cdb758ea8
Fermi_E,main_and_supplementary,Q_+1,3699,52,1,test,42,within_Cn_target_quantile_isomer_80_20_seed42,166caa81e019b7a30961b78f673b8907715dfec4ef398501b078176cdb758ea8
Fermi_E,main_and_supplementary,Q_+1,3700,52,1,test,42,within_Cn_target_quantile_isomer_80_20_seed42,166caa81e019b7a30961b78f673b8907715dfec4ef398501b078176cdb758ea8
Fermi_E,main_and_supplementary,Q_+1,3701,52,1,test,42,within_Cn_target_quantile_isomer_80_20_seed42,166caa81e019b7a30961b78f673b8907715dfec4ef398501b078176cdb758ea8
Fermi_E,main_and_supplementary,Q_+1,3708,52,1,test,42,within_Cn_target_quantile_isomer_80_20_seed42,166caa81e019b7a30961b78f673b8907715dfec4ef398501b078176cdb758ea8
Fermi_E,main_and_supplementary,Q_+1,3709,52,1,test,42,within_Cn_target_quantile_isomer_80_20_seed42,166caa81e019b7a30961b78f673b8907715dfec4ef398501b078176cdb758ea8
Fermi_E,main_and_supplementary,Q_+1,3710,52,1,test,42,within_Cn_target_quantile_isomer_80_20_seed42,166caa81e019b7a30961b78f673b8907715dfec4ef398501b078176cdb758ea8
Fermi_E,main_and_supplementary,Q_+1,3712,52,1,test,42,within_Cn_target_quantile_isomer_80_20_seed42,166caa81e019b7a30961b78f673b8907715dfec4ef398501b078176cdb758ea8
Fermi_E,main_and_supplementary,Q_+1,3715,52,1,test,42,within_Cn_target_quantile_isomer_80_20_seed42,166caa81e019b7a30961b78f673b8907715dfec4ef398501b078176cdb758ea8
Fermi_E,main_and_supplementary,Q_+1,3722,52,1,test,42,within_Cn_target_quantile_isomer_80_20_seed42,166caa81e019b7a30961b78f673b8907715dfec4ef398501b078176cdb758ea8
Fermi_E,main_and_supplementary,Q_+1,3726,52,1,test,42,within_Cn_target_quantile_isomer_80_20_seed42,166caa81e019b7a30961b78f673b8907715dfec4ef398501b078176cdb758ea8
Fermi_E,main_and_supplementary,Q_+1,3727,52,1,test,42,within_Cn_target_quantile_isomer_80_20_seed42,166caa81e019b7a30961b78f673b8907715dfec4ef398501b078176cdb758ea8
Fermi_E,main_and_supplementary,Q_+1,3729,52,1,test,42,within_Cn_target_quantile_isomer_80_20_seed42,166caa81e019b7a30961b78f673b8907715dfec4ef398501b078176cdb758ea8
Fermi_E,main_and_supplementary,Q_+1,3732,52,1,test,42,within_Cn_target_quantile_isomer_80_20_seed42,166caa81e019b7a30961b78f673b8907715dfec4ef398501b078176cdb758ea8
Fermi_E,main_and_supplementary,Q_+1,3735,52,1,test,42,within_Cn_target_quantile_isomer_80_20_seed42,166caa81e019b7a30961b78f673b8907715dfec4ef398501b078176cdb758ea8
Fermi_E,main_and_supplementary,Q_+1,3741,76,1,test,42,within_Cn_target_quantile_isomer_80_20_seed42,166caa81e019b7a30961b78f673b8907715dfec4ef398501b078176cdb758ea8
Fermi_E,main_and_supplementary,Q_+1,3744,78,1,test,42,within_Cn_target_quantile_isomer_80_20_seed42,166caa81e019b7a30961b78f673b8907715dfec4ef398501b078176cdb758ea8
Fermi_E,main_and_supplementary,Q_+1,3747,78,1,test,42,within_Cn_target_quantile_isomer_80_20_seed42,166caa81e019b7a30961b78f673b8907715dfec4ef398501b078176cdb758ea8
Fermi_E,main_and_supplementary,Q_+1,3748,80,1,test,42,within_Cn_target_quantile_isomer_80_20_seed42,166caa81e019b7a30961b78f673b8907715dfec4ef398501b078176cdb758ea8
Fermi_E,main_and_supplementary,Q_+1,3750,80,1,test,42,within_Cn_target_quantile_isomer_80_20_seed42,166caa81e019b7a30961b78f673b8907715dfec4ef398501b078176cdb758ea8
Fermi_E,main_and_supplementary,Q_+1,3752,80,1,test,42,within_Cn_target_quantile_isomer_80_20_seed42,166caa81e019b7a30961b78f673b8907715dfec4ef398501b078176cdb758ea8
Fermi_E,main_and_supplementary,Q_+1,3757,82,1,test,42,within_Cn_target_quantile_isomer_80_20_seed42,166caa81e019b7a30961b78f673b8907715dfec4ef398501b078176cdb758ea8
Fermi_E,main_and_supplementary,Q_+1,3758,82,1,test,42,within_Cn_target_quantile_isomer_80_20_seed42,166caa81e019b7a30961b78f673b8907715dfec4ef398501b078176cdb758ea8
Fermi_E,main_and_supplementary,Q_+1,3759,82,1,test,42,within_Cn_target_quantile_isomer_80_20_seed42,166caa81e019b7a30961b78f673b8907715dfec4ef398501b078176cdb758ea8
Fermi_E,main_and_supplementary,Q_+1,3761,82,1,test,42,within_Cn_target_quantile_isomer_80_20_seed42,166caa81e019b7a30961b78f673b8907715dfec4ef398501b078176cdb758ea8
Fermi_E,main_and_supplementary,Q_+1,3764,84,1,test,42,within_Cn_target_quantile_isomer_80_20_seed42,166caa81e019b7a30961b78f673b8907715dfec4ef398501b078176cdb758ea8
Fermi_E,main_and_supplementary,Q_+1,3767,84,1,test,42,within_Cn_target_quantile_isomer_80_20_seed42,166caa81e019b7a30961b78f673b8907715dfec4ef398501b078176cdb758ea8
Fermi_E,main_and_supplementary,Q_+1,3770,84,1,test,42,within_Cn_target_quantile_isomer_80_20_seed42,166caa81e019b7a30961b78f673b8907715dfec4ef398501b078176cdb758ea8
Fermi_E,main_and_supplementary,Q_+1,3772,84,1,test,42,within_Cn_target_quantile_isomer_80_20_seed42,166caa81e019b7a30961b78f673b8907715dfec4ef398501b078176cdb758ea8
Fermi_E,main_and_supplementary,Q_+1,3780,84,1,test,42,within_Cn_target_quantile_isomer_80_20_seed42,166caa81e019b7a30961b78f673b8907715dfec4ef398501b078176cdb758ea8
Fermi_E,main_and_supplementary,Q_+1,3792,86,1,test,42,within_Cn_target_quantile_isomer_80_20_seed42,166caa81e019b7a30961b78f673b8907715dfec4ef398501b078176cdb758ea8
Fermi_E,main_and_supplementary,Q_+1,3794,86,1,test,42,within_Cn_target_quantile_isomer_80_20_seed42,166caa81e019b7a30961b78f673b8907715dfec4ef398501b078176cdb758ea8
Fermi_E,main_and_supplementary,Q_+1,3797,86,1,test,42,within_Cn_target_quantile_isomer_80_20_seed42,166caa81e019b7a30961b78f673b8907715dfec4ef398501b078176cdb758ea8
Fermi_E,main_and_supplementary,Q_+1,3801,86,1,test,42,within_Cn_target_quantile_isomer_80_20_seed42,166caa81e019b7a30961b78f673b8907715dfec4ef398501b078176cdb758ea8
Fermi_E,main_and_supplementary,Q_+1,3805,86,1,test,42,within_Cn_target_quantile_isomer_80_20_seed42,166caa81e019b7a30961b78f673b8907715dfec4ef398501b078176cdb758ea8
Fermi_E,main_and_supplementary,Q_+1,3808,90,1,test,42,within_Cn_target_quantile_isomer_80_20_seed42,166caa81e019b7a30961b78f673b8907715dfec4ef398501b078176cdb758ea8
Fermi_E,main_and_supplementary,Q_+1,3819,90,1,test,42,within_Cn_target_quantile_isomer_80_20_seed42,166caa81e019b7a30961b78f673b8907715dfec4ef398501b078176cdb758ea8
Fermi_E,main_and_supplementary,Q_+1,3821,90,1,test,42,within_Cn_target_quantile_isomer_80_20_seed42,166caa81e019b7a30961b78f673b8907715dfec4ef398501b078176cdb758ea8
Fermi_E,main_and_supplementary,Q_+1,3822,90,1,test,42,within_Cn_target_quantile_isomer_80_20_seed42,166caa81e019b7a30961b78f673b8907715dfec4ef398501b078176cdb758ea8
Fermi_E,main_and_supplementary,Q_+1,3829,90,1,test,42,within_Cn_target_quantile_isomer_80_20_seed42,166caa81e019b7a30961b78f673b8907715dfec4ef398501b078176cdb758ea8
Fermi_E,main_and_supplementary,Q_+1,3831,90,1,test,42,within_Cn_target_quantile_isomer_80_20_seed42,166caa81e019b7a30961b78f673b8907715dfec4ef398501b078176cdb758ea8
Fermi_E,main_and_supplementary,Q_+1,3834,90,1,test,42,within_Cn_target_quantile_isomer_80_20_seed42,166caa81e019b7a30961b78f673b8907715dfec4ef398501b078176cdb758ea8
Fermi_E,main_and_supplementary,Q_+1,3840,90,1,test,42,within_Cn_target_quantile_isomer_80_20_seed42,166caa81e019b7a30961b78f673b8907715dfec4ef398501b078176cdb758ea8
Fermi_E,main_and_supplementary,Q_+1,3841,90,1,test,42,within_Cn_target_quantile_isomer_80_20_seed42,166caa81e019b7a30961b78f673b8907715dfec4ef398501b078176cdb758ea8
Fermi_E,main_and_supplementary,Q_+1,3844,90,1,test,42,within_Cn_target_quantile_isomer_80_20_seed42,166caa81e019b7a30961b78f673b8907715dfec4ef398501b078176cdb758ea8
Fermi_E,main_and_supplementary,Q_+1,3860,92,1,test,42,within_Cn_target_quantile_isomer_80_20_seed42,166caa81e019b7a30961b78f673b8907715dfec4ef398501b078176cdb758ea8
Fermi_E,main_and_supplementary,Q_+1,3864,92,1,test,42,within_Cn_target_quantile_isomer_80_20_seed42,166caa81e019b7a30961b78f673b8907715dfec4ef398501b078176cdb758ea8
Fermi_E,main_and_supplementary,Q_+1,3868,92,1,test,42,within_Cn_target_quantile_isomer_80_20_seed42,166caa81e019b7a30961b78f673b8907715dfec4ef398501b078176cdb758ea8
Fermi_E,main_and_supplementary,Q_+1,3869,92,1,test,42,within_Cn_target_quantile_isomer_80_20_seed42,166caa81e019b7a30961b78f673b8907715dfec4ef398501b078176cdb758ea8
Fermi_E,main_and_supplementary,Q_+1,3873,92,1,test,42,within_Cn_target_quantile_isomer_80_20_seed42,166caa81e019b7a30961b78f673b8907715dfec4ef398501b078176cdb758ea8
Fermi_E,main_and_supplementary,Q_+1,3878,92,1,test,42,within_Cn_target_quantile_isomer_80_20_seed42,166caa81e019b7a30961b78f673b8907715dfec4ef398501b078176cdb758ea8
Fermi_E,main_and_supplementary,Q_+1,3880,92,1,test,42,within_Cn_target_quantile_isomer_80_20_seed42,166caa81e019b7a30961b78f673b8907715dfec4ef398501b078176cdb758ea8
Fermi_E,main_and_supplementary,Q_+1,3884,92,1,test,42,within_Cn_target_quantile_isomer_80_20_seed42,166caa81e019b7a30961b78f673b8907715dfec4ef398501b078176cdb758ea8
Fermi_E,main_and_supplementary,Q_+1,3886,92,1,test,42,within_Cn_target_quantile_isomer_80_20_seed42,166caa81e019b7a30961b78f673b8907715dfec4ef398501b078176cdb758ea8
Fermi_E,main_and_supplementary,Q_+1,3887,92,1,test,42,within_Cn_target_quantile_isomer_80_20_seed42,166caa81e019b7a30961b78f673b8907715dfec4ef398501b078176cdb758ea8
Fermi_E,main_and_supplementary,Q_+1,3907,92,1,test,42,within_Cn_target_quantile_isomer_80_20_seed42,166caa81e019b7a30961b78f673b8907715dfec4ef398501b078176cdb758ea8
Fermi_E,main_and_supplementary,Q_+1,3910,92,1,test,42,within_Cn_target_quantile_isomer_80_20_seed42,166caa81e019b7a30961b78f673b8907715dfec4ef398501b078176cdb758ea8
Fermi_E,main_and_supplementary,Q_+1,3912,92,1,test,42,within_Cn_target_quantile_isomer_80_20_seed42,166caa81e019b7a30961b78f673b8907715dfec4ef398501b078176cdb758ea8
Fermi_E,main_and_supplementary,Q_+1,3929,92,1,test,42,within_Cn_target_quantile_isomer_80_20_seed42,166caa81e019b7a30961b78f673b8907715dfec4ef398501b078176cdb758ea8
Fermi_E,main_and_supplementary,Q_+1,3932,92,1,test,42,within_Cn_target_quantile_isomer_80_20_seed42,166caa81e019b7a30961b78f673b8907715dfec4ef398501b078176cdb758ea8
Fermi_E,main_and_supplementary,Q_+1,3935,92,1,test,42,within_Cn_target_quantile_isomer_80_20_seed42,166caa81e019b7a30961b78f673b8907715dfec4ef398501b078176cdb758ea8
Fermi_E,main_and_supplementary,Q_+1,3945,94,1,test,42,within_Cn_target_quantile_isomer_80_20_seed42,166caa81e019b7a30961b78f673b8907715dfec4ef398501b078176cdb758ea8
Fermi_E,main_and_supplementary,Q_+1,3960,94,1,test,42,within_Cn_target_quantile_isomer_80_20_seed42,166caa81e019b7a30961b78f673b8907715dfec4ef398501b078176cdb758ea8
Fermi_E,main_and_supplementary,Q_+1,3963,94,1,test,42,within_Cn_target_quantile_isomer_80_20_seed42,166caa81e019b7a30961b78f673b8907715dfec4ef398501b078176cdb758ea8
Fermi_E,main_and_supplementary,Q_+1,3968,94,1,test,42,within_Cn_target_quantile_isomer_80_20_seed42,166caa81e019b7a30961b78f673b8907715dfec4ef398501b078176cdb758ea8
Fermi_E,main_and_supplementary,Q_+1,3970,94,1,test,42,within_Cn_target_quantile_isomer_80_20_seed42,166caa81e019b7a30961b78f673b8907715dfec4ef398501b078176cdb758ea8
Fermi_E,main_and_supplementary,Q_+1,3974,94,1,test,42,within_Cn_target_quantile_isomer_80_20_seed42,166caa81e019b7a30961b78f673b8907715dfec4ef398501b078176cdb758ea8
Fermi_E,main_and_supplementary,Q_+1,3997,94,1,test,42,within_Cn_target_quantile_isomer_80_20_seed42,166caa81e019b7a30961b78f673b8907715dfec4ef398501b078176cdb758ea8
Fermi_E,main_and_supplementary,Q_+1,3999,94,1,test,42,within_Cn_target_quantile_isomer_80_20_seed42,166caa81e019b7a30961b78f673b8907715dfec4ef398501b078176cdb758ea8
Fermi_E,main_and_supplementary,Q_+1,4003,94,1,test,42,within_Cn_target_quantile_isomer_80_20_seed42,166caa81e019b7a30961b78f673b8907715dfec4ef398501b078176cdb758ea8
Fermi_E,main_and_supplementary,Q_+1,4012,94,1,test,42,within_Cn_target_quantile_isomer_80_20_seed42,166caa81e019b7a30961b78f673b8907715dfec4ef398501b078176cdb758ea8
Fermi_E,main_and_supplementary,Q_+1,4019,94,1,test,42,within_Cn_target_quantile_isomer_80_20_seed42,166caa81e019b7a30961b78f673b8907715dfec4ef398501b078176cdb758ea8
Fermi_E,main_and_supplementary,Q_+1,4020,94,1,test,42,within_Cn_target_quantile_isomer_80_20_seed42,166caa81e019b7a30961b78f673b8907715dfec4ef398501b078176cdb758ea8
Fermi_E,main_and_supplementary,Q_+1,4032,94,1,test,42,within_Cn_target_quantile_isomer_80_20_seed42,166caa81e019b7a30961b78f673b8907715dfec4ef398501b078176cdb758ea8
Fermi_E,main_and_supplementary,Q_+1,4033,94,1,test,42,within_Cn_target_quantile_isomer_80_20_seed42,166caa81e019b7a30961b78f673b8907715dfec4ef398501b078176cdb758ea8
Fermi_E,main_and_supplementary,Q_+1,4036,94,1,test,42,within_Cn_target_quantile_isomer_80_20_seed42,166caa81e019b7a30961b78f673b8907715dfec4ef398501b078176cdb758ea8
Fermi_E,main_and_supplementary,Q_+1,4037,94,1,test,42,within_Cn_target_quantile_isomer_80_20_seed42,166caa81e019b7a30961b78f673b8907715dfec4ef398501b078176cdb758ea8
Fermi_E,main_and_supplementary,Q_+1,4039,94,1,test,42,within_Cn_target_quantile_isomer_80_20_seed42,166caa81e019b7a30961b78f673b8907715dfec4ef398501b078176cdb758ea8
Fermi_E,main_and_supplementary,Q_+1,4040,94,1,test,42,within_Cn_target_quantile_isomer_80_20_seed42,166caa81e019b7a30961b78f673b8907715dfec4ef398501b078176cdb758ea8
Fermi_E,main_and_supplementary,Q_+1,4045,94,1,test,42,within_Cn_target_quantile_isomer_80_20_seed42,166caa81e019b7a30961b78f673b8907715dfec4ef398501b078176cdb758ea8
Fermi_E,main_and_supplementary,Q_+1,4046,94,1,test,42,within_Cn_target_quantile_isomer_80_20_seed42,166caa81e019b7a30961b78f673b8907715dfec4ef398501b078176cdb758ea8
Fermi_E,main_and_supplementary,Q_+1,4051,94,1,test,42,within_Cn_target_quantile_isomer_80_20_seed42,166caa81e019b7a30961b78f673b8907715dfec4ef398501b078176cdb758ea8
Fermi_E,main_and_supplementary,Q_+1,4052,94,1,test,42,within_Cn_target_quantile_isomer_80_20_seed42,166caa81e019b7a30961b78f673b8907715dfec4ef398501b078176cdb758ea8
Fermi_E,main_and_supplementary,Q_+1,4066,94,1,test,42,within_Cn_target_quantile_isomer_80_20_seed42,166caa81e019b7a30961b78f673b8907715dfec4ef398501b078176cdb758ea8
Fermi_E,main_and_supplementary,Q_+1,4068,94,1,test,42,within_Cn_target_quantile_isomer_80_20_seed42,166caa81e019b7a30961b78f673b8907715dfec4ef398501b078176cdb758ea8
Fermi_E,main_and_supplementary,Q_+1,4069,94,1,test,42,within_Cn_target_quantile_isomer_80_20_seed42,166caa81e019b7a30961b78f673b8907715dfec4ef398501b078176cdb758ea8
Fermi_E,main_and_supplementary,Q_+1,4080,96,1,test,42,within_Cn_target_quantile_isomer_80_20_seed42,166caa81e019b7a30961b78f673b8907715dfec4ef398501b078176cdb758ea8
Fermi_E,main_and_supplementary,Q_+1,4083,96,1,test,42,within_Cn_target_quantile_isomer_80_20_seed42,166caa81e019b7a30961b78f673b8907715dfec4ef398501b078176cdb758ea8
Fermi_E,main_and_supplementary,Q_+1,4084,96,1,test,42,within_Cn_target_quantile_isomer_80_20_seed42,166caa81e019b7a30961b78f673b8907715dfec4ef398501b078176cdb758ea8
Fermi_E,main_and_supplementary,Q_+1,4085,96,1,test,42,within_Cn_target_quantile_isomer_80_20_seed42,166caa81e019b7a30961b78f673b8907715dfec4ef398501b078176cdb758ea8
Fermi_E,main_and_supplementary,Q_+1,4091,96,1,test,42,within_Cn_target_quantile_isomer_80_20_seed42,166caa81e019b7a30961b78f673b8907715dfec4ef398501b078176cdb758ea8
Fermi_E,main_and_supplementary,Q_+1,4095,96,1,test,42,within_Cn_target_quantile_isomer_80_20_seed42,166caa81e019b7a30961b78f673b8907715dfec4ef398501b078176cdb758ea8
Fermi_E,main_and_supplementary,Q_+1,4109,96,1,test,42,within_Cn_target_quantile_isomer_80_20_seed42,166caa81e019b7a30961b78f673b8907715dfec4ef398501b078176cdb758ea8
Fermi_E,main_and_supplementary,Q_+1,4119,96,1,test,42,within_Cn_target_quantile_isomer_80_20_seed42,166caa81e019b7a30961b78f673b8907715dfec4ef398501b078176cdb758ea8
Fermi_E,main_and_supplementary,Q_+1,4130,96,1,test,42,within_Cn_target_quantile_isomer_80_20_seed42,166caa81e019b7a30961b78f673b8907715dfec4ef398501b078176cdb758ea8
Fermi_E,main_and_supplementary,Q_+1,4132,96,1,test,42,within_Cn_target_quantile_isomer_80_20_seed42,166caa81e019b7a30961b78f673b8907715dfec4ef398501b078176cdb758ea8
Fermi_E,main_and_supplementary,Q_+1,4135,96,1,test,42,within_Cn_target_quantile_isomer_80_20_seed42,166caa81e019b7a30961b78f673b8907715dfec4ef398501b078176cdb758ea8
Fermi_E,main_and_supplementary,Q_+1,4137,96,1,test,42,within_Cn_target_quantile_isomer_80_20_seed42,166caa81e019b7a30961b78f673b8907715dfec4ef398501b078176cdb758ea8
Fermi_E,main_and_supplementary,Q_+1,4142,96,1,test,42,within_Cn_target_quantile_isomer_80_20_seed42,166caa81e019b7a30961b78f673b8907715dfec4ef398501b078176cdb758ea8
Fermi_E,main_and_supplementary,Q_+1,4155,96,1,test,42,within_Cn_target_quantile_isomer_80_20_seed42,166caa81e019b7a30961b78f673b8907715dfec4ef398501b078176cdb758ea8
Fermi_E,main_and_supplementary,Q_+1,4160,96,1,test,42,within_Cn_target_quantile_isomer_80_20_seed42,166caa81e019b7a30961b78f673b8907715dfec4ef398501b078176cdb758ea8
Fermi_E,main_and_supplementary,Q_+1,4162,96,1,test,42,within_Cn_target_quantile_isomer_80_20_seed42,166caa81e019b7a30961b78f673b8907715dfec4ef398501b078176cdb758ea8
Fermi_E,main_and_supplementary,Q_+1,4168,96,1,test,42,within_Cn_target_quantile_isomer_80_20_seed42,166caa81e019b7a30961b78f673b8907715dfec4ef398501b078176cdb758ea8
Fermi_E,main_and_supplementary,Q_+1,4169,96,1,test,42,within_Cn_target_quantile_isomer_80_20_seed42,166caa81e019b7a30961b78f673b8907715dfec4ef398501b078176cdb758ea8
Fermi_E,main_and_supplementary,Q_+1,4176,96,1,test,42,within_Cn_target_quantile_isomer_80_20_seed42,166caa81e019b7a30961b78f673b8907715dfec4ef398501b078176cdb758ea8
Fermi_E,main_and_supplementary,Q_+1,4177,96,1,test,42,within_Cn_target_quantile_isomer_80_20_seed42,166caa81e019b7a30961b78f673b8907715dfec4ef398501b078176cdb758ea8
Fermi_E,main_and_supplementary,Q_+1,4181,96,1,test,42,within_Cn_target_quantile_isomer_80_20_seed42,166caa81e019b7a30961b78f673b8907715dfec4ef398501b078176cdb758ea8
Fermi_E,main_and_supplementary,Q_+1,4187,96,1,test,42,within_Cn_target_quantile_isomer_80_20_seed42,166caa81e019b7a30961b78f673b8907715dfec4ef398501b078176cdb758ea8
Fermi_E,main_and_supplementary,Q_+1,4196,96,1,test,42,within_Cn_target_quantile_isomer_80_20_seed42,166caa81e019b7a30961b78f673b8907715dfec4ef398501b078176cdb758ea8
Fermi_E,main_and_supplementary,Q_+1,4199,96,1,test,42,within_Cn_target_quantile_isomer_80_20_seed42,166caa81e019b7a30961b78f673b8907715dfec4ef398501b078176cdb758ea8
Fermi_E,main_and_supplementary,Q_+1,4202,96,1,test,42,within_Cn_target_quantile_isomer_80_20_seed42,166caa81e019b7a30961b78f673b8907715dfec4ef398501b078176cdb758ea8
Fermi_E,main_and_supplementary,Q_+1,4206,96,1,test,42,within_Cn_target_quantile_isomer_80_20_seed42,166caa81e019b7a30961b78f673b8907715dfec4ef398501b078176cdb758ea8
Fermi_E,main_and_supplementary,Q_+1,4207,96,1,test,42,within_Cn_target_quantile_isomer_80_20_seed42,166caa81e019b7a30961b78f673b8907715dfec4ef398501b078176cdb758ea8
Fermi_E,main_and_supplementary,Q_+1,4211,96,1,test,42,within_Cn_target_quantile_isomer_80_20_seed42,166caa81e019b7a30961b78f673b8907715dfec4ef398501b078176cdb758ea8
Fermi_E,main_and_supplementary,Q_+1,4214,96,1,test,42,within_Cn_target_quantile_isomer_80_20_seed42,166caa81e019b7a30961b78f673b8907715dfec4ef398501b078176cdb758ea8
Fermi_E,main_and_supplementary,Q_+1,4216,96,1,test,42,within_Cn_target_quantile_isomer_80_20_seed42,166caa81e019b7a30961b78f673b8907715dfec4ef398501b078176cdb758ea8
Fermi_E,main_and_supplementary,Q_+1,4218,96,1,test,42,within_Cn_target_quantile_isomer_80_20_seed42,166caa81e019b7a30961b78f673b8907715dfec4ef398501b078176cdb758ea8
Fermi_E,main_and_supplementary,Q_+1,4228,96,1,test,42,within_Cn_target_quantile_isomer_80_20_seed42,166caa81e019b7a30961b78f673b8907715dfec4ef398501b078176cdb758ea8
Fermi_E,main_and_supplementary,Q_+1,4236,96,1,test,42,within_Cn_target_quantile_isomer_80_20_seed42,166caa81e019b7a30961b78f673b8907715dfec4ef398501b078176cdb758ea8
Fermi_E,main_and_supplementary,Q_+1,4237,96,1,test,42,within_Cn_target_quantile_isomer_80_20_seed42,166caa81e019b7a30961b78f673b8907715dfec4ef398501b078176cdb758ea8
Fermi_E,main_and_supplementary,Q_+1,4240,96,1,test,42,within_Cn_target_quantile_isomer_80_20_seed42,166caa81e019b7a30961b78f673b8907715dfec4ef398501b078176cdb758ea8
Fermi_E,main_and_supplementary,Q_+1,4249,96,1,test,42,within_Cn_target_quantile_isomer_80_20_seed42,166caa81e019b7a30961b78f673b8907715dfec4ef398501b078176cdb758ea8
Fermi_E,main_and_supplementary,Q_+1,4251,96,1,test,42,within_Cn_target_quantile_isomer_80_20_seed42,166caa81e019b7a30961b78f673b8907715dfec4ef398501b078176cdb758ea8
Fermi_E,main_and_supplementary,Q_+1,4268,98,1,test,42,within_Cn_target_quantile_isomer_80_20_seed42,166caa81e019b7a30961b78f673b8907715dfec4ef398501b078176cdb758ea8
Fermi_E,main_and_supplementary,Q_+1,4271,98,1,test,42,within_Cn_target_quantile_isomer_80_20_seed42,166caa81e019b7a30961b78f673b8907715dfec4ef398501b078176cdb758ea8
Fermi_E,main_and_supplementary,Q_+1,4276,98,1,test,42,within_Cn_target_quantile_isomer_80_20_seed42,166caa81e019b7a30961b78f673b8907715dfec4ef398501b078176cdb758ea8
Fermi_E,main_and_supplementary,Q_+1,4291,98,1,test,42,within_Cn_target_quantile_isomer_80_20_seed42,166caa81e019b7a30961b78f673b8907715dfec4ef398501b078176cdb758ea8
Fermi_E,main_and_supplementary,Q_+1,4294,98,1,test,42,within_Cn_target_quantile_isomer_80_20_seed42,166caa81e019b7a30961b78f673b8907715dfec4ef398501b078176cdb758ea8
Fermi_E,main_and_supplementary,Q_+1,4296,98,1,test,42,within_Cn_target_quantile_isomer_80_20_seed42,166caa81e019b7a30961b78f673b8907715dfec4ef398501b078176cdb758ea8
Fermi_E,main_and_supplementary,Q_+1,4300,98,1,test,42,within_Cn_target_quantile_isomer_80_20_seed42,166caa81e019b7a30961b78f673b8907715dfec4ef398501b078176cdb758ea8
Fermi_E,main_and_supplementary,Q_+1,4306,98,1,test,42,within_Cn_target_quantile_isomer_80_20_seed42,166caa81e019b7a30961b78f673b8907715dfec4ef398501b078176cdb758ea8
Fermi_E,main_and_supplementary,Q_+1,4307,98,1,test,42,within_Cn_target_quantile_isomer_80_20_seed42,166caa81e019b7a30961b78f673b8907715dfec4ef398501b078176cdb758ea8
Fermi_E,main_and_supplementary,Q_+1,4309,98,1,test,42,within_Cn_target_quantile_isomer_80_20_seed42,166caa81e019b7a30961b78f673b8907715dfec4ef398501b078176cdb758ea8
Fermi_E,main_and_supplementary,Q_+1,4312,98,1,test,42,within_Cn_target_quantile_isomer_80_20_seed42,166caa81e019b7a30961b78f673b8907715dfec4ef398501b078176cdb758ea8
Fermi_E,main_and_supplementary,Q_+1,4315,98,1,test,42,within_Cn_target_quantile_isomer_80_20_seed42,166caa81e019b7a30961b78f673b8907715dfec4ef398501b078176cdb758ea8
Fermi_E,main_and_supplementary,Q_+1,4316,98,1,test,42,within_Cn_target_quantile_isomer_80_20_seed42,166caa81e019b7a30961b78f673b8907715dfec4ef398501b078176cdb758ea8
Fermi_E,main_and_supplementary,Q_+1,4317,98,1,test,42,within_Cn_target_quantile_isomer_80_20_seed42,166caa81e019b7a30961b78f673b8907715dfec4ef398501b078176cdb758ea8
Fermi_E,main_and_supplementary,Q_+1,4322,98,1,test,42,within_Cn_target_quantile_isomer_80_20_seed42,166caa81e019b7a30961b78f673b8907715dfec4ef398501b078176cdb758ea8
Fermi_E,main_and_supplementary,Q_+1,4334,98,1,test,42,within_Cn_target_quantile_isomer_80_20_seed42,166caa81e019b7a30961b78f673b8907715dfec4ef398501b078176cdb758ea8
Fermi_E,main_and_supplementary,Q_+1,4335,98,1,test,42,within_Cn_target_quantile_isomer_80_20_seed42,166caa81e019b7a30961b78f673b8907715dfec4ef398501b078176cdb758ea8
Fermi_E,main_and_supplementary,Q_+1,4341,98,1,test,42,within_Cn_target_quantile_isomer_80_20_seed42,166caa81e019b7a30961b78f673b8907715dfec4ef398501b078176cdb758ea8
Fermi_E,main_and_supplementary,Q_+1,4345,98,1,test,42,within_Cn_target_quantile_isomer_80_20_seed42,166caa81e019b7a30961b78f673b8907715dfec4ef398501b078176cdb758ea8
Fermi_E,main_and_supplementary,Q_+1,4346,98,1,test,42,within_Cn_target_quantile_isomer_80_20_seed42,166caa81e019b7a30961b78f673b8907715dfec4ef398501b078176cdb758ea8
Fermi_E,main_and_supplementary,Q_+1,4349,98,1,test,42,within_Cn_target_quantile_isomer_80_20_seed42,166caa81e019b7a30961b78f673b8907715dfec4ef398501b078176cdb758ea8
Fermi_E,main_and_supplementary,Q_+1,4353,98,1,test,42,within_Cn_target_quantile_isomer_80_20_seed42,166caa81e019b7a30961b78f673b8907715dfec4ef398501b078176cdb758ea8
Fermi_E,main_and_supplementary,Q_+1,4364,98,1,test,42,within_Cn_target_quantile_isomer_80_20_seed42,166caa81e019b7a30961b78f673b8907715dfec4ef398501b078176cdb758ea8
Fermi_E,main_and_supplementary,Q_+1,4366,98,1,test,42,within_Cn_target_quantile_isomer_80_20_seed42,166caa81e019b7a30961b78f673b8907715dfec4ef398501b078176cdb758ea8
Fermi_E,main_and_supplementary,Q_+1,4370,98,1,test,42,within_Cn_target_quantile_isomer_80_20_seed42,166caa81e019b7a30961b78f673b8907715dfec4ef398501b078176cdb758ea8
Fermi_E,main_and_supplementary,Q_+1,4378,98,1,test,42,within_Cn_target_quantile_isomer_80_20_seed42,166caa81e019b7a30961b78f673b8907715dfec4ef398501b078176cdb758ea8
Fermi_E,main_and_supplementary,Q_+1,4381,98,1,test,42,within_Cn_target_quantile_isomer_80_20_seed42,166caa81e019b7a30961b78f673b8907715dfec4ef398501b078176cdb758ea8
Fermi_E,main_and_supplementary,Q_+1,4384,98,1,test,42,within_Cn_target_quantile_isomer_80_20_seed42,166caa81e019b7a30961b78f673b8907715dfec4ef398501b078176cdb758ea8
Fermi_E,main_and_supplementary,Q_+1,4388,98,1,test,42,within_Cn_target_quantile_isomer_80_20_seed42,166caa81e019b7a30961b78f673b8907715dfec4ef398501b078176cdb758ea8
Fermi_E,main_and_supplementary,Q_+1,4391,98,1,test,42,within_Cn_target_quantile_isomer_80_20_seed42,166caa81e019b7a30961b78f673b8907715dfec4ef398501b078176cdb758ea8
Fermi_E,main_and_supplementary,Q_+1,4403,98,1,test,42,within_Cn_target_quantile_isomer_80_20_seed42,166caa81e019b7a30961b78f673b8907715dfec4ef398501b078176cdb758ea8
Fermi_E,main_and_supplementary,Q_+1,4406,98,1,test,42,within_Cn_target_quantile_isomer_80_20_seed42,166caa81e019b7a30961b78f673b8907715dfec4ef398501b078176cdb758ea8
Fermi_E,main_and_supplementary,Q_+1,4415,98,1,test,42,within_Cn_target_quantile_isomer_80_20_seed42,166caa81e019b7a30961b78f673b8907715dfec4ef398501b078176cdb758ea8
Fermi_E,main_and_supplementary,Q_+1,4419,98,1,test,42,within_Cn_target_quantile_isomer_80_20_seed42,166caa81e019b7a30961b78f673b8907715dfec4ef398501b078176cdb758ea8
Fermi_E,main_and_supplementary,Q_+1,4420,98,1,test,42,within_Cn_target_quantile_isomer_80_20_seed42,166caa81e019b7a30961b78f673b8907715dfec4ef398501b078176cdb758ea8
Fermi_E,main_and_supplementary,Q_+1,4422,98,1,test,42,within_Cn_target_quantile_isomer_80_20_seed42,166caa81e019b7a30961b78f673b8907715dfec4ef398501b078176cdb758ea8
Fermi_E,main_and_supplementary,Q_+1,4433,98,1,test,42,within_Cn_target_quantile_isomer_80_20_seed42,166caa81e019b7a30961b78f673b8907715dfec4ef398501b078176cdb758ea8
Fermi_E,main_and_supplementary,Q_+1,4445,98,1,test,42,within_Cn_target_quantile_isomer_80_20_seed42,166caa81e019b7a30961b78f673b8907715dfec4ef398501b078176cdb758ea8
Fermi_E,main_and_supplementary,Q_+1,4453,98,1,test,42,within_Cn_target_quantile_isomer_80_20_seed42,166caa81e019b7a30961b78f673b8907715dfec4ef398501b078176cdb758ea8
Fermi_E,main_and_supplementary,Q_+1,4458,98,1,test,42,within_Cn_target_quantile_isomer_80_20_seed42,166caa81e019b7a30961b78f673b8907715dfec4ef398501b078176cdb758ea8
Fermi_E,main_and_supplementary,Q_+1,4460,98,1,test,42,within_Cn_target_quantile_isomer_80_20_seed42,166caa81e019b7a30961b78f673b8907715dfec4ef398501b078176cdb758ea8
Fermi_E,main_and_supplementary,Q_+1,4463,98,1,test,42,within_Cn_target_quantile_isomer_80_20_seed42,166caa81e019b7a30961b78f673b8907715dfec4ef398501b078176cdb758ea8
Fermi_E,main_and_supplementary,Q_+1,4464,98,1,test,42,within_Cn_target_quantile_isomer_80_20_seed42,166caa81e019b7a30961b78f673b8907715dfec4ef398501b078176cdb758ea8
Fermi_E,main_and_supplementary,Q_+1,4470,98,1,test,42,within_Cn_target_quantile_isomer_80_20_seed42,166caa81e019b7a30961b78f673b8907715dfec4ef398501b078176cdb758ea8
Fermi_E,main_and_supplementary,Q_+1,4484,98,1,test,42,within_Cn_target_quantile_isomer_80_20_seed42,166caa81e019b7a30961b78f673b8907715dfec4ef398501b078176cdb758ea8
Fermi_E,main_and_supplementary,Q_+1,4491,98,1,test,42,within_Cn_target_quantile_isomer_80_20_seed42,166caa81e019b7a30961b78f673b8907715dfec4ef398501b078176cdb758ea8
Fermi_E,main_and_supplementary,Q_+1,4493,98,1,test,42,within_Cn_target_quantile_isomer_80_20_seed42,166caa81e019b7a30961b78f673b8907715dfec4ef398501b078176cdb758ea8
Fermi_E,main_and_supplementary,Q_+1,4494,98,1,test,42,within_Cn_target_quantile_isomer_80_20_seed42,166caa81e019b7a30961b78f673b8907715dfec4ef398501b078176cdb758ea8
Fermi_E,main_and_supplementary,Q_+1,4503,98,1,test,42,within_Cn_target_quantile_isomer_80_20_seed42,166caa81e019b7a30961b78f673b8907715dfec4ef398501b078176cdb758ea8
Fermi_E,main_and_supplementary,Q_+1,4510,98,1,test,42,within_Cn_target_quantile_isomer_80_20_seed42,166caa81e019b7a30961b78f673b8907715dfec4ef398501b078176cdb758ea8
Fermi_E,main_and_supplementary,Q_+1,4526,100,1,test,42,within_Cn_target_quantile_isomer_80_20_seed42,166caa81e019b7a30961b78f673b8907715dfec4ef398501b078176cdb758ea8
Fermi_E,main_and_supplementary,Q_+1,4527,100,1,test,42,within_Cn_target_quantile_isomer_80_20_seed42,166caa81e019b7a30961b78f673b8907715dfec4ef398501b078176cdb758ea8
Fermi_E,main_and_supplementary,Q_+1,4531,100,1,test,42,within_Cn_target_quantile_isomer_80_20_seed42,166caa81e019b7a30961b78f673b8907715dfec4ef398501b078176cdb758ea8
Fermi_E,main_and_supplementary,Q_+1,4532,100,1,test,42,within_Cn_target_quantile_isomer_80_20_seed42,166caa81e019b7a30961b78f673b8907715dfec4ef398501b078176cdb758ea8
Fermi_E,main_and_supplementary,Q_+1,4533,100,1,test,42,within_Cn_target_quantile_isomer_80_20_seed42,166caa81e019b7a30961b78f673b8907715dfec4ef398501b078176cdb758ea8
Fermi_E,main_and_supplementary,Q_+1,4536,100,1,test,42,within_Cn_target_quantile_isomer_80_20_seed42,166caa81e019b7a30961b78f673b8907715dfec4ef398501b078176cdb758ea8
Fermi_E,main_and_supplementary,Q_+1,4543,100,1,test,42,within_Cn_target_quantile_isomer_80_20_seed42,166caa81e019b7a30961b78f673b8907715dfec4ef398501b078176cdb758ea8
Fermi_E,main_and_supplementary,Q_+1,4551,100,1,test,42,within_Cn_target_quantile_isomer_80_20_seed42,166caa81e019b7a30961b78f673b8907715dfec4ef398501b078176cdb758ea8
Fermi_E,main_and_supplementary,Q_+1,4558,100,1,test,42,within_Cn_target_quantile_isomer_80_20_seed42,166caa81e019b7a30961b78f673b8907715dfec4ef398501b078176cdb758ea8
Fermi_E,main_and_supplementary,Q_+1,4560,100,1,test,42,within_Cn_target_quantile_isomer_80_20_seed42,166caa81e019b7a30961b78f673b8907715dfec4ef398501b078176cdb758ea8
Fermi_E,main_and_supplementary,Q_+1,4564,100,1,test,42,within_Cn_target_quantile_isomer_80_20_seed42,166caa81e019b7a30961b78f673b8907715dfec4ef398501b078176cdb758ea8
Fermi_E,main_and_supplementary,Q_+1,4574,100,1,test,42,within_Cn_target_quantile_isomer_80_20_seed42,166caa81e019b7a30961b78f673b8907715dfec4ef398501b078176cdb758ea8
Fermi_E,main_and_supplementary,Q_+1,4575,100,1,test,42,within_Cn_target_quantile_isomer_80_20_seed42,166caa81e019b7a30961b78f673b8907715dfec4ef398501b078176cdb758ea8
Fermi_E,main_and_supplementary,Q_+1,4584,100,1,test,42,within_Cn_target_quantile_isomer_80_20_seed42,166caa81e019b7a30961b78f673b8907715dfec4ef398501b078176cdb758ea8
Fermi_E,main_and_supplementary,Q_+1,4591,100,1,test,42,within_Cn_target_quantile_isomer_80_20_seed42,166caa81e019b7a30961b78f673b8907715dfec4ef398501b078176cdb758ea8
Fermi_E,main_and_supplementary,Q_+1,4596,100,1,test,42,within_Cn_target_quantile_isomer_80_20_seed42,166caa81e019b7a30961b78f673b8907715dfec4ef398501b078176cdb758ea8
Fermi_E,main_and_supplementary,Q_+1,4600,100,1,test,42,within_Cn_target_quantile_isomer_80_20_seed42,166caa81e019b7a30961b78f673b8907715dfec4ef398501b078176cdb758ea8
Fermi_E,main_and_supplementary,Q_+1,4605,100,1,test,42,within_Cn_target_quantile_isomer_80_20_seed42,166caa81e019b7a30961b78f673b8907715dfec4ef398501b078176cdb758ea8
Fermi_E,main_and_supplementary,Q_+1,4610,100,1,test,42,within_Cn_target_quantile_isomer_80_20_seed42,166caa81e019b7a30961b78f673b8907715dfec4ef398501b078176cdb758ea8
Fermi_E,main_and_supplementary,Q_+1,4614,100,1,test,42,within_Cn_target_quantile_isomer_80_20_seed42,166caa81e019b7a30961b78f673b8907715dfec4ef398501b078176cdb758ea8
Fermi_E,main_and_supplementary,Q_+1,4615,100,1,test,42,within_Cn_target_quantile_isomer_80_20_seed42,166caa81e019b7a30961b78f673b8907715dfec4ef398501b078176cdb758ea8
Fermi_E,main_and_supplementary,Q_+1,4621,100,1,test,42,within_Cn_target_quantile_isomer_80_20_seed42,166caa81e019b7a30961b78f673b8907715dfec4ef398501b078176cdb758ea8
Fermi_E,main_and_supplementary,Q_+1,4630,100,1,test,42,within_Cn_target_quantile_isomer_80_20_seed42,166caa81e019b7a30961b78f673b8907715dfec4ef398501b078176cdb758ea8
Fermi_E,main_and_supplementary,Q_+1,4635,100,1,test,42,within_Cn_target_quantile_isomer_80_20_seed42,166caa81e019b7a30961b78f673b8907715dfec4ef398501b078176cdb758ea8
Fermi_E,main_and_supplementary,Q_+1,4642,100,1,test,42,within_Cn_target_quantile_isomer_80_20_seed42,166caa81e019b7a30961b78f673b8907715dfec4ef398501b078176cdb758ea8
Fermi_E,main_and_supplementary,Q_+1,4646,100,1,test,42,within_Cn_target_quantile_isomer_80_20_seed42,166caa81e019b7a30961b78f673b8907715dfec4ef398501b078176cdb758ea8
Fermi_E,main_and_supplementary,Q_+1,4647,100,1,test,42,within_Cn_target_quantile_isomer_80_20_seed42,166caa81e019b7a30961b78f673b8907715dfec4ef398501b078176cdb758ea8
Fermi_E,main_and_supplementary,Q_+1,4650,100,1,test,42,within_Cn_target_quantile_isomer_80_20_seed42,166caa81e019b7a30961b78f673b8907715dfec4ef398501b078176cdb758ea8
Fermi_E,main_and_supplementary,Q_+1,4662,100,1,test,42,within_Cn_target_quantile_isomer_80_20_seed42,166caa81e019b7a30961b78f673b8907715dfec4ef398501b078176cdb758ea8
Fermi_E,main_and_supplementary,Q_+1,4667,100,1,test,42,within_Cn_target_quantile_isomer_80_20_seed42,166caa81e019b7a30961b78f673b8907715dfec4ef398501b078176cdb758ea8
Fermi_E,main_and_supplementary,Q_+1,4670,100,1,test,42,within_Cn_target_quantile_isomer_80_20_seed42,166caa81e019b7a30961b78f673b8907715dfec4ef398501b078176cdb758ea8
Fermi_E,main_and_supplementary,Q_+1,4676,100,1,test,42,within_Cn_target_quantile_isomer_80_20_seed42,166caa81e019b7a30961b78f673b8907715dfec4ef398501b078176cdb758ea8
Fermi_E,main_and_supplementary,Q_+1,4680,100,1,test,42,within_Cn_target_quantile_isomer_80_20_seed42,166caa81e019b7a30961b78f673b8907715dfec4ef398501b078176cdb758ea8
Fermi_E,main_and_supplementary,Q_+1,4689,100,1,test,42,within_Cn_target_quantile_isomer_80_20_seed42,166caa81e019b7a30961b78f673b8907715dfec4ef398501b078176cdb758ea8
Fermi_E,main_and_supplementary,Q_+1,4692,100,1,test,42,within_Cn_target_quantile_isomer_80_20_seed42,166caa81e019b7a30961b78f673b8907715dfec4ef398501b078176cdb758ea8
Fermi_E,main_and_supplementary,Q_+1,4700,100,1,test,42,within_Cn_target_quantile_isomer_80_20_seed42,166caa81e019b7a30961b78f673b8907715dfec4ef398501b078176cdb758ea8
Fermi_E,main_and_supplementary,Q_+1,4706,100,1,test,42,within_Cn_target_quantile_isomer_80_20_seed42,166caa81e019b7a30961b78f673b8907715dfec4ef398501b078176cdb758ea8
Fermi_E,main_and_supplementary,Q_+1,4717,100,1,test,42,within_Cn_target_quantile_isomer_80_20_seed42,166caa81e019b7a30961b78f673b8907715dfec4ef398501b078176cdb758ea8
Fermi_E,main_and_supplementary,Q_+1,4718,100,1,test,42,within_Cn_target_quantile_isomer_80_20_seed42,166caa81e019b7a30961b78f673b8907715dfec4ef398501b078176cdb758ea8
Fermi_E,main_and_supplementary,Q_+1,4719,100,1,test,42,within_Cn_target_quantile_isomer_80_20_seed42,166caa81e019b7a30961b78f673b8907715dfec4ef398501b078176cdb758ea8
Fermi_E,main_and_supplementary,Q_+1,4720,100,1,test,42,within_Cn_target_quantile_isomer_80_20_seed42,166caa81e019b7a30961b78f673b8907715dfec4ef398501b078176cdb758ea8
Fermi_E,main_and_supplementary,Q_+1,4726,100,1,test,42,within_Cn_target_quantile_isomer_80_20_seed42,166caa81e019b7a30961b78f673b8907715dfec4ef398501b078176cdb758ea8
Fermi_E,main_and_supplementary,Q_+1,4727,100,1,test,42,within_Cn_target_quantile_isomer_80_20_seed42,166caa81e019b7a30961b78f673b8907715dfec4ef398501b078176cdb758ea8
Fermi_E,main_and_supplementary,Q_+1,4730,100,1,test,42,within_Cn_target_quantile_isomer_80_20_seed42,166caa81e019b7a30961b78f673b8907715dfec4ef398501b078176cdb758ea8
Fermi_E,main_and_supplementary,Q_+1,4735,100,1,test,42,within_Cn_target_quantile_isomer_80_20_seed42,166caa81e019b7a30961b78f673b8907715dfec4ef398501b078176cdb758ea8
Fermi_E,main_and_supplementary,Q_+1,4744,100,1,test,42,within_Cn_target_quantile_isomer_80_20_seed42,166caa81e019b7a30961b78f673b8907715dfec4ef398501b078176cdb758ea8
Fermi_E,main_and_supplementary,Q_+1,4747,100,1,test,42,within_Cn_target_quantile_isomer_80_20_seed42,166caa81e019b7a30961b78f673b8907715dfec4ef398501b078176cdb758ea8
Fermi_E,main_and_supplementary,Q_+1,4750,100,1,test,42,within_Cn_target_quantile_isomer_80_20_seed42,166caa81e019b7a30961b78f673b8907715dfec4ef398501b078176cdb758ea8
Fermi_E,main_and_supplementary,Q_+1,4753,100,1,test,42,within_Cn_target_quantile_isomer_80_20_seed42,166caa81e019b7a30961b78f673b8907715dfec4ef398501b078176cdb758ea8
Fermi_E,main_and_supplementary,Q_+1,4758,100,1,test,42,within_Cn_target_quantile_isomer_80_20_seed42,166caa81e019b7a30961b78f673b8907715dfec4ef398501b078176cdb758ea8
Fermi_E,main_and_supplementary,Q_+1,4761,100,1,test,42,within_Cn_target_quantile_isomer_80_20_seed42,166caa81e019b7a30961b78f673b8907715dfec4ef398501b078176cdb758ea8
Fermi_E,main_and_supplementary,Q_+1,4771,100,1,test,42,within_Cn_target_quantile_isomer_80_20_seed42,166caa81e019b7a30961b78f673b8907715dfec4ef398501b078176cdb758ea8
Fermi_E,main_and_supplementary,Q_+1,4788,100,1,test,42,within_Cn_target_quantile_isomer_80_20_seed42,166caa81e019b7a30961b78f673b8907715dfec4ef398501b078176cdb758ea8
Fermi_E,main_and_supplementary,Q_+1,4806,100,1,test,42,within_Cn_target_quantile_isomer_80_20_seed42,166caa81e019b7a30961b78f673b8907715dfec4ef398501b078176cdb758ea8
Fermi_E,main_and_supplementary,Q_+1,4810,100,1,test,42,within_Cn_target_quantile_isomer_80_20_seed42,166caa81e019b7a30961b78f673b8907715dfec4ef398501b078176cdb758ea8
Fermi_E,main_and_supplementary,Q_+1,4819,100,1,test,42,within_Cn_target_quantile_isomer_80_20_seed42,166caa81e019b7a30961b78f673b8907715dfec4ef398501b078176cdb758ea8
Fermi_E,main_and_supplementary,Q_+1,4823,100,1,test,42,within_Cn_target_quantile_isomer_80_20_seed42,166caa81e019b7a30961b78f673b8907715dfec4ef398501b078176cdb758ea8
Fermi_E,main_and_supplementary,Q_+1,4831,100,1,test,42,within_Cn_target_quantile_isomer_80_20_seed42,166caa81e019b7a30961b78f673b8907715dfec4ef398501b078176cdb758ea8
Fermi_E,main_and_supplementary,Q_+1,4832,100,1,test,42,within_Cn_target_quantile_isomer_80_20_seed42,166caa81e019b7a30961b78f673b8907715dfec4ef398501b078176cdb758ea8
Fermi_E,main_and_supplementary,Q_+1,4840,100,1,test,42,within_Cn_target_quantile_isomer_80_20_seed42,166caa81e019b7a30961b78f673b8907715dfec4ef398501b078176cdb758ea8
Fermi_E,main_and_supplementary,Q_+1,4841,100,1,test,42,within_Cn_target_quantile_isomer_80_20_seed42,166caa81e019b7a30961b78f673b8907715dfec4ef398501b078176cdb758ea8
Fermi_E,main_and_supplementary,Q_+1,4843,100,1,test,42,within_Cn_target_quantile_isomer_80_20_seed42,166caa81e019b7a30961b78f673b8907715dfec4ef398501b078176cdb758ea8
Fermi_E,main_and_supplementary,Q_+1,4845,100,1,test,42,within_Cn_target_quantile_isomer_80_20_seed42,166caa81e019b7a30961b78f673b8907715dfec4ef398501b078176cdb758ea8
Fermi_E,main_and_supplementary,Q_+1,4846,100,1,test,42,within_Cn_target_quantile_isomer_80_20_seed42,166caa81e019b7a30961b78f673b8907715dfec4ef398501b078176cdb758ea8
Fermi_E,main_and_supplementary,Q_+1,4849,100,1,test,42,within_Cn_target_quantile_isomer_80_20_seed42,166caa81e019b7a30961b78f673b8907715dfec4ef398501b078176cdb758ea8
Fermi_E,main_and_supplementary,Q_+1,4856,100,1,test,42,within_Cn_target_quantile_isomer_80_20_seed42,166caa81e019b7a30961b78f673b8907715dfec4ef398501b078176cdb758ea8
Fermi_E,main_and_supplementary,Q_+1,4857,100,1,test,42,within_Cn_target_quantile_isomer_80_20_seed42,166caa81e019b7a30961b78f673b8907715dfec4ef398501b078176cdb758ea8
Fermi_E,main_and_supplementary,Q_+1,4859,100,1,test,42,within_Cn_target_quantile_isomer_80_20_seed42,166caa81e019b7a30961b78f673b8907715dfec4ef398501b078176cdb758ea8
Fermi_E,main_and_supplementary,Q_+1,4868,100,1,test,42,within_Cn_target_quantile_isomer_80_20_seed42,166caa81e019b7a30961b78f673b8907715dfec4ef398501b078176cdb758ea8
Fermi_E,main_and_supplementary,Q_+1,4871,100,1,test,42,within_Cn_target_quantile_isomer_80_20_seed42,166caa81e019b7a30961b78f673b8907715dfec4ef398501b078176cdb758ea8
Fermi_E,main_and_supplementary,Q_+1,4876,100,1,test,42,within_Cn_target_quantile_isomer_80_20_seed42,166caa81e019b7a30961b78f673b8907715dfec4ef398501b078176cdb758ea8
Fermi_E,main_and_supplementary,Q_+1,4882,100,1,test,42,within_Cn_target_quantile_isomer_80_20_seed42,166caa81e019b7a30961b78f673b8907715dfec4ef398501b078176cdb758ea8
Fermi_E,main_and_supplementary,Q_+1,4887,100,1,test,42,within_Cn_target_quantile_isomer_80_20_seed42,166caa81e019b7a30961b78f673b8907715dfec4ef398501b078176cdb758ea8
Fermi_E,main_and_supplementary,Q_+1,4890,100,1,test,42,within_Cn_target_quantile_isomer_80_20_seed42,166caa81e019b7a30961b78f673b8907715dfec4ef398501b078176cdb758ea8
Fermi_E,main_and_supplementary,Q_+1,4895,100,1,test,42,within_Cn_target_quantile_isomer_80_20_seed42,166caa81e019b7a30961b78f673b8907715dfec4ef398501b078176cdb758ea8
Fermi_E,main_and_supplementary,Q_+1,4909,100,1,test,42,within_Cn_target_quantile_isomer_80_20_seed42,166caa81e019b7a30961b78f673b8907715dfec4ef398501b078176cdb758ea8
Fermi_E,main_and_supplementary,Q_+1,4921,100,1,test,42,within_Cn_target_quantile_isomer_80_20_seed42,166caa81e019b7a30961b78f673b8907715dfec4ef398501b078176cdb758ea8
Fermi_E,main_and_supplementary,Q_+1,4930,100,1,test,42,within_Cn_target_quantile_isomer_80_20_seed42,166caa81e019b7a30961b78f673b8907715dfec4ef398501b078176cdb758ea8
Fermi_E,main_and_supplementary,Q_+1,4931,100,1,test,42,within_Cn_target_quantile_isomer_80_20_seed42,166caa81e019b7a30961b78f673b8907715dfec4ef398501b078176cdb758ea8
Fermi_E,main_and_supplementary,Q_+1,4932,100,1,test,42,within_Cn_target_quantile_isomer_80_20_seed42,166caa81e019b7a30961b78f673b8907715dfec4ef398501b078176cdb758ea8
Fermi_E,main_and_supplementary,Q_+1,4935,100,1,test,42,within_Cn_target_quantile_isomer_80_20_seed42,166caa81e019b7a30961b78f673b8907715dfec4ef398501b078176cdb758ea8
Fermi_E,main_and_supplementary,Q_+1,4940,100,1,test,42,within_Cn_target_quantile_isomer_80_20_seed42,166caa81e019b7a30961b78f673b8907715dfec4ef398501b078176cdb758ea8
Fermi_E,main_and_supplementary,Q_+1,4941,100,1,test,42,within_Cn_target_quantile_isomer_80_20_seed42,166caa81e019b7a30961b78f673b8907715dfec4ef398501b078176cdb758ea8
Fermi_E,main_and_supplementary,Q_+1,4946,100,1,test,42,within_Cn_target_quantile_isomer_80_20_seed42,166caa81e019b7a30961b78f673b8907715dfec4ef398501b078176cdb758ea8
Fermi_E,main_and_supplementary,Q_+1,4952,100,1,test,42,within_Cn_target_quantile_isomer_80_20_seed42,166caa81e019b7a30961b78f673b8907715dfec4ef398501b078176cdb758ea8
Fermi_E,main_and_supplementary,Q_+1,4953,100,1,test,42,within_Cn_target_quantile_isomer_80_20_seed42,166caa81e019b7a30961b78f673b8907715dfec4ef398501b078176cdb758ea8
Fermi_E,main_and_supplementary,Q_+1,4957,100,1,test,42,within_Cn_target_quantile_isomer_80_20_seed42,166caa81e019b7a30961b78f673b8907715dfec4ef398501b078176cdb758ea8
Fermi_E,main_and_supplementary,Q_+1,4958,100,1,test,42,within_Cn_target_quantile_isomer_80_20_seed42,166caa81e019b7a30961b78f673b8907715dfec4ef398501b078176cdb758ea8
Fermi_E,main_and_supplementary,Q_+1,4961,100,1,test,42,within_Cn_target_quantile_isomer_80_20_seed42,166caa81e019b7a30961b78f673b8907715dfec4ef398501b078176cdb758ea8
Fermi_E,main_and_supplementary,Q_+1,4964,100,1,test,42,within_Cn_target_quantile_isomer_80_20_seed42,166caa81e019b7a30961b78f673b8907715dfec4ef398501b078176cdb758ea8
Fermi_E,main_and_supplementary,Q_-1,1,20,-1,train,42,within_Cn_target_quantile_isomer_80_20_seed42,ff9e14d55bd89c537eae826a0d45ad2c300a95a1b84162d89315f96e276a8ac1
Fermi_E,main_and_supplementary,Q_-1,2,24,-1,train,42,within_Cn_target_quantile_isomer_80_20_seed42,ff9e14d55bd89c537eae826a0d45ad2c300a95a1b84162d89315f96e276a8ac1
Fermi_E,main_and_supplementary,Q_-1,3,26,-1,train,42,within_Cn_target_quantile_isomer_80_20_seed42,ff9e14d55bd89c537eae826a0d45ad2c300a95a1b84162d89315f96e276a8ac1
Fermi_E,main_and_supplementary,Q_-1,4,28,-1,train,42,within_Cn_target_quantile_isomer_80_20_seed42,ff9e14d55bd89c537eae826a0d45ad2c300a95a1b84162d89315f96e276a8ac1
Fermi_E,main_and_supplementary,Q_-1,7,30,-1,train,42,within_Cn_target_quantile_isomer_80_20_seed42,ff9e14d55bd89c537eae826a0d45ad2c300a95a1b84162d89315f96e276a8ac1
Fermi_E,main_and_supplementary,Q_-1,8,30,-1,train,42,within_Cn_target_quantile_isomer_80_20_seed42,ff9e14d55bd89c537eae826a0d45ad2c300a95a1b84162d89315f96e276a8ac1
Fermi_E,main_and_supplementary,Q_-1,11,32,-1,train,42,within_Cn_target_quantile_isomer_80_20_seed42,ff9e14d55bd89c537eae826a0d45ad2c300a95a1b84162d89315f96e276a8ac1
Fermi_E,main_and_supplementary,Q_-1,12,32,-1,train,42,within_Cn_target_quantile_isomer_80_20_seed42,ff9e14d55bd89c537eae826a0d45ad2c300a95a1b84162d89315f96e276a8ac1
Fermi_E,main_and_supplementary,Q_-1,13,32,-1,train,42,within_Cn_target_quantile_isomer_80_20_seed42,ff9e14d55bd89c537eae826a0d45ad2c300a95a1b84162d89315f96e276a8ac1
Fermi_E,main_and_supplementary,Q_-1,16,34,-1,train,42,within_Cn_target_quantile_isomer_80_20_seed42,ff9e14d55bd89c537eae826a0d45ad2c300a95a1b84162d89315f96e276a8ac1
Fermi_E,main_and_supplementary,Q_-1,19,34,-1,train,42,within_Cn_target_quantile_isomer_80_20_seed42,ff9e14d55bd89c537eae826a0d45ad2c300a95a1b84162d89315f96e276a8ac1
Fermi_E,main_and_supplementary,Q_-1,20,34,-1,train,42,within_Cn_target_quantile_isomer_80_20_seed42,ff9e14d55bd89c537eae826a0d45ad2c300a95a1b84162d89315f96e276a8ac1
Fermi_E,main_and_supplementary,Q_-1,21,36,-1,train,42,within_Cn_target_quantile_isomer_80_20_seed42,ff9e14d55bd89c537eae826a0d45ad2c300a95a1b84162d89315f96e276a8ac1
Fermi_E,main_and_supplementary,Q_-1,22,36,-1,train,42,within_Cn_target_quantile_isomer_80_20_seed42,ff9e14d55bd89c537eae826a0d45ad2c300a95a1b84162d89315f96e276a8ac1
Fermi_E,main_and_supplementary,Q_-1,23,36,-1,train,42,within_Cn_target_quantile_isomer_80_20_seed42,ff9e14d55bd89c537eae826a0d45ad2c300a95a1b84162d89315f96e276a8ac1
Fermi_E,main_and_supplementary,Q_-1,25,36,-1,train,42,within_Cn_target_quantile_isomer_80_20_seed42,ff9e14d55bd89c537eae826a0d45ad2c300a95a1b84162d89315f96e276a8ac1
Fermi_E,main_and_supplementary,Q_-1,26,36,-1,train,42,within_Cn_target_quantile_isomer_80_20_seed42,ff9e14d55bd89c537eae826a0d45ad2c300a95a1b84162d89315f96e276a8ac1
Fermi_E,main_and_supplementary,Q_-1,27,36,-1,train,42,within_Cn_target_quantile_isomer_80_20_seed42,ff9e14d55bd89c537eae826a0d45ad2c300a95a1b84162d89315f96e276a8ac1
Fermi_E,main_and_supplementary,Q_-1,31,36,-1,train,42,within_Cn_target_quantile_isomer_80_20_seed42,ff9e14d55bd89c537eae826a0d45ad2c300a95a1b84162d89315f96e276a8ac1
Fermi_E,main_and_supplementary,Q_-1,33,36,-1,train,42,within_Cn_target_quantile_isomer_80_20_seed42,ff9e14d55bd89c537eae826a0d45ad2c300a95a1b84162d89315f96e276a8ac1
Fermi_E,main_and_supplementary,Q_-1,34,36,-1,train,42,within_Cn_target_quantile_isomer_80_20_seed42,ff9e14d55bd89c537eae826a0d45ad2c300a95a1b84162d89315f96e276a8ac1
Fermi_E,main_and_supplementary,Q_-1,35,36,-1,train,42,within_Cn_target_quantile_isomer_80_20_seed42,ff9e14d55bd89c537eae826a0d45ad2c300a95a1b84162d89315f96e276a8ac1
Fermi_E,main_and_supplementary,Q_-1,36,38,-1,train,42,within_Cn_target_quantile_isomer_80_20_seed42,ff9e14d55bd89c537eae826a0d45ad2c300a95a1b84162d89315f96e276a8ac1
Fermi_E,main_and_supplementary,Q_-1,38,38,-1,train,42,within_Cn_target_quantile_isomer_80_20_seed42,ff9e14d55bd89c537eae826a0d45ad2c300a95a1b84162d89315f96e276a8ac1
Fermi_E,main_and_supplementary,Q_-1,40,38,-1,train,42,within_Cn_target_quantile_isomer_80_20_seed42,ff9e14d55bd89c537eae826a0d45ad2c300a95a1b84162d89315f96e276a8ac1
Fermi_E,main_and_supplementary,Q_-1,41,38,-1,train,42,within_Cn_target_quantile_isomer_80_20_seed42,ff9e14d55bd89c537eae826a0d45ad2c300a95a1b84162d89315f96e276a8ac1
Fermi_E,main_and_supplementary,Q_-1,44,38,-1,train,42,within_Cn_target_quantile_isomer_80_20_seed42,ff9e14d55bd89c537eae826a0d45ad2c300a95a1b84162d89315f96e276a8ac1
Fermi_E,main_and_supplementary,Q_-1,45,38,-1,train,42,within_Cn_target_quantile_isomer_80_20_seed42,ff9e14d55bd89c537eae826a0d45ad2c300a95a1b84162d89315f96e276a8ac1
Fermi_E,main_and_supplementary,Q_-1,47,38,-1,train,42,within_Cn_target_quantile_isomer_80_20_seed42,ff9e14d55bd89c537eae826a0d45ad2c300a95a1b84162d89315f96e276a8ac1
Fermi_E,main_and_supplementary,Q_-1,48,38,-1,train,42,within_Cn_target_quantile_isomer_80_20_seed42,ff9e14d55bd89c537eae826a0d45ad2c300a95a1b84162d89315f96e276a8ac1
Fermi_E,main_and_supplementary,Q_-1,49,38,-1,train,42,within_Cn_target_quantile_isomer_80_20_seed42,ff9e14d55bd89c537eae826a0d45ad2c300a95a1b84162d89315f96e276a8ac1
Fermi_E,main_and_supplementary,Q_-1,50,38,-1,train,42,within_Cn_target_quantile_isomer_80_20_seed42,ff9e14d55bd89c537eae826a0d45ad2c300a95a1b84162d89315f96e276a8ac1
Fermi_E,main_and_supplementary,Q_-1,51,38,-1,train,42,within_Cn_target_quantile_isomer_80_20_seed42,ff9e14d55bd89c537eae826a0d45ad2c300a95a1b84162d89315f96e276a8ac1
Fermi_E,main_and_supplementary,Q_-1,52,38,-1,train,42,within_Cn_target_quantile_isomer_80_20_seed42,ff9e14d55bd89c537eae826a0d45ad2c300a95a1b84162d89315f96e276a8ac1
Fermi_E,main_and_supplementary,Q_-1,54,40,-1,train,42,within_Cn_target_quantile_isomer_80_20_seed42,ff9e14d55bd89c537eae826a0d45ad2c300a95a1b84162d89315f96e276a8ac1
Fermi_E,main_and_supplementary,Q_-1,55,40,-1,train,42,within_Cn_target_quantile_isomer_80_20_seed42,ff9e14d55bd89c537eae826a0d45ad2c300a95a1b84162d89315f96e276a8ac1
Fermi_E,main_and_supplementary,Q_-1,56,40,-1,train,42,within_Cn_target_quantile_isomer_80_20_seed42,ff9e14d55bd89c537eae826a0d45ad2c300a95a1b84162d89315f96e276a8ac1
Fermi_E,main_and_supplementary,Q_-1,57,40,-1,train,42,within_Cn_target_quantile_isomer_80_20_seed42,ff9e14d55bd89c537eae826a0d45ad2c300a95a1b84162d89315f96e276a8ac1
Fermi_E,main_and_supplementary,Q_-1,59,40,-1,train,42,within_Cn_target_quantile_isomer_80_20_seed42,ff9e14d55bd89c537eae826a0d45ad2c300a95a1b84162d89315f96e276a8ac1
Fermi_E,main_and_supplementary,Q_-1,60,40,-1,train,42,within_Cn_target_quantile_isomer_80_20_seed42,ff9e14d55bd89c537eae826a0d45ad2c300a95a1b84162d89315f96e276a8ac1
Fermi_E,main_and_supplementary,Q_-1,61,40,-1,train,42,within_Cn_target_quantile_isomer_80_20_seed42,ff9e14d55bd89c537eae826a0d45ad2c300a95a1b84162d89315f96e276a8ac1
Fermi_E,main_and_supplementary,Q_-1,62,40,-1,train,42,within_Cn_target_quantile_isomer_80_20_seed42,ff9e14d55bd89c537eae826a0d45ad2c300a95a1b84162d89315f96e276a8ac1
Fermi_E,main_and_supplementary,Q_-1,63,40,-1,train,42,within_Cn_target_quantile_isomer_80_20_seed42,ff9e14d55bd89c537eae826a0d45ad2c300a95a1b84162d89315f96e276a8ac1
Fermi_E,main_and_supplementary,Q_-1,64,40,-1,train,42,within_Cn_target_quantile_isomer_80_20_seed42,ff9e14d55bd89c537eae826a0d45ad2c300a95a1b84162d89315f96e276a8ac1
Fermi_E,main_and_supplementary,Q_-1,65,40,-1,train,42,within_Cn_target_quantile_isomer_80_20_seed42,ff9e14d55bd89c537eae826a0d45ad2c300a95a1b84162d89315f96e276a8ac1
Fermi_E,main_and_supplementary,Q_-1,66,40,-1,train,42,within_Cn_target_quantile_isomer_80_20_seed42,ff9e14d55bd89c537eae826a0d45ad2c300a95a1b84162d89315f96e276a8ac1
Fermi_E,main_and_supplementary,Q_-1,67,40,-1,train,42,within_Cn_target_quantile_isomer_80_20_seed42,ff9e14d55bd89c537eae826a0d45ad2c300a95a1b84162d89315f96e276a8ac1
Fermi_E,main_and_supplementary,Q_-1,69,40,-1,train,42,within_Cn_target_quantile_isomer_80_20_seed42,ff9e14d55bd89c537eae826a0d45ad2c300a95a1b84162d89315f96e276a8ac1
Fermi_E,main_and_supplementary,Q_-1,70,40,-1,train,42,within_Cn_target_quantile_isomer_80_20_seed42,ff9e14d55bd89c537eae826a0d45ad2c300a95a1b84162d89315f96e276a8ac1
Fermi_E,main_and_supplementary,Q_-1,71,40,-1,train,42,within_Cn_target_quantile_isomer_80_20_seed42,ff9e14d55bd89c537eae826a0d45ad2c300a95a1b84162d89315f96e276a8ac1
Fermi_E,main_and_supplementary,Q_-1,73,40,-1,train,42,within_Cn_target_quantile_isomer_80_20_seed42,ff9e14d55bd89c537eae826a0d45ad2c300a95a1b84162d89315f96e276a8ac1
Fermi_E,main_and_supplementary,Q_-1,77,40,-1,train,42,within_Cn_target_quantile_isomer_80_20_seed42,ff9e14d55bd89c537eae826a0d45ad2c300a95a1b84162d89315f96e276a8ac1
Fermi_E,main_and_supplementary,Q_-1,78,40,-1,train,42,within_Cn_target_quantile_isomer_80_20_seed42,ff9e14d55bd89c537eae826a0d45ad2c300a95a1b84162d89315f96e276a8ac1
Fermi_E,main_and_supplementary,Q_-1,79,40,-1,train,42,within_Cn_target_quantile_isomer_80_20_seed42,ff9e14d55bd89c537eae826a0d45ad2c300a95a1b84162d89315f96e276a8ac1
Fermi_E,main_and_supplementary,Q_-1,81,40,-1,train,42,within_Cn_target_quantile_isomer_80_20_seed42,ff9e14d55bd89c537eae826a0d45ad2c300a95a1b84162d89315f96e276a8ac1
Fermi_E,main_and_supplementary,Q_-1,82,40,-1,train,42,within_Cn_target_quantile_isomer_80_20_seed42,ff9e14d55bd89c537eae826a0d45ad2c300a95a1b84162d89315f96e276a8ac1
Fermi_E,main_and_supplementary,Q_-1,83,40,-1,train,42,within_Cn_target_quantile_isomer_80_20_seed42,ff9e14d55bd89c537eae826a0d45ad2c300a95a1b84162d89315f96e276a8ac1
Fermi_E,main_and_supplementary,Q_-1,84,40,-1,train,42,within_Cn_target_quantile_isomer_80_20_seed42,ff9e14d55bd89c537eae826a0d45ad2c300a95a1b84162d89315f96e276a8ac1
Fermi_E,main_and_supplementary,Q_-1,85,40,-1,train,42,within_Cn_target_quantile_isomer_80_20_seed42,ff9e14d55bd89c537eae826a0d45ad2c300a95a1b84162d89315f96e276a8ac1
Fermi_E,main_and_supplementary,Q_-1,86,40,-1,train,42,within_Cn_target_quantile_isomer_80_20_seed42,ff9e14d55bd89c537eae826a0d45ad2c300a95a1b84162d89315f96e276a8ac1
Fermi_E,main_and_supplementary,Q_-1,88,40,-1,train,42,within_Cn_target_quantile_isomer_80_20_seed42,ff9e14d55bd89c537eae826a0d45ad2c300a95a1b84162d89315f96e276a8ac1
Fermi_E,main_and_supplementary,Q_-1,89,40,-1,train,42,within_Cn_target_quantile_isomer_80_20_seed42,ff9e14d55bd89c537eae826a0d45ad2c300a95a1b84162d89315f96e276a8ac1
Fermi_E,main_and_supplementary,Q_-1,90,40,-1,train,42,within_Cn_target_quantile_isomer_80_20_seed42,ff9e14d55bd89c537eae826a0d45ad2c300a95a1b84162d89315f96e276a8ac1
Fermi_E,main_and_supplementary,Q_-1,92,40,-1,train,42,within_Cn_target_quantile_isomer_80_20_seed42,ff9e14d55bd89c537eae826a0d45ad2c300a95a1b84162d89315f96e276a8ac1
Fermi_E,main_and_supplementary,Q_-1,93,42,-1,train,42,within_Cn_target_quantile_isomer_80_20_seed42,ff9e14d55bd89c537eae826a0d45ad2c300a95a1b84162d89315f96e276a8ac1
Fermi_E,main_and_supplementary,Q_-1,94,42,-1,train,42,within_Cn_target_quantile_isomer_80_20_seed42,ff9e14d55bd89c537eae826a0d45ad2c300a95a1b84162d89315f96e276a8ac1
Fermi_E,main_and_supplementary,Q_-1,95,42,-1,train,42,within_Cn_target_quantile_isomer_80_20_seed42,ff9e14d55bd89c537eae826a0d45ad2c300a95a1b84162d89315f96e276a8ac1
Fermi_E,main_and_supplementary,Q_-1,97,42,-1,train,42,within_Cn_target_quantile_isomer_80_20_seed42,ff9e14d55bd89c537eae826a0d45ad2c300a95a1b84162d89315f96e276a8ac1
Fermi_E,main_and_supplementary,Q_-1,98,42,-1,train,42,within_Cn_target_quantile_isomer_80_20_seed42,ff9e14d55bd89c537eae826a0d45ad2c300a95a1b84162d89315f96e276a8ac1
Fermi_E,main_and_supplementary,Q_-1,99,42,-1,train,42,within_Cn_target_quantile_isomer_80_20_seed42,ff9e14d55bd89c537eae826a0d45ad2c300a95a1b84162d89315f96e276a8ac1
Fermi_E,main_and_supplementary,Q_-1,102,42,-1,train,42,within_Cn_target_quantile_isomer_80_20_seed42,ff9e14d55bd89c537eae826a0d45ad2c300a95a1b84162d89315f96e276a8ac1
Fermi_E,main_and_supplementary,Q_-1,103,42,-1,train,42,within_Cn_target_quantile_isomer_80_20_seed42,ff9e14d55bd89c537eae826a0d45ad2c300a95a1b84162d89315f96e276a8ac1
Fermi_E,main_and_supplementary,Q_-1,104,42,-1,train,42,within_Cn_target_quantile_isomer_80_20_seed42,ff9e14d55bd89c537eae826a0d45ad2c300a95a1b84162d89315f96e276a8ac1
Fermi_E,main_and_supplementary,Q_-1,105,42,-1,train,42,within_Cn_target_quantile_isomer_80_20_seed42,ff9e14d55bd89c537eae826a0d45ad2c300a95a1b84162d89315f96e276a8ac1
Fermi_E,main_and_supplementary,Q_-1,107,42,-1,train,42,within_Cn_target_quantile_isomer_80_20_seed42,ff9e14d55bd89c537eae826a0d45ad2c300a95a1b84162d89315f96e276a8ac1
Fermi_E,main_and_supplementary,Q_-1,108,42,-1,train,42,within_Cn_target_quantile_isomer_80_20_seed42,ff9e14d55bd89c537eae826a0d45ad2c300a95a1b84162d89315f96e276a8ac1
Fermi_E,main_and_supplementary,Q_-1,110,42,-1,train,42,within_Cn_target_quantile_isomer_80_20_seed42,ff9e14d55bd89c537eae826a0d45ad2c300a95a1b84162d89315f96e276a8ac1
Fermi_E,main_and_supplementary,Q_-1,111,42,-1,train,42,within_Cn_target_quantile_isomer_80_20_seed42,ff9e14d55bd89c537eae826a0d45ad2c300a95a1b84162d89315f96e276a8ac1
Fermi_E,main_and_supplementary,Q_-1,112,42,-1,train,42,within_Cn_target_quantile_isomer_80_20_seed42,ff9e14d55bd89c537eae826a0d45ad2c300a95a1b84162d89315f96e276a8ac1
Fermi_E,main_and_supplementary,Q_-1,113,42,-1,train,42,within_Cn_target_quantile_isomer_80_20_seed42,ff9e14d55bd89c537eae826a0d45ad2c300a95a1b84162d89315f96e276a8ac1
Fermi_E,main_and_supplementary,Q_-1,114,42,-1,train,42,within_Cn_target_quantile_isomer_80_20_seed42,ff9e14d55bd89c537eae826a0d45ad2c300a95a1b84162d89315f96e276a8ac1
Fermi_E,main_and_supplementary,Q_-1,115,42,-1,train,42,within_Cn_target_quantile_isomer_80_20_seed42,ff9e14d55bd89c537eae826a0d45ad2c300a95a1b84162d89315f96e276a8ac1
Fermi_E,main_and_supplementary,Q_-1,117,42,-1,train,42,within_Cn_target_quantile_isomer_80_20_seed42,ff9e14d55bd89c537eae826a0d45ad2c300a95a1b84162d89315f96e276a8ac1
Fermi_E,main_and_supplementary,Q_-1,118,42,-1,train,42,within_Cn_target_quantile_isomer_80_20_seed42,ff9e14d55bd89c537eae826a0d45ad2c300a95a1b84162d89315f96e276a8ac1
Fermi_E,main_and_supplementary,Q_-1,120,42,-1,train,42,within_Cn_target_quantile_isomer_80_20_seed42,ff9e14d55bd89c537eae826a0d45ad2c300a95a1b84162d89315f96e276a8ac1
Fermi_E,main_and_supplementary,Q_-1,122,42,-1,train,42,within_Cn_target_quantile_isomer_80_20_seed42,ff9e14d55bd89c537eae826a0d45ad2c300a95a1b84162d89315f96e276a8ac1
Fermi_E,main_and_supplementary,Q_-1,123,42,-1,train,42,within_Cn_target_quantile_isomer_80_20_seed42,ff9e14d55bd89c537eae826a0d45ad2c300a95a1b84162d89315f96e276a8ac1
Fermi_E,main_and_supplementary,Q_-1,124,42,-1,train,42,within_Cn_target_quantile_isomer_80_20_seed42,ff9e14d55bd89c537eae826a0d45ad2c300a95a1b84162d89315f96e276a8ac1
Fermi_E,main_and_supplementary,Q_-1,126,42,-1,train,42,within_Cn_target_quantile_isomer_80_20_seed42,ff9e14d55bd89c537eae826a0d45ad2c300a95a1b84162d89315f96e276a8ac1
Fermi_E,main_and_supplementary,Q_-1,127,42,-1,train,42,within_Cn_target_quantile_isomer_80_20_seed42,ff9e14d55bd89c537eae826a0d45ad2c300a95a1b84162d89315f96e276a8ac1
Fermi_E,main_and_supplementary,Q_-1,128,42,-1,train,42,within_Cn_target_quantile_isomer_80_20_seed42,ff9e14d55bd89c537eae826a0d45ad2c300a95a1b84162d89315f96e276a8ac1
Fermi_E,main_and_supplementary,Q_-1,129,42,-1,train,42,within_Cn_target_quantile_isomer_80_20_seed42,ff9e14d55bd89c537eae826a0d45ad2c300a95a1b84162d89315f96e276a8ac1
Fermi_E,main_and_supplementary,Q_-1,130,42,-1,train,42,within_Cn_target_quantile_isomer_80_20_seed42,ff9e14d55bd89c537eae826a0d45ad2c300a95a1b84162d89315f96e276a8ac1
Fermi_E,main_and_supplementary,Q_-1,131,42,-1,train,42,within_Cn_target_quantile_isomer_80_20_seed42,ff9e14d55bd89c537eae826a0d45ad2c300a95a1b84162d89315f96e276a8ac1
Fermi_E,main_and_supplementary,Q_-1,133,42,-1,train,42,within_Cn_target_quantile_isomer_80_20_seed42,ff9e14d55bd89c537eae826a0d45ad2c300a95a1b84162d89315f96e276a8ac1
Fermi_E,main_and_supplementary,Q_-1,134,42,-1,train,42,within_Cn_target_quantile_isomer_80_20_seed42,ff9e14d55bd89c537eae826a0d45ad2c300a95a1b84162d89315f96e276a8ac1
Fermi_E,main_and_supplementary,Q_-1,135,42,-1,train,42,within_Cn_target_quantile_isomer_80_20_seed42,ff9e14d55bd89c537eae826a0d45ad2c300a95a1b84162d89315f96e276a8ac1
Fermi_E,main_and_supplementary,Q_-1,136,42,-1,train,42,within_Cn_target_quantile_isomer_80_20_seed42,ff9e14d55bd89c537eae826a0d45ad2c300a95a1b84162d89315f96e276a8ac1
Fermi_E,main_and_supplementary,Q_-1,137,42,-1,train,42,within_Cn_target_quantile_isomer_80_20_seed42,ff9e14d55bd89c537eae826a0d45ad2c300a95a1b84162d89315f96e276a8ac1
Fermi_E,main_and_supplementary,Q_-1,138,44,-1,train,42,within_Cn_target_quantile_isomer_80_20_seed42,ff9e14d55bd89c537eae826a0d45ad2c300a95a1b84162d89315f96e276a8ac1
Fermi_E,main_and_supplementary,Q_-1,139,44,-1,train,42,within_Cn_target_quantile_isomer_80_20_seed42,ff9e14d55bd89c537eae826a0d45ad2c300a95a1b84162d89315f96e276a8ac1
Fermi_E,main_and_supplementary,Q_-1,140,44,-1,train,42,within_Cn_target_quantile_isomer_80_20_seed42,ff9e14d55bd89c537eae826a0d45ad2c300a95a1b84162d89315f96e276a8ac1
Fermi_E,main_and_supplementary,Q_-1,141,44,-1,train,42,within_Cn_target_quantile_isomer_80_20_seed42,ff9e14d55bd89c537eae826a0d45ad2c300a95a1b84162d89315f96e276a8ac1
Fermi_E,main_and_supplementary,Q_-1,143,44,-1,train,42,within_Cn_target_quantile_isomer_80_20_seed42,ff9e14d55bd89c537eae826a0d45ad2c300a95a1b84162d89315f96e276a8ac1
Fermi_E,main_and_supplementary,Q_-1,144,44,-1,train,42,within_Cn_target_quantile_isomer_80_20_seed42,ff9e14d55bd89c537eae826a0d45ad2c300a95a1b84162d89315f96e276a8ac1
Fermi_E,main_and_supplementary,Q_-1,145,44,-1,train,42,within_Cn_target_quantile_isomer_80_20_seed42,ff9e14d55bd89c537eae826a0d45ad2c300a95a1b84162d89315f96e276a8ac1
Fermi_E,main_and_supplementary,Q_-1,146,44,-1,train,42,within_Cn_target_quantile_isomer_80_20_seed42,ff9e14d55bd89c537eae826a0d45ad2c300a95a1b84162d89315f96e276a8ac1
Fermi_E,main_and_supplementary,Q_-1,147,44,-1,train,42,within_Cn_target_quantile_isomer_80_20_seed42,ff9e14d55bd89c537eae826a0d45ad2c300a95a1b84162d89315f96e276a8ac1
Fermi_E,main_and_supplementary,Q_-1,148,44,-1,train,42,within_Cn_target_quantile_isomer_80_20_seed42,ff9e14d55bd89c537eae826a0d45ad2c300a95a1b84162d89315f96e276a8ac1
Fermi_E,main_and_supplementary,Q_-1,149,44,-1,train,42,within_Cn_target_quantile_isomer_80_20_seed42,ff9e14d55bd89c537eae826a0d45ad2c300a95a1b84162d89315f96e276a8ac1
Fermi_E,main_and_supplementary,Q_-1,151,44,-1,train,42,within_Cn_target_quantile_isomer_80_20_seed42,ff9e14d55bd89c537eae826a0d45ad2c300a95a1b84162d89315f96e276a8ac1
Fermi_E,main_and_supplementary,Q_-1,152,44,-1,train,42,within_Cn_target_quantile_isomer_80_20_seed42,ff9e14d55bd89c537eae826a0d45ad2c300a95a1b84162d89315f96e276a8ac1
Fermi_E,main_and_supplementary,Q_-1,153,44,-1,train,42,within_Cn_target_quantile_isomer_80_20_seed42,ff9e14d55bd89c537eae826a0d45ad2c300a95a1b84162d89315f96e276a8ac1
Fermi_E,main_and_supplementary,Q_-1,155,44,-1,train,42,within_Cn_target_quantile_isomer_80_20_seed42,ff9e14d55bd89c537eae826a0d45ad2c300a95a1b84162d89315f96e276a8ac1
Fermi_E,main_and_supplementary,Q_-1,156,44,-1,train,42,within_Cn_target_quantile_isomer_80_20_seed42,ff9e14d55bd89c537eae826a0d45ad2c300a95a1b84162d89315f96e276a8ac1
Fermi_E,main_and_supplementary,Q_-1,159,44,-1,train,42,within_Cn_target_quantile_isomer_80_20_seed42,ff9e14d55bd89c537eae826a0d45ad2c300a95a1b84162d89315f96e276a8ac1
Fermi_E,main_and_supplementary,Q_-1,160,44,-1,train,42,within_Cn_target_quantile_isomer_80_20_seed42,ff9e14d55bd89c537eae826a0d45ad2c300a95a1b84162d89315f96e276a8ac1
Fermi_E,main_and_supplementary,Q_-1,162,44,-1,train,42,within_Cn_target_quantile_isomer_80_20_seed42,ff9e14d55bd89c537eae826a0d45ad2c300a95a1b84162d89315f96e276a8ac1
Fermi_E,main_and_supplementary,Q_-1,163,44,-1,train,42,within_Cn_target_quantile_isomer_80_20_seed42,ff9e14d55bd89c537eae826a0d45ad2c300a95a1b84162d89315f96e276a8ac1
Fermi_E,main_and_supplementary,Q_-1,165,44,-1,train,42,within_Cn_target_quantile_isomer_80_20_seed42,ff9e14d55bd89c537eae826a0d45ad2c300a95a1b84162d89315f96e276a8ac1
Fermi_E,main_and_supplementary,Q_-1,166,44,-1,train,42,within_Cn_target_quantile_isomer_80_20_seed42,ff9e14d55bd89c537eae826a0d45ad2c300a95a1b84162d89315f96e276a8ac1
Fermi_E,main_and_supplementary,Q_-1,167,44,-1,train,42,within_Cn_target_quantile_isomer_80_20_seed42,ff9e14d55bd89c537eae826a0d45ad2c300a95a1b84162d89315f96e276a8ac1
Fermi_E,main_and_supplementary,Q_-1,168,44,-1,train,42,within_Cn_target_quantile_isomer_80_20_seed42,ff9e14d55bd89c537eae826a0d45ad2c300a95a1b84162d89315f96e276a8ac1
Fermi_E,main_and_supplementary,Q_-1,170,44,-1,train,42,within_Cn_target_quantile_isomer_80_20_seed42,ff9e14d55bd89c537eae826a0d45ad2c300a95a1b84162d89315f96e276a8ac1
Fermi_E,main_and_supplementary,Q_-1,171,44,-1,train,42,within_Cn_target_quantile_isomer_80_20_seed42,ff9e14d55bd89c537eae826a0d45ad2c300a95a1b84162d89315f96e276a8ac1
Fermi_E,main_and_supplementary,Q_-1,173,44,-1,train,42,within_Cn_target_quantile_isomer_80_20_seed42,ff9e14d55bd89c537eae826a0d45ad2c300a95a1b84162d89315f96e276a8ac1
Fermi_E,main_and_supplementary,Q_-1,174,44,-1,train,42,within_Cn_target_quantile_isomer_80_20_seed42,ff9e14d55bd89c537eae826a0d45ad2c300a95a1b84162d89315f96e276a8ac1
Fermi_E,main_and_supplementary,Q_-1,175,44,-1,train,42,within_Cn_target_quantile_isomer_80_20_seed42,ff9e14d55bd89c537eae826a0d45ad2c300a95a1b84162d89315f96e276a8ac1
Fermi_E,main_and_supplementary,Q_-1,176,44,-1,train,42,within_Cn_target_quantile_isomer_80_20_seed42,ff9e14d55bd89c537eae826a0d45ad2c300a95a1b84162d89315f96e276a8ac1
Fermi_E,main_and_supplementary,Q_-1,179,44,-1,train,42,within_Cn_target_quantile_isomer_80_20_seed42,ff9e14d55bd89c537eae826a0d45ad2c300a95a1b84162d89315f96e276a8ac1
Fermi_E,main_and_supplementary,Q_-1,180,44,-1,train,42,within_Cn_target_quantile_isomer_80_20_seed42,ff9e14d55bd89c537eae826a0d45ad2c300a95a1b84162d89315f96e276a8ac1
Fermi_E,main_and_supplementary,Q_-1,182,44,-1,train,42,within_Cn_target_quantile_isomer_80_20_seed42,ff9e14d55bd89c537eae826a0d45ad2c300a95a1b84162d89315f96e276a8ac1
Fermi_E,main_and_supplementary,Q_-1,183,44,-1,train,42,within_Cn_target_quantile_isomer_80_20_seed42,ff9e14d55bd89c537eae826a0d45ad2c300a95a1b84162d89315f96e276a8ac1
Fermi_E,main_and_supplementary,Q_-1,184,44,-1,train,42,within_Cn_target_quantile_isomer_80_20_seed42,ff9e14d55bd89c537eae826a0d45ad2c300a95a1b84162d89315f96e276a8ac1
Fermi_E,main_and_supplementary,Q_-1,185,44,-1,train,42,within_Cn_target_quantile_isomer_80_20_seed42,ff9e14d55bd89c537eae826a0d45ad2c300a95a1b84162d89315f96e276a8ac1
Fermi_E,main_and_supplementary,Q_-1,188,44,-1,train,42,within_Cn_target_quantile_isomer_80_20_seed42,ff9e14d55bd89c537eae826a0d45ad2c300a95a1b84162d89315f96e276a8ac1
Fermi_E,main_and_supplementary,Q_-1,189,44,-1,train,42,within_Cn_target_quantile_isomer_80_20_seed42,ff9e14d55bd89c537eae826a0d45ad2c300a95a1b84162d89315f96e276a8ac1
Fermi_E,main_and_supplementary,Q_-1,191,44,-1,train,42,within_Cn_target_quantile_isomer_80_20_seed42,ff9e14d55bd89c537eae826a0d45ad2c300a95a1b84162d89315f96e276a8ac1
Fermi_E,main_and_supplementary,Q_-1,192,44,-1,train,42,within_Cn_target_quantile_isomer_80_20_seed42,ff9e14d55bd89c537eae826a0d45ad2c300a95a1b84162d89315f96e276a8ac1
Fermi_E,main_and_supplementary,Q_-1,194,44,-1,train,42,within_Cn_target_quantile_isomer_80_20_seed42,ff9e14d55bd89c537eae826a0d45ad2c300a95a1b84162d89315f96e276a8ac1
Fermi_E,main_and_supplementary,Q_-1,195,44,-1,train,42,within_Cn_target_quantile_isomer_80_20_seed42,ff9e14d55bd89c537eae826a0d45ad2c300a95a1b84162d89315f96e276a8ac1
Fermi_E,main_and_supplementary,Q_-1,196,44,-1,train,42,within_Cn_target_quantile_isomer_80_20_seed42,ff9e14d55bd89c537eae826a0d45ad2c300a95a1b84162d89315f96e276a8ac1
Fermi_E,main_and_supplementary,Q_-1,198,44,-1,train,42,within_Cn_target_quantile_isomer_80_20_seed42,ff9e14d55bd89c537eae826a0d45ad2c300a95a1b84162d89315f96e276a8ac1
Fermi_E,main_and_supplementary,Q_-1,199,44,-1,train,42,within_Cn_target_quantile_isomer_80_20_seed42,ff9e14d55bd89c537eae826a0d45ad2c300a95a1b84162d89315f96e276a8ac1
Fermi_E,main_and_supplementary,Q_-1,200,44,-1,train,42,within_Cn_target_quantile_isomer_80_20_seed42,ff9e14d55bd89c537eae826a0d45ad2c300a95a1b84162d89315f96e276a8ac1
Fermi_E,main_and_supplementary,Q_-1,201,44,-1,train,42,within_Cn_target_quantile_isomer_80_20_seed42,ff9e14d55bd89c537eae826a0d45ad2c300a95a1b84162d89315f96e276a8ac1
Fermi_E,main_and_supplementary,Q_-1,202,44,-1,train,42,within_Cn_target_quantile_isomer_80_20_seed42,ff9e14d55bd89c537eae826a0d45ad2c300a95a1b84162d89315f96e276a8ac1
Fermi_E,main_and_supplementary,Q_-1,203,44,-1,train,42,within_Cn_target_quantile_isomer_80_20_seed42,ff9e14d55bd89c537eae826a0d45ad2c300a95a1b84162d89315f96e276a8ac1
Fermi_E,main_and_supplementary,Q_-1,205,44,-1,train,42,within_Cn_target_quantile_isomer_80_20_seed42,ff9e14d55bd89c537eae826a0d45ad2c300a95a1b84162d89315f96e276a8ac1
Fermi_E,main_and_supplementary,Q_-1,206,44,-1,train,42,within_Cn_target_quantile_isomer_80_20_seed42,ff9e14d55bd89c537eae826a0d45ad2c300a95a1b84162d89315f96e276a8ac1
Fermi_E,main_and_supplementary,Q_-1,208,44,-1,train,42,within_Cn_target_quantile_isomer_80_20_seed42,ff9e14d55bd89c537eae826a0d45ad2c300a95a1b84162d89315f96e276a8ac1
Fermi_E,main_and_supplementary,Q_-1,209,44,-1,train,42,within_Cn_target_quantile_isomer_80_20_seed42,ff9e14d55bd89c537eae826a0d45ad2c300a95a1b84162d89315f96e276a8ac1
Fermi_E,main_and_supplementary,Q_-1,210,44,-1,train,42,within_Cn_target_quantile_isomer_80_20_seed42,ff9e14d55bd89c537eae826a0d45ad2c300a95a1b84162d89315f96e276a8ac1
Fermi_E,main_and_supplementary,Q_-1,211,44,-1,train,42,within_Cn_target_quantile_isomer_80_20_seed42,ff9e14d55bd89c537eae826a0d45ad2c300a95a1b84162d89315f96e276a8ac1
Fermi_E,main_and_supplementary,Q_-1,212,44,-1,train,42,within_Cn_target_quantile_isomer_80_20_seed42,ff9e14d55bd89c537eae826a0d45ad2c300a95a1b84162d89315f96e276a8ac1
Fermi_E,main_and_supplementary,Q_-1,213,44,-1,train,42,within_Cn_target_quantile_isomer_80_20_seed42,ff9e14d55bd89c537eae826a0d45ad2c300a95a1b84162d89315f96e276a8ac1
Fermi_E,main_and_supplementary,Q_-1,214,44,-1,train,42,within_Cn_target_quantile_isomer_80_20_seed42,ff9e14d55bd89c537eae826a0d45ad2c300a95a1b84162d89315f96e276a8ac1
Fermi_E,main_and_supplementary,Q_-1,215,44,-1,train,42,within_Cn_target_quantile_isomer_80_20_seed42,ff9e14d55bd89c537eae826a0d45ad2c300a95a1b84162d89315f96e276a8ac1
Fermi_E,main_and_supplementary,Q_-1,216,44,-1,train,42,within_Cn_target_quantile_isomer_80_20_seed42,ff9e14d55bd89c537eae826a0d45ad2c300a95a1b84162d89315f96e276a8ac1
Fermi_E,main_and_supplementary,Q_-1,217,44,-1,train,42,within_Cn_target_quantile_isomer_80_20_seed42,ff9e14d55bd89c537eae826a0d45ad2c300a95a1b84162d89315f96e276a8ac1
Fermi_E,main_and_supplementary,Q_-1,218,44,-1,train,42,within_Cn_target_quantile_isomer_80_20_seed42,ff9e14d55bd89c537eae826a0d45ad2c300a95a1b84162d89315f96e276a8ac1
Fermi_E,main_and_supplementary,Q_-1,219,44,-1,train,42,within_Cn_target_quantile_isomer_80_20_seed42,ff9e14d55bd89c537eae826a0d45ad2c300a95a1b84162d89315f96e276a8ac1
Fermi_E,main_and_supplementary,Q_-1,220,44,-1,train,42,within_Cn_target_quantile_isomer_80_20_seed42,ff9e14d55bd89c537eae826a0d45ad2c300a95a1b84162d89315f96e276a8ac1
Fermi_E,main_and_supplementary,Q_-1,221,44,-1,train,42,within_Cn_target_quantile_isomer_80_20_seed42,ff9e14d55bd89c537eae826a0d45ad2c300a95a1b84162d89315f96e276a8ac1
Fermi_E,main_and_supplementary,Q_-1,222,44,-1,train,42,within_Cn_target_quantile_isomer_80_20_seed42,ff9e14d55bd89c537eae826a0d45ad2c300a95a1b84162d89315f96e276a8ac1
Fermi_E,main_and_supplementary,Q_-1,223,44,-1,train,42,within_Cn_target_quantile_isomer_80_20_seed42,ff9e14d55bd89c537eae826a0d45ad2c300a95a1b84162d89315f96e276a8ac1
Fermi_E,main_and_supplementary,Q_-1,224,44,-1,train,42,within_Cn_target_quantile_isomer_80_20_seed42,ff9e14d55bd89c537eae826a0d45ad2c300a95a1b84162d89315f96e276a8ac1
Fermi_E,main_and_supplementary,Q_-1,225,44,-1,train,42,within_Cn_target_quantile_isomer_80_20_seed42,ff9e14d55bd89c537eae826a0d45ad2c300a95a1b84162d89315f96e276a8ac1
Fermi_E,main_and_supplementary,Q_-1,226,44,-1,train,42,within_Cn_target_quantile_isomer_80_20_seed42,ff9e14d55bd89c537eae826a0d45ad2c300a95a1b84162d89315f96e276a8ac1
Fermi_E,main_and_supplementary,Q_-1,228,46,-1,train,42,within_Cn_target_quantile_isomer_80_20_seed42,ff9e14d55bd89c537eae826a0d45ad2c300a95a1b84162d89315f96e276a8ac1
Fermi_E,main_and_supplementary,Q_-1,229,46,-1,train,42,within_Cn_target_quantile_isomer_80_20_seed42,ff9e14d55bd89c537eae826a0d45ad2c300a95a1b84162d89315f96e276a8ac1
Fermi_E,main_and_supplementary,Q_-1,231,46,-1,train,42,within_Cn_target_quantile_isomer_80_20_seed42,ff9e14d55bd89c537eae826a0d45ad2c300a95a1b84162d89315f96e276a8ac1
Fermi_E,main_and_supplementary,Q_-1,232,46,-1,train,42,within_Cn_target_quantile_isomer_80_20_seed42,ff9e14d55bd89c537eae826a0d45ad2c300a95a1b84162d89315f96e276a8ac1
Fermi_E,main_and_supplementary,Q_-1,233,46,-1,train,42,within_Cn_target_quantile_isomer_80_20_seed42,ff9e14d55bd89c537eae826a0d45ad2c300a95a1b84162d89315f96e276a8ac1
Fermi_E,main_and_supplementary,Q_-1,234,46,-1,train,42,within_Cn_target_quantile_isomer_80_20_seed42,ff9e14d55bd89c537eae826a0d45ad2c300a95a1b84162d89315f96e276a8ac1
Fermi_E,main_and_supplementary,Q_-1,235,46,-1,train,42,within_Cn_target_quantile_isomer_80_20_seed42,ff9e14d55bd89c537eae826a0d45ad2c300a95a1b84162d89315f96e276a8ac1
Fermi_E,main_and_supplementary,Q_-1,236,46,-1,train,42,within_Cn_target_quantile_isomer_80_20_seed42,ff9e14d55bd89c537eae826a0d45ad2c300a95a1b84162d89315f96e276a8ac1
Fermi_E,main_and_supplementary,Q_-1,238,46,-1,train,42,within_Cn_target_quantile_isomer_80_20_seed42,ff9e14d55bd89c537eae826a0d45ad2c300a95a1b84162d89315f96e276a8ac1
Fermi_E,main_and_supplementary,Q_-1,240,46,-1,train,42,within_Cn_target_quantile_isomer_80_20_seed42,ff9e14d55bd89c537eae826a0d45ad2c300a95a1b84162d89315f96e276a8ac1
Fermi_E,main_and_supplementary,Q_-1,242,46,-1,train,42,within_Cn_target_quantile_isomer_80_20_seed42,ff9e14d55bd89c537eae826a0d45ad2c300a95a1b84162d89315f96e276a8ac1
Fermi_E,main_and_supplementary,Q_-1,243,46,-1,train,42,within_Cn_target_quantile_isomer_80_20_seed42,ff9e14d55bd89c537eae826a0d45ad2c300a95a1b84162d89315f96e276a8ac1
Fermi_E,main_and_supplementary,Q_-1,244,46,-1,train,42,within_Cn_target_quantile_isomer_80_20_seed42,ff9e14d55bd89c537eae826a0d45ad2c300a95a1b84162d89315f96e276a8ac1
Fermi_E,main_and_supplementary,Q_-1,245,46,-1,train,42,within_Cn_target_quantile_isomer_80_20_seed42,ff9e14d55bd89c537eae826a0d45ad2c300a95a1b84162d89315f96e276a8ac1
Fermi_E,main_and_supplementary,Q_-1,246,46,-1,train,42,within_Cn_target_quantile_isomer_80_20_seed42,ff9e14d55bd89c537eae826a0d45ad2c300a95a1b84162d89315f96e276a8ac1
Fermi_E,main_and_supplementary,Q_-1,248,46,-1,train,42,within_Cn_target_quantile_isomer_80_20_seed42,ff9e14d55bd89c537eae826a0d45ad2c300a95a1b84162d89315f96e276a8ac1
Fermi_E,main_and_supplementary,Q_-1,249,46,-1,train,42,within_Cn_target_quantile_isomer_80_20_seed42,ff9e14d55bd89c537eae826a0d45ad2c300a95a1b84162d89315f96e276a8ac1
Fermi_E,main_and_supplementary,Q_-1,251,46,-1,train,42,within_Cn_target_quantile_isomer_80_20_seed42,ff9e14d55bd89c537eae826a0d45ad2c300a95a1b84162d89315f96e276a8ac1
Fermi_E,main_and_supplementary,Q_-1,252,46,-1,train,42,within_Cn_target_quantile_isomer_80_20_seed42,ff9e14d55bd89c537eae826a0d45ad2c300a95a1b84162d89315f96e276a8ac1
Fermi_E,main_and_supplementary,Q_-1,254,46,-1,train,42,within_Cn_target_quantile_isomer_80_20_seed42,ff9e14d55bd89c537eae826a0d45ad2c300a95a1b84162d89315f96e276a8ac1
Fermi_E,main_and_supplementary,Q_-1,255,46,-1,train,42,within_Cn_target_quantile_isomer_80_20_seed42,ff9e14d55bd89c537eae826a0d45ad2c300a95a1b84162d89315f96e276a8ac1
Fermi_E,main_and_supplementary,Q_-1,256,46,-1,train,42,within_Cn_target_quantile_isomer_80_20_seed42,ff9e14d55bd89c537eae826a0d45ad2c300a95a1b84162d89315f96e276a8ac1
Fermi_E,main_and_supplementary,Q_-1,257,46,-1,train,42,within_Cn_target_quantile_isomer_80_20_seed42,ff9e14d55bd89c537eae826a0d45ad2c300a95a1b84162d89315f96e276a8ac1
Fermi_E,main_and_supplementary,Q_-1,259,46,-1,train,42,within_Cn_target_quantile_isomer_80_20_seed42,ff9e14d55bd89c537eae826a0d45ad2c300a95a1b84162d89315f96e276a8ac1
Fermi_E,main_and_supplementary,Q_-1,260,46,-1,train,42,within_Cn_target_quantile_isomer_80_20_seed42,ff9e14d55bd89c537eae826a0d45ad2c300a95a1b84162d89315f96e276a8ac1
Fermi_E,main_and_supplementary,Q_-1,263,46,-1,train,42,within_Cn_target_quantile_isomer_80_20_seed42,ff9e14d55bd89c537eae826a0d45ad2c300a95a1b84162d89315f96e276a8ac1
Fermi_E,main_and_supplementary,Q_-1,264,46,-1,train,42,within_Cn_target_quantile_isomer_80_20_seed42,ff9e14d55bd89c537eae826a0d45ad2c300a95a1b84162d89315f96e276a8ac1
Fermi_E,main_and_supplementary,Q_-1,265,46,-1,train,42,within_Cn_target_quantile_isomer_80_20_seed42,ff9e14d55bd89c537eae826a0d45ad2c300a95a1b84162d89315f96e276a8ac1
Fermi_E,main_and_supplementary,Q_-1,266,46,-1,train,42,within_Cn_target_quantile_isomer_80_20_seed42,ff9e14d55bd89c537eae826a0d45ad2c300a95a1b84162d89315f96e276a8ac1
Fermi_E,main_and_supplementary,Q_-1,267,46,-1,train,42,within_Cn_target_quantile_isomer_80_20_seed42,ff9e14d55bd89c537eae826a0d45ad2c300a95a1b84162d89315f96e276a8ac1
Fermi_E,main_and_supplementary,Q_-1,268,46,-1,train,42,within_Cn_target_quantile_isomer_80_20_seed42,ff9e14d55bd89c537eae826a0d45ad2c300a95a1b84162d89315f96e276a8ac1
Fermi_E,main_and_supplementary,Q_-1,269,46,-1,train,42,within_Cn_target_quantile_isomer_80_20_seed42,ff9e14d55bd89c537eae826a0d45ad2c300a95a1b84162d89315f96e276a8ac1
Fermi_E,main_and_supplementary,Q_-1,271,46,-1,train,42,within_Cn_target_quantile_isomer_80_20_seed42,ff9e14d55bd89c537eae826a0d45ad2c300a95a1b84162d89315f96e276a8ac1
Fermi_E,main_and_supplementary,Q_-1,272,46,-1,train,42,within_Cn_target_quantile_isomer_80_20_seed42,ff9e14d55bd89c537eae826a0d45ad2c300a95a1b84162d89315f96e276a8ac1
Fermi_E,main_and_supplementary,Q_-1,273,46,-1,train,42,within_Cn_target_quantile_isomer_80_20_seed42,ff9e14d55bd89c537eae826a0d45ad2c300a95a1b84162d89315f96e276a8ac1
Fermi_E,main_and_supplementary,Q_-1,274,46,-1,train,42,within_Cn_target_quantile_isomer_80_20_seed42,ff9e14d55bd89c537eae826a0d45ad2c300a95a1b84162d89315f96e276a8ac1
Fermi_E,main_and_supplementary,Q_-1,275,46,-1,train,42,within_Cn_target_quantile_isomer_80_20_seed42,ff9e14d55bd89c537eae826a0d45ad2c300a95a1b84162d89315f96e276a8ac1
Fermi_E,main_and_supplementary,Q_-1,276,46,-1,train,42,within_Cn_target_quantile_isomer_80_20_seed42,ff9e14d55bd89c537eae826a0d45ad2c300a95a1b84162d89315f96e276a8ac1
Fermi_E,main_and_supplementary,Q_-1,277,46,-1,train,42,within_Cn_target_quantile_isomer_80_20_seed42,ff9e14d55bd89c537eae826a0d45ad2c300a95a1b84162d89315f96e276a8ac1
Fermi_E,main_and_supplementary,Q_-1,278,46,-1,train,42,within_Cn_target_quantile_isomer_80_20_seed42,ff9e14d55bd89c537eae826a0d45ad2c300a95a1b84162d89315f96e276a8ac1
Fermi_E,main_and_supplementary,Q_-1,279,46,-1,train,42,within_Cn_target_quantile_isomer_80_20_seed42,ff9e14d55bd89c537eae826a0d45ad2c300a95a1b84162d89315f96e276a8ac1
Fermi_E,main_and_supplementary,Q_-1,280,46,-1,train,42,within_Cn_target_quantile_isomer_80_20_seed42,ff9e14d55bd89c537eae826a0d45ad2c300a95a1b84162d89315f96e276a8ac1
Fermi_E,main_and_supplementary,Q_-1,281,46,-1,train,42,within_Cn_target_quantile_isomer_80_20_seed42,ff9e14d55bd89c537eae826a0d45ad2c300a95a1b84162d89315f96e276a8ac1
Fermi_E,main_and_supplementary,Q_-1,282,46,-1,train,42,within_Cn_target_quantile_isomer_80_20_seed42,ff9e14d55bd89c537eae826a0d45ad2c300a95a1b84162d89315f96e276a8ac1
Fermi_E,main_and_supplementary,Q_-1,283,46,-1,train,42,within_Cn_target_quantile_isomer_80_20_seed42,ff9e14d55bd89c537eae826a0d45ad2c300a95a1b84162d89315f96e276a8ac1
Fermi_E,main_and_supplementary,Q_-1,285,46,-1,train,42,within_Cn_target_quantile_isomer_80_20_seed42,ff9e14d55bd89c537eae826a0d45ad2c300a95a1b84162d89315f96e276a8ac1
Fermi_E,main_and_supplementary,Q_-1,286,46,-1,train,42,within_Cn_target_quantile_isomer_80_20_seed42,ff9e14d55bd89c537eae826a0d45ad2c300a95a1b84162d89315f96e276a8ac1
Fermi_E,main_and_supplementary,Q_-1,288,46,-1,train,42,within_Cn_target_quantile_isomer_80_20_seed42,ff9e14d55bd89c537eae826a0d45ad2c300a95a1b84162d89315f96e276a8ac1
Fermi_E,main_and_supplementary,Q_-1,289,46,-1,train,42,within_Cn_target_quantile_isomer_80_20_seed42,ff9e14d55bd89c537eae826a0d45ad2c300a95a1b84162d89315f96e276a8ac1
Fermi_E,main_and_supplementary,Q_-1,290,46,-1,train,42,within_Cn_target_quantile_isomer_80_20_seed42,ff9e14d55bd89c537eae826a0d45ad2c300a95a1b84162d89315f96e276a8ac1
Fermi_E,main_and_supplementary,Q_-1,291,46,-1,train,42,within_Cn_target_quantile_isomer_80_20_seed42,ff9e14d55bd89c537eae826a0d45ad2c300a95a1b84162d89315f96e276a8ac1
Fermi_E,main_and_supplementary,Q_-1,292,46,-1,train,42,within_Cn_target_quantile_isomer_80_20_seed42,ff9e14d55bd89c537eae826a0d45ad2c300a95a1b84162d89315f96e276a8ac1
Fermi_E,main_and_supplementary,Q_-1,293,46,-1,train,42,within_Cn_target_quantile_isomer_80_20_seed42,ff9e14d55bd89c537eae826a0d45ad2c300a95a1b84162d89315f96e276a8ac1
Fermi_E,main_and_supplementary,Q_-1,294,46,-1,train,42,within_Cn_target_quantile_isomer_80_20_seed42,ff9e14d55bd89c537eae826a0d45ad2c300a95a1b84162d89315f96e276a8ac1
Fermi_E,main_and_supplementary,Q_-1,295,46,-1,train,42,within_Cn_target_quantile_isomer_80_20_seed42,ff9e14d55bd89c537eae826a0d45ad2c300a95a1b84162d89315f96e276a8ac1
Fermi_E,main_and_supplementary,Q_-1,296,46,-1,train,42,within_Cn_target_quantile_isomer_80_20_seed42,ff9e14d55bd89c537eae826a0d45ad2c300a95a1b84162d89315f96e276a8ac1
Fermi_E,main_and_supplementary,Q_-1,297,46,-1,train,42,within_Cn_target_quantile_isomer_80_20_seed42,ff9e14d55bd89c537eae826a0d45ad2c300a95a1b84162d89315f96e276a8ac1
Fermi_E,main_and_supplementary,Q_-1,298,46,-1,train,42,within_Cn_target_quantile_isomer_80_20_seed42,ff9e14d55bd89c537eae826a0d45ad2c300a95a1b84162d89315f96e276a8ac1
Fermi_E,main_and_supplementary,Q_-1,299,46,-1,train,42,within_Cn_target_quantile_isomer_80_20_seed42,ff9e14d55bd89c537eae826a0d45ad2c300a95a1b84162d89315f96e276a8ac1
Fermi_E,main_and_supplementary,Q_-1,300,46,-1,train,42,within_Cn_target_quantile_isomer_80_20_seed42,ff9e14d55bd89c537eae826a0d45ad2c300a95a1b84162d89315f96e276a8ac1
Fermi_E,main_and_supplementary,Q_-1,301,46,-1,train,42,within_Cn_target_quantile_isomer_80_20_seed42,ff9e14d55bd89c537eae826a0d45ad2c300a95a1b84162d89315f96e276a8ac1
Fermi_E,main_and_supplementary,Q_-1,302,46,-1,train,42,within_Cn_target_quantile_isomer_80_20_seed42,ff9e14d55bd89c537eae826a0d45ad2c300a95a1b84162d89315f96e276a8ac1
Fermi_E,main_and_supplementary,Q_-1,304,46,-1,train,42,within_Cn_target_quantile_isomer_80_20_seed42,ff9e14d55bd89c537eae826a0d45ad2c300a95a1b84162d89315f96e276a8ac1
Fermi_E,main_and_supplementary,Q_-1,305,46,-1,train,42,within_Cn_target_quantile_isomer_80_20_seed42,ff9e14d55bd89c537eae826a0d45ad2c300a95a1b84162d89315f96e276a8ac1
Fermi_E,main_and_supplementary,Q_-1,306,46,-1,train,42,within_Cn_target_quantile_isomer_80_20_seed42,ff9e14d55bd89c537eae826a0d45ad2c300a95a1b84162d89315f96e276a8ac1
Fermi_E,main_and_supplementary,Q_-1,307,46,-1,train,42,within_Cn_target_quantile_isomer_80_20_seed42,ff9e14d55bd89c537eae826a0d45ad2c300a95a1b84162d89315f96e276a8ac1
Fermi_E,main_and_supplementary,Q_-1,308,46,-1,train,42,within_Cn_target_quantile_isomer_80_20_seed42,ff9e14d55bd89c537eae826a0d45ad2c300a95a1b84162d89315f96e276a8ac1
Fermi_E,main_and_supplementary,Q_-1,309,46,-1,train,42,within_Cn_target_quantile_isomer_80_20_seed42,ff9e14d55bd89c537eae826a0d45ad2c300a95a1b84162d89315f96e276a8ac1
Fermi_E,main_and_supplementary,Q_-1,310,46,-1,train,42,within_Cn_target_quantile_isomer_80_20_seed42,ff9e14d55bd89c537eae826a0d45ad2c300a95a1b84162d89315f96e276a8ac1
Fermi_E,main_and_supplementary,Q_-1,311,46,-1,train,42,within_Cn_target_quantile_isomer_80_20_seed42,ff9e14d55bd89c537eae826a0d45ad2c300a95a1b84162d89315f96e276a8ac1
Fermi_E,main_and_supplementary,Q_-1,313,46,-1,train,42,within_Cn_target_quantile_isomer_80_20_seed42,ff9e14d55bd89c537eae826a0d45ad2c300a95a1b84162d89315f96e276a8ac1
Fermi_E,main_and_supplementary,Q_-1,314,46,-1,train,42,within_Cn_target_quantile_isomer_80_20_seed42,ff9e14d55bd89c537eae826a0d45ad2c300a95a1b84162d89315f96e276a8ac1
Fermi_E,main_and_supplementary,Q_-1,315,46,-1,train,42,within_Cn_target_quantile_isomer_80_20_seed42,ff9e14d55bd89c537eae826a0d45ad2c300a95a1b84162d89315f96e276a8ac1
Fermi_E,main_and_supplementary,Q_-1,316,46,-1,train,42,within_Cn_target_quantile_isomer_80_20_seed42,ff9e14d55bd89c537eae826a0d45ad2c300a95a1b84162d89315f96e276a8ac1
Fermi_E,main_and_supplementary,Q_-1,319,46,-1,train,42,within_Cn_target_quantile_isomer_80_20_seed42,ff9e14d55bd89c537eae826a0d45ad2c300a95a1b84162d89315f96e276a8ac1
Fermi_E,main_and_supplementary,Q_-1,320,46,-1,train,42,within_Cn_target_quantile_isomer_80_20_seed42,ff9e14d55bd89c537eae826a0d45ad2c300a95a1b84162d89315f96e276a8ac1
Fermi_E,main_and_supplementary,Q_-1,321,46,-1,train,42,within_Cn_target_quantile_isomer_80_20_seed42,ff9e14d55bd89c537eae826a0d45ad2c300a95a1b84162d89315f96e276a8ac1
Fermi_E,main_and_supplementary,Q_-1,323,46,-1,train,42,within_Cn_target_quantile_isomer_80_20_seed42,ff9e14d55bd89c537eae826a0d45ad2c300a95a1b84162d89315f96e276a8ac1
Fermi_E,main_and_supplementary,Q_-1,324,46,-1,train,42,within_Cn_target_quantile_isomer_80_20_seed42,ff9e14d55bd89c537eae826a0d45ad2c300a95a1b84162d89315f96e276a8ac1
Fermi_E,main_and_supplementary,Q_-1,326,46,-1,train,42,within_Cn_target_quantile_isomer_80_20_seed42,ff9e14d55bd89c537eae826a0d45ad2c300a95a1b84162d89315f96e276a8ac1
Fermi_E,main_and_supplementary,Q_-1,327,46,-1,train,42,within_Cn_target_quantile_isomer_80_20_seed42,ff9e14d55bd89c537eae826a0d45ad2c300a95a1b84162d89315f96e276a8ac1
Fermi_E,main_and_supplementary,Q_-1,328,46,-1,train,42,within_Cn_target_quantile_isomer_80_20_seed42,ff9e14d55bd89c537eae826a0d45ad2c300a95a1b84162d89315f96e276a8ac1
Fermi_E,main_and_supplementary,Q_-1,330,46,-1,train,42,within_Cn_target_quantile_isomer_80_20_seed42,ff9e14d55bd89c537eae826a0d45ad2c300a95a1b84162d89315f96e276a8ac1
Fermi_E,main_and_supplementary,Q_-1,333,46,-1,train,42,within_Cn_target_quantile_isomer_80_20_seed42,ff9e14d55bd89c537eae826a0d45ad2c300a95a1b84162d89315f96e276a8ac1
Fermi_E,main_and_supplementary,Q_-1,334,46,-1,train,42,within_Cn_target_quantile_isomer_80_20_seed42,ff9e14d55bd89c537eae826a0d45ad2c300a95a1b84162d89315f96e276a8ac1
Fermi_E,main_and_supplementary,Q_-1,335,46,-1,train,42,within_Cn_target_quantile_isomer_80_20_seed42,ff9e14d55bd89c537eae826a0d45ad2c300a95a1b84162d89315f96e276a8ac1
Fermi_E,main_and_supplementary,Q_-1,337,46,-1,train,42,within_Cn_target_quantile_isomer_80_20_seed42,ff9e14d55bd89c537eae826a0d45ad2c300a95a1b84162d89315f96e276a8ac1
Fermi_E,main_and_supplementary,Q_-1,339,46,-1,train,42,within_Cn_target_quantile_isomer_80_20_seed42,ff9e14d55bd89c537eae826a0d45ad2c300a95a1b84162d89315f96e276a8ac1
Fermi_E,main_and_supplementary,Q_-1,340,46,-1,train,42,within_Cn_target_quantile_isomer_80_20_seed42,ff9e14d55bd89c537eae826a0d45ad2c300a95a1b84162d89315f96e276a8ac1
Fermi_E,main_and_supplementary,Q_-1,341,46,-1,train,42,within_Cn_target_quantile_isomer_80_20_seed42,ff9e14d55bd89c537eae826a0d45ad2c300a95a1b84162d89315f96e276a8ac1
Fermi_E,main_and_supplementary,Q_-1,342,46,-1,train,42,within_Cn_target_quantile_isomer_80_20_seed42,ff9e14d55bd89c537eae826a0d45ad2c300a95a1b84162d89315f96e276a8ac1
Fermi_E,main_and_supplementary,Q_-1,343,48,-1,train,42,within_Cn_target_quantile_isomer_80_20_seed42,ff9e14d55bd89c537eae826a0d45ad2c300a95a1b84162d89315f96e276a8ac1
Fermi_E,main_and_supplementary,Q_-1,344,48,-1,train,42,within_Cn_target_quantile_isomer_80_20_seed42,ff9e14d55bd89c537eae826a0d45ad2c300a95a1b84162d89315f96e276a8ac1
Fermi_E,main_and_supplementary,Q_-1,345,48,-1,train,42,within_Cn_target_quantile_isomer_80_20_seed42,ff9e14d55bd89c537eae826a0d45ad2c300a95a1b84162d89315f96e276a8ac1
Fermi_E,main_and_supplementary,Q_-1,346,48,-1,train,42,within_Cn_target_quantile_isomer_80_20_seed42,ff9e14d55bd89c537eae826a0d45ad2c300a95a1b84162d89315f96e276a8ac1
Fermi_E,main_and_supplementary,Q_-1,347,48,-1,train,42,within_Cn_target_quantile_isomer_80_20_seed42,ff9e14d55bd89c537eae826a0d45ad2c300a95a1b84162d89315f96e276a8ac1
Fermi_E,main_and_supplementary,Q_-1,348,48,-1,train,42,within_Cn_target_quantile_isomer_80_20_seed42,ff9e14d55bd89c537eae826a0d45ad2c300a95a1b84162d89315f96e276a8ac1
Fermi_E,main_and_supplementary,Q_-1,349,48,-1,train,42,within_Cn_target_quantile_isomer_80_20_seed42,ff9e14d55bd89c537eae826a0d45ad2c300a95a1b84162d89315f96e276a8ac1
Fermi_E,main_and_supplementary,Q_-1,350,48,-1,train,42,within_Cn_target_quantile_isomer_80_20_seed42,ff9e14d55bd89c537eae826a0d45ad2c300a95a1b84162d89315f96e276a8ac1
Fermi_E,main_and_supplementary,Q_-1,351,48,-1,train,42,within_Cn_target_quantile_isomer_80_20_seed42,ff9e14d55bd89c537eae826a0d45ad2c300a95a1b84162d89315f96e276a8ac1
Fermi_E,main_and_supplementary,Q_-1,352,48,-1,train,42,within_Cn_target_quantile_isomer_80_20_seed42,ff9e14d55bd89c537eae826a0d45ad2c300a95a1b84162d89315f96e276a8ac1
Fermi_E,main_and_supplementary,Q_-1,354,48,-1,train,42,within_Cn_target_quantile_isomer_80_20_seed42,ff9e14d55bd89c537eae826a0d45ad2c300a95a1b84162d89315f96e276a8ac1
Fermi_E,main_and_supplementary,Q_-1,355,48,-1,train,42,within_Cn_target_quantile_isomer_80_20_seed42,ff9e14d55bd89c537eae826a0d45ad2c300a95a1b84162d89315f96e276a8ac1
Fermi_E,main_and_supplementary,Q_-1,358,48,-1,train,42,within_Cn_target_quantile_isomer_80_20_seed42,ff9e14d55bd89c537eae826a0d45ad2c300a95a1b84162d89315f96e276a8ac1
Fermi_E,main_and_supplementary,Q_-1,360,48,-1,train,42,within_Cn_target_quantile_isomer_80_20_seed42,ff9e14d55bd89c537eae826a0d45ad2c300a95a1b84162d89315f96e276a8ac1
Fermi_E,main_and_supplementary,Q_-1,361,48,-1,train,42,within_Cn_target_quantile_isomer_80_20_seed42,ff9e14d55bd89c537eae826a0d45ad2c300a95a1b84162d89315f96e276a8ac1
Fermi_E,main_and_supplementary,Q_-1,362,48,-1,train,42,within_Cn_target_quantile_isomer_80_20_seed42,ff9e14d55bd89c537eae826a0d45ad2c300a95a1b84162d89315f96e276a8ac1
Fermi_E,main_and_supplementary,Q_-1,363,48,-1,train,42,within_Cn_target_quantile_isomer_80_20_seed42,ff9e14d55bd89c537eae826a0d45ad2c300a95a1b84162d89315f96e276a8ac1
Fermi_E,main_and_supplementary,Q_-1,364,48,-1,train,42,within_Cn_target_quantile_isomer_80_20_seed42,ff9e14d55bd89c537eae826a0d45ad2c300a95a1b84162d89315f96e276a8ac1
Fermi_E,main_and_supplementary,Q_-1,365,48,-1,train,42,within_Cn_target_quantile_isomer_80_20_seed42,ff9e14d55bd89c537eae826a0d45ad2c300a95a1b84162d89315f96e276a8ac1
Fermi_E,main_and_supplementary,Q_-1,366,48,-1,train,42,within_Cn_target_quantile_isomer_80_20_seed42,ff9e14d55bd89c537eae826a0d45ad2c300a95a1b84162d89315f96e276a8ac1
Fermi_E,main_and_supplementary,Q_-1,367,48,-1,train,42,within_Cn_target_quantile_isomer_80_20_seed42,ff9e14d55bd89c537eae826a0d45ad2c300a95a1b84162d89315f96e276a8ac1
Fermi_E,main_and_supplementary,Q_-1,368,48,-1,train,42,within_Cn_target_quantile_isomer_80_20_seed42,ff9e14d55bd89c537eae826a0d45ad2c300a95a1b84162d89315f96e276a8ac1
Fermi_E,main_and_supplementary,Q_-1,369,48,-1,train,42,within_Cn_target_quantile_isomer_80_20_seed42,ff9e14d55bd89c537eae826a0d45ad2c300a95a1b84162d89315f96e276a8ac1
Fermi_E,main_and_supplementary,Q_-1,372,48,-1,train,42,within_Cn_target_quantile_isomer_80_20_seed42,ff9e14d55bd89c537eae826a0d45ad2c300a95a1b84162d89315f96e276a8ac1
Fermi_E,main_and_supplementary,Q_-1,373,48,-1,train,42,within_Cn_target_quantile_isomer_80_20_seed42,ff9e14d55bd89c537eae826a0d45ad2c300a95a1b84162d89315f96e276a8ac1
Fermi_E,main_and_supplementary,Q_-1,374,48,-1,train,42,within_Cn_target_quantile_isomer_80_20_seed42,ff9e14d55bd89c537eae826a0d45ad2c300a95a1b84162d89315f96e276a8ac1
Fermi_E,main_and_supplementary,Q_-1,375,48,-1,train,42,within_Cn_target_quantile_isomer_80_20_seed42,ff9e14d55bd89c537eae826a0d45ad2c300a95a1b84162d89315f96e276a8ac1
Fermi_E,main_and_supplementary,Q_-1,376,48,-1,train,42,within_Cn_target_quantile_isomer_80_20_seed42,ff9e14d55bd89c537eae826a0d45ad2c300a95a1b84162d89315f96e276a8ac1
Fermi_E,main_and_supplementary,Q_-1,377,48,-1,train,42,within_Cn_target_quantile_isomer_80_20_seed42,ff9e14d55bd89c537eae826a0d45ad2c300a95a1b84162d89315f96e276a8ac1
Fermi_E,main_and_supplementary,Q_-1,378,48,-1,train,42,within_Cn_target_quantile_isomer_80_20_seed42,ff9e14d55bd89c537eae826a0d45ad2c300a95a1b84162d89315f96e276a8ac1
Fermi_E,main_and_supplementary,Q_-1,380,48,-1,train,42,within_Cn_target_quantile_isomer_80_20_seed42,ff9e14d55bd89c537eae826a0d45ad2c300a95a1b84162d89315f96e276a8ac1
Fermi_E,main_and_supplementary,Q_-1,381,48,-1,train,42,within_Cn_target_quantile_isomer_80_20_seed42,ff9e14d55bd89c537eae826a0d45ad2c300a95a1b84162d89315f96e276a8ac1
Fermi_E,main_and_supplementary,Q_-1,382,48,-1,train,42,within_Cn_target_quantile_isomer_80_20_seed42,ff9e14d55bd89c537eae826a0d45ad2c300a95a1b84162d89315f96e276a8ac1
Fermi_E,main_and_supplementary,Q_-1,383,48,-1,train,42,within_Cn_target_quantile_isomer_80_20_seed42,ff9e14d55bd89c537eae826a0d45ad2c300a95a1b84162d89315f96e276a8ac1
Fermi_E,main_and_supplementary,Q_-1,384,48,-1,train,42,within_Cn_target_quantile_isomer_80_20_seed42,ff9e14d55bd89c537eae826a0d45ad2c300a95a1b84162d89315f96e276a8ac1
Fermi_E,main_and_supplementary,Q_-1,385,48,-1,train,42,within_Cn_target_quantile_isomer_80_20_seed42,ff9e14d55bd89c537eae826a0d45ad2c300a95a1b84162d89315f96e276a8ac1
Fermi_E,main_and_supplementary,Q_-1,386,48,-1,train,42,within_Cn_target_quantile_isomer_80_20_seed42,ff9e14d55bd89c537eae826a0d45ad2c300a95a1b84162d89315f96e276a8ac1
Fermi_E,main_and_supplementary,Q_-1,388,48,-1,train,42,within_Cn_target_quantile_isomer_80_20_seed42,ff9e14d55bd89c537eae826a0d45ad2c300a95a1b84162d89315f96e276a8ac1
Fermi_E,main_and_supplementary,Q_-1,389,48,-1,train,42,within_Cn_target_quantile_isomer_80_20_seed42,ff9e14d55bd89c537eae826a0d45ad2c300a95a1b84162d89315f96e276a8ac1
Fermi_E,main_and_supplementary,Q_-1,390,48,-1,train,42,within_Cn_target_quantile_isomer_80_20_seed42,ff9e14d55bd89c537eae826a0d45ad2c300a95a1b84162d89315f96e276a8ac1
Fermi_E,main_and_supplementary,Q_-1,391,48,-1,train,42,within_Cn_target_quantile_isomer_80_20_seed42,ff9e14d55bd89c537eae826a0d45ad2c300a95a1b84162d89315f96e276a8ac1
Fermi_E,main_and_supplementary,Q_-1,392,48,-1,train,42,within_Cn_target_quantile_isomer_80_20_seed42,ff9e14d55bd89c537eae826a0d45ad2c300a95a1b84162d89315f96e276a8ac1
Fermi_E,main_and_supplementary,Q_-1,393,48,-1,train,42,within_Cn_target_quantile_isomer_80_20_seed42,ff9e14d55bd89c537eae826a0d45ad2c300a95a1b84162d89315f96e276a8ac1
Fermi_E,main_and_supplementary,Q_-1,394,48,-1,train,42,within_Cn_target_quantile_isomer_80_20_seed42,ff9e14d55bd89c537eae826a0d45ad2c300a95a1b84162d89315f96e276a8ac1
Fermi_E,main_and_supplementary,Q_-1,395,48,-1,train,42,within_Cn_target_quantile_isomer_80_20_seed42,ff9e14d55bd89c537eae826a0d45ad2c300a95a1b84162d89315f96e276a8ac1
Fermi_E,main_and_supplementary,Q_-1,396,48,-1,train,42,within_Cn_target_quantile_isomer_80_20_seed42,ff9e14d55bd89c537eae826a0d45ad2c300a95a1b84162d89315f96e276a8ac1
Fermi_E,main_and_supplementary,Q_-1,397,48,-1,train,42,within_Cn_target_quantile_isomer_80_20_seed42,ff9e14d55bd89c537eae826a0d45ad2c300a95a1b84162d89315f96e276a8ac1
Fermi_E,main_and_supplementary,Q_-1,399,48,-1,train,42,within_Cn_target_quantile_isomer_80_20_seed42,ff9e14d55bd89c537eae826a0d45ad2c300a95a1b84162d89315f96e276a8ac1
Fermi_E,main_and_supplementary,Q_-1,400,48,-1,train,42,within_Cn_target_quantile_isomer_80_20_seed42,ff9e14d55bd89c537eae826a0d45ad2c300a95a1b84162d89315f96e276a8ac1
Fermi_E,main_and_supplementary,Q_-1,402,48,-1,train,42,within_Cn_target_quantile_isomer_80_20_seed42,ff9e14d55bd89c537eae826a0d45ad2c300a95a1b84162d89315f96e276a8ac1
Fermi_E,main_and_supplementary,Q_-1,404,48,-1,train,42,within_Cn_target_quantile_isomer_80_20_seed42,ff9e14d55bd89c537eae826a0d45ad2c300a95a1b84162d89315f96e276a8ac1
Fermi_E,main_and_supplementary,Q_-1,407,48,-1,train,42,within_Cn_target_quantile_isomer_80_20_seed42,ff9e14d55bd89c537eae826a0d45ad2c300a95a1b84162d89315f96e276a8ac1
Fermi_E,main_and_supplementary,Q_-1,408,48,-1,train,42,within_Cn_target_quantile_isomer_80_20_seed42,ff9e14d55bd89c537eae826a0d45ad2c300a95a1b84162d89315f96e276a8ac1
Fermi_E,main_and_supplementary,Q_-1,409,48,-1,train,42,within_Cn_target_quantile_isomer_80_20_seed42,ff9e14d55bd89c537eae826a0d45ad2c300a95a1b84162d89315f96e276a8ac1
Fermi_E,main_and_supplementary,Q_-1,410,48,-1,train,42,within_Cn_target_quantile_isomer_80_20_seed42,ff9e14d55bd89c537eae826a0d45ad2c300a95a1b84162d89315f96e276a8ac1
Fermi_E,main_and_supplementary,Q_-1,411,48,-1,train,42,within_Cn_target_quantile_isomer_80_20_seed42,ff9e14d55bd89c537eae826a0d45ad2c300a95a1b84162d89315f96e276a8ac1
Fermi_E,main_and_supplementary,Q_-1,412,48,-1,train,42,within_Cn_target_quantile_isomer_80_20_seed42,ff9e14d55bd89c537eae826a0d45ad2c300a95a1b84162d89315f96e276a8ac1
Fermi_E,main_and_supplementary,Q_-1,413,48,-1,train,42,within_Cn_target_quantile_isomer_80_20_seed42,ff9e14d55bd89c537eae826a0d45ad2c300a95a1b84162d89315f96e276a8ac1
Fermi_E,main_and_supplementary,Q_-1,414,48,-1,train,42,within_Cn_target_quantile_isomer_80_20_seed42,ff9e14d55bd89c537eae826a0d45ad2c300a95a1b84162d89315f96e276a8ac1
Fermi_E,main_and_supplementary,Q_-1,415,48,-1,train,42,within_Cn_target_quantile_isomer_80_20_seed42,ff9e14d55bd89c537eae826a0d45ad2c300a95a1b84162d89315f96e276a8ac1
Fermi_E,main_and_supplementary,Q_-1,416,48,-1,train,42,within_Cn_target_quantile_isomer_80_20_seed42,ff9e14d55bd89c537eae826a0d45ad2c300a95a1b84162d89315f96e276a8ac1
Fermi_E,main_and_supplementary,Q_-1,417,48,-1,train,42,within_Cn_target_quantile_isomer_80_20_seed42,ff9e14d55bd89c537eae826a0d45ad2c300a95a1b84162d89315f96e276a8ac1
Fermi_E,main_and_supplementary,Q_-1,418,48,-1,train,42,within_Cn_target_quantile_isomer_80_20_seed42,ff9e14d55bd89c537eae826a0d45ad2c300a95a1b84162d89315f96e276a8ac1
Fermi_E,main_and_supplementary,Q_-1,419,48,-1,train,42,within_Cn_target_quantile_isomer_80_20_seed42,ff9e14d55bd89c537eae826a0d45ad2c300a95a1b84162d89315f96e276a8ac1
Fermi_E,main_and_supplementary,Q_-1,420,48,-1,train,42,within_Cn_target_quantile_isomer_80_20_seed42,ff9e14d55bd89c537eae826a0d45ad2c300a95a1b84162d89315f96e276a8ac1
Fermi_E,main_and_supplementary,Q_-1,422,48,-1,train,42,within_Cn_target_quantile_isomer_80_20_seed42,ff9e14d55bd89c537eae826a0d45ad2c300a95a1b84162d89315f96e276a8ac1
Fermi_E,main_and_supplementary,Q_-1,423,48,-1,train,42,within_Cn_target_quantile_isomer_80_20_seed42,ff9e14d55bd89c537eae826a0d45ad2c300a95a1b84162d89315f96e276a8ac1
Fermi_E,main_and_supplementary,Q_-1,424,48,-1,train,42,within_Cn_target_quantile_isomer_80_20_seed42,ff9e14d55bd89c537eae826a0d45ad2c300a95a1b84162d89315f96e276a8ac1
Fermi_E,main_and_supplementary,Q_-1,425,48,-1,train,42,within_Cn_target_quantile_isomer_80_20_seed42,ff9e14d55bd89c537eae826a0d45ad2c300a95a1b84162d89315f96e276a8ac1
Fermi_E,main_and_supplementary,Q_-1,427,48,-1,train,42,within_Cn_target_quantile_isomer_80_20_seed42,ff9e14d55bd89c537eae826a0d45ad2c300a95a1b84162d89315f96e276a8ac1
Fermi_E,main_and_supplementary,Q_-1,428,48,-1,train,42,within_Cn_target_quantile_isomer_80_20_seed42,ff9e14d55bd89c537eae826a0d45ad2c300a95a1b84162d89315f96e276a8ac1
Fermi_E,main_and_supplementary,Q_-1,430,48,-1,train,42,within_Cn_target_quantile_isomer_80_20_seed42,ff9e14d55bd89c537eae826a0d45ad2c300a95a1b84162d89315f96e276a8ac1
Fermi_E,main_and_supplementary,Q_-1,432,48,-1,train,42,within_Cn_target_quantile_isomer_80_20_seed42,ff9e14d55bd89c537eae826a0d45ad2c300a95a1b84162d89315f96e276a8ac1
Fermi_E,main_and_supplementary,Q_-1,433,48,-1,train,42,within_Cn_target_quantile_isomer_80_20_seed42,ff9e14d55bd89c537eae826a0d45ad2c300a95a1b84162d89315f96e276a8ac1
Fermi_E,main_and_supplementary,Q_-1,435,48,-1,train,42,within_Cn_target_quantile_isomer_80_20_seed42,ff9e14d55bd89c537eae826a0d45ad2c300a95a1b84162d89315f96e276a8ac1
Fermi_E,main_and_supplementary,Q_-1,436,48,-1,train,42,within_Cn_target_quantile_isomer_80_20_seed42,ff9e14d55bd89c537eae826a0d45ad2c300a95a1b84162d89315f96e276a8ac1
Fermi_E,main_and_supplementary,Q_-1,437,48,-1,train,42,within_Cn_target_quantile_isomer_80_20_seed42,ff9e14d55bd89c537eae826a0d45ad2c300a95a1b84162d89315f96e276a8ac1
Fermi_E,main_and_supplementary,Q_-1,438,48,-1,train,42,within_Cn_target_quantile_isomer_80_20_seed42,ff9e14d55bd89c537eae826a0d45ad2c300a95a1b84162d89315f96e276a8ac1
Fermi_E,main_and_supplementary,Q_-1,439,48,-1,train,42,within_Cn_target_quantile_isomer_80_20_seed42,ff9e14d55bd89c537eae826a0d45ad2c300a95a1b84162d89315f96e276a8ac1
Fermi_E,main_and_supplementary,Q_-1,441,48,-1,train,42,within_Cn_target_quantile_isomer_80_20_seed42,ff9e14d55bd89c537eae826a0d45ad2c300a95a1b84162d89315f96e276a8ac1
Fermi_E,main_and_supplementary,Q_-1,442,48,-1,train,42,within_Cn_target_quantile_isomer_80_20_seed42,ff9e14d55bd89c537eae826a0d45ad2c300a95a1b84162d89315f96e276a8ac1
Fermi_E,main_and_supplementary,Q_-1,443,48,-1,train,42,within_Cn_target_quantile_isomer_80_20_seed42,ff9e14d55bd89c537eae826a0d45ad2c300a95a1b84162d89315f96e276a8ac1
Fermi_E,main_and_supplementary,Q_-1,444,48,-1,train,42,within_Cn_target_quantile_isomer_80_20_seed42,ff9e14d55bd89c537eae826a0d45ad2c300a95a1b84162d89315f96e276a8ac1
Fermi_E,main_and_supplementary,Q_-1,445,48,-1,train,42,within_Cn_target_quantile_isomer_80_20_seed42,ff9e14d55bd89c537eae826a0d45ad2c300a95a1b84162d89315f96e276a8ac1
Fermi_E,main_and_supplementary,Q_-1,446,48,-1,train,42,within_Cn_target_quantile_isomer_80_20_seed42,ff9e14d55bd89c537eae826a0d45ad2c300a95a1b84162d89315f96e276a8ac1
Fermi_E,main_and_supplementary,Q_-1,447,48,-1,train,42,within_Cn_target_quantile_isomer_80_20_seed42,ff9e14d55bd89c537eae826a0d45ad2c300a95a1b84162d89315f96e276a8ac1
Fermi_E,main_and_supplementary,Q_-1,448,48,-1,train,42,within_Cn_target_quantile_isomer_80_20_seed42,ff9e14d55bd89c537eae826a0d45ad2c300a95a1b84162d89315f96e276a8ac1
Fermi_E,main_and_supplementary,Q_-1,449,48,-1,train,42,within_Cn_target_quantile_isomer_80_20_seed42,ff9e14d55bd89c537eae826a0d45ad2c300a95a1b84162d89315f96e276a8ac1
Fermi_E,main_and_supplementary,Q_-1,450,48,-1,train,42,within_Cn_target_quantile_isomer_80_20_seed42,ff9e14d55bd89c537eae826a0d45ad2c300a95a1b84162d89315f96e276a8ac1
Fermi_E,main_and_supplementary,Q_-1,451,48,-1,train,42,within_Cn_target_quantile_isomer_80_20_seed42,ff9e14d55bd89c537eae826a0d45ad2c300a95a1b84162d89315f96e276a8ac1
Fermi_E,main_and_supplementary,Q_-1,452,48,-1,train,42,within_Cn_target_quantile_isomer_80_20_seed42,ff9e14d55bd89c537eae826a0d45ad2c300a95a1b84162d89315f96e276a8ac1
Fermi_E,main_and_supplementary,Q_-1,455,48,-1,train,42,within_Cn_target_quantile_isomer_80_20_seed42,ff9e14d55bd89c537eae826a0d45ad2c300a95a1b84162d89315f96e276a8ac1
Fermi_E,main_and_supplementary,Q_-1,456,48,-1,train,42,within_Cn_target_quantile_isomer_80_20_seed42,ff9e14d55bd89c537eae826a0d45ad2c300a95a1b84162d89315f96e276a8ac1
Fermi_E,main_and_supplementary,Q_-1,457,48,-1,train,42,within_Cn_target_quantile_isomer_80_20_seed42,ff9e14d55bd89c537eae826a0d45ad2c300a95a1b84162d89315f96e276a8ac1
Fermi_E,main_and_supplementary,Q_-1,458,48,-1,train,42,within_Cn_target_quantile_isomer_80_20_seed42,ff9e14d55bd89c537eae826a0d45ad2c300a95a1b84162d89315f96e276a8ac1
Fermi_E,main_and_supplementary,Q_-1,459,48,-1,train,42,within_Cn_target_quantile_isomer_80_20_seed42,ff9e14d55bd89c537eae826a0d45ad2c300a95a1b84162d89315f96e276a8ac1
Fermi_E,main_and_supplementary,Q_-1,460,48,-1,train,42,within_Cn_target_quantile_isomer_80_20_seed42,ff9e14d55bd89c537eae826a0d45ad2c300a95a1b84162d89315f96e276a8ac1
Fermi_E,main_and_supplementary,Q_-1,463,48,-1,train,42,within_Cn_target_quantile_isomer_80_20_seed42,ff9e14d55bd89c537eae826a0d45ad2c300a95a1b84162d89315f96e276a8ac1
Fermi_E,main_and_supplementary,Q_-1,465,48,-1,train,42,within_Cn_target_quantile_isomer_80_20_seed42,ff9e14d55bd89c537eae826a0d45ad2c300a95a1b84162d89315f96e276a8ac1
Fermi_E,main_and_supplementary,Q_-1,467,48,-1,train,42,within_Cn_target_quantile_isomer_80_20_seed42,ff9e14d55bd89c537eae826a0d45ad2c300a95a1b84162d89315f96e276a8ac1
Fermi_E,main_and_supplementary,Q_-1,468,48,-1,train,42,within_Cn_target_quantile_isomer_80_20_seed42,ff9e14d55bd89c537eae826a0d45ad2c300a95a1b84162d89315f96e276a8ac1
Fermi_E,main_and_supplementary,Q_-1,470,48,-1,train,42,within_Cn_target_quantile_isomer_80_20_seed42,ff9e14d55bd89c537eae826a0d45ad2c300a95a1b84162d89315f96e276a8ac1
Fermi_E,main_and_supplementary,Q_-1,471,48,-1,train,42,within_Cn_target_quantile_isomer_80_20_seed42,ff9e14d55bd89c537eae826a0d45ad2c300a95a1b84162d89315f96e276a8ac1
Fermi_E,main_and_supplementary,Q_-1,475,48,-1,train,42,within_Cn_target_quantile_isomer_80_20_seed42,ff9e14d55bd89c537eae826a0d45ad2c300a95a1b84162d89315f96e276a8ac1
Fermi_E,main_and_supplementary,Q_-1,476,48,-1,train,42,within_Cn_target_quantile_isomer_80_20_seed42,ff9e14d55bd89c537eae826a0d45ad2c300a95a1b84162d89315f96e276a8ac1
Fermi_E,main_and_supplementary,Q_-1,477,48,-1,train,42,within_Cn_target_quantile_isomer_80_20_seed42,ff9e14d55bd89c537eae826a0d45ad2c300a95a1b84162d89315f96e276a8ac1
Fermi_E,main_and_supplementary,Q_-1,478,48,-1,train,42,within_Cn_target_quantile_isomer_80_20_seed42,ff9e14d55bd89c537eae826a0d45ad2c300a95a1b84162d89315f96e276a8ac1
Fermi_E,main_and_supplementary,Q_-1,480,48,-1,train,42,within_Cn_target_quantile_isomer_80_20_seed42,ff9e14d55bd89c537eae826a0d45ad2c300a95a1b84162d89315f96e276a8ac1
Fermi_E,main_and_supplementary,Q_-1,481,48,-1,train,42,within_Cn_target_quantile_isomer_80_20_seed42,ff9e14d55bd89c537eae826a0d45ad2c300a95a1b84162d89315f96e276a8ac1
Fermi_E,main_and_supplementary,Q_-1,482,48,-1,train,42,within_Cn_target_quantile_isomer_80_20_seed42,ff9e14d55bd89c537eae826a0d45ad2c300a95a1b84162d89315f96e276a8ac1
Fermi_E,main_and_supplementary,Q_-1,483,48,-1,train,42,within_Cn_target_quantile_isomer_80_20_seed42,ff9e14d55bd89c537eae826a0d45ad2c300a95a1b84162d89315f96e276a8ac1
Fermi_E,main_and_supplementary,Q_-1,484,48,-1,train,42,within_Cn_target_quantile_isomer_80_20_seed42,ff9e14d55bd89c537eae826a0d45ad2c300a95a1b84162d89315f96e276a8ac1
Fermi_E,main_and_supplementary,Q_-1,485,48,-1,train,42,within_Cn_target_quantile_isomer_80_20_seed42,ff9e14d55bd89c537eae826a0d45ad2c300a95a1b84162d89315f96e276a8ac1
Fermi_E,main_and_supplementary,Q_-1,486,48,-1,train,42,within_Cn_target_quantile_isomer_80_20_seed42,ff9e14d55bd89c537eae826a0d45ad2c300a95a1b84162d89315f96e276a8ac1
Fermi_E,main_and_supplementary,Q_-1,488,48,-1,train,42,within_Cn_target_quantile_isomer_80_20_seed42,ff9e14d55bd89c537eae826a0d45ad2c300a95a1b84162d89315f96e276a8ac1
Fermi_E,main_and_supplementary,Q_-1,490,48,-1,train,42,within_Cn_target_quantile_isomer_80_20_seed42,ff9e14d55bd89c537eae826a0d45ad2c300a95a1b84162d89315f96e276a8ac1
Fermi_E,main_and_supplementary,Q_-1,491,48,-1,train,42,within_Cn_target_quantile_isomer_80_20_seed42,ff9e14d55bd89c537eae826a0d45ad2c300a95a1b84162d89315f96e276a8ac1
Fermi_E,main_and_supplementary,Q_-1,492,48,-1,train,42,within_Cn_target_quantile_isomer_80_20_seed42,ff9e14d55bd89c537eae826a0d45ad2c300a95a1b84162d89315f96e276a8ac1
Fermi_E,main_and_supplementary,Q_-1,493,48,-1,train,42,within_Cn_target_quantile_isomer_80_20_seed42,ff9e14d55bd89c537eae826a0d45ad2c300a95a1b84162d89315f96e276a8ac1
Fermi_E,main_and_supplementary,Q_-1,494,48,-1,train,42,within_Cn_target_quantile_isomer_80_20_seed42,ff9e14d55bd89c537eae826a0d45ad2c300a95a1b84162d89315f96e276a8ac1
Fermi_E,main_and_supplementary,Q_-1,495,48,-1,train,42,within_Cn_target_quantile_isomer_80_20_seed42,ff9e14d55bd89c537eae826a0d45ad2c300a95a1b84162d89315f96e276a8ac1
Fermi_E,main_and_supplementary,Q_-1,498,48,-1,train,42,within_Cn_target_quantile_isomer_80_20_seed42,ff9e14d55bd89c537eae826a0d45ad2c300a95a1b84162d89315f96e276a8ac1
Fermi_E,main_and_supplementary,Q_-1,499,48,-1,train,42,within_Cn_target_quantile_isomer_80_20_seed42,ff9e14d55bd89c537eae826a0d45ad2c300a95a1b84162d89315f96e276a8ac1
Fermi_E,main_and_supplementary,Q_-1,500,48,-1,train,42,within_Cn_target_quantile_isomer_80_20_seed42,ff9e14d55bd89c537eae826a0d45ad2c300a95a1b84162d89315f96e276a8ac1
Fermi_E,main_and_supplementary,Q_-1,501,48,-1,train,42,within_Cn_target_quantile_isomer_80_20_seed42,ff9e14d55bd89c537eae826a0d45ad2c300a95a1b84162d89315f96e276a8ac1
Fermi_E,main_and_supplementary,Q_-1,502,48,-1,train,42,within_Cn_target_quantile_isomer_80_20_seed42,ff9e14d55bd89c537eae826a0d45ad2c300a95a1b84162d89315f96e276a8ac1
Fermi_E,main_and_supplementary,Q_-1,503,48,-1,train,42,within_Cn_target_quantile_isomer_80_20_seed42,ff9e14d55bd89c537eae826a0d45ad2c300a95a1b84162d89315f96e276a8ac1
Fermi_E,main_and_supplementary,Q_-1,504,48,-1,train,42,within_Cn_target_quantile_isomer_80_20_seed42,ff9e14d55bd89c537eae826a0d45ad2c300a95a1b84162d89315f96e276a8ac1
Fermi_E,main_and_supplementary,Q_-1,505,48,-1,train,42,within_Cn_target_quantile_isomer_80_20_seed42,ff9e14d55bd89c537eae826a0d45ad2c300a95a1b84162d89315f96e276a8ac1
Fermi_E,main_and_supplementary,Q_-1,506,48,-1,train,42,within_Cn_target_quantile_isomer_80_20_seed42,ff9e14d55bd89c537eae826a0d45ad2c300a95a1b84162d89315f96e276a8ac1
Fermi_E,main_and_supplementary,Q_-1,508,48,-1,train,42,within_Cn_target_quantile_isomer_80_20_seed42,ff9e14d55bd89c537eae826a0d45ad2c300a95a1b84162d89315f96e276a8ac1
Fermi_E,main_and_supplementary,Q_-1,509,48,-1,train,42,within_Cn_target_quantile_isomer_80_20_seed42,ff9e14d55bd89c537eae826a0d45ad2c300a95a1b84162d89315f96e276a8ac1
Fermi_E,main_and_supplementary,Q_-1,510,48,-1,train,42,within_Cn_target_quantile_isomer_80_20_seed42,ff9e14d55bd89c537eae826a0d45ad2c300a95a1b84162d89315f96e276a8ac1
Fermi_E,main_and_supplementary,Q_-1,511,48,-1,train,42,within_Cn_target_quantile_isomer_80_20_seed42,ff9e14d55bd89c537eae826a0d45ad2c300a95a1b84162d89315f96e276a8ac1
Fermi_E,main_and_supplementary,Q_-1,512,48,-1,train,42,within_Cn_target_quantile_isomer_80_20_seed42,ff9e14d55bd89c537eae826a0d45ad2c300a95a1b84162d89315f96e276a8ac1
Fermi_E,main_and_supplementary,Q_-1,513,48,-1,train,42,within_Cn_target_quantile_isomer_80_20_seed42,ff9e14d55bd89c537eae826a0d45ad2c300a95a1b84162d89315f96e276a8ac1
Fermi_E,main_and_supplementary,Q_-1,515,48,-1,train,42,within_Cn_target_quantile_isomer_80_20_seed42,ff9e14d55bd89c537eae826a0d45ad2c300a95a1b84162d89315f96e276a8ac1
Fermi_E,main_and_supplementary,Q_-1,516,48,-1,train,42,within_Cn_target_quantile_isomer_80_20_seed42,ff9e14d55bd89c537eae826a0d45ad2c300a95a1b84162d89315f96e276a8ac1
Fermi_E,main_and_supplementary,Q_-1,517,48,-1,train,42,within_Cn_target_quantile_isomer_80_20_seed42,ff9e14d55bd89c537eae826a0d45ad2c300a95a1b84162d89315f96e276a8ac1
Fermi_E,main_and_supplementary,Q_-1,519,48,-1,train,42,within_Cn_target_quantile_isomer_80_20_seed42,ff9e14d55bd89c537eae826a0d45ad2c300a95a1b84162d89315f96e276a8ac1
Fermi_E,main_and_supplementary,Q_-1,520,48,-1,train,42,within_Cn_target_quantile_isomer_80_20_seed42,ff9e14d55bd89c537eae826a0d45ad2c300a95a1b84162d89315f96e276a8ac1
Fermi_E,main_and_supplementary,Q_-1,522,48,-1,train,42,within_Cn_target_quantile_isomer_80_20_seed42,ff9e14d55bd89c537eae826a0d45ad2c300a95a1b84162d89315f96e276a8ac1
Fermi_E,main_and_supplementary,Q_-1,523,48,-1,train,42,within_Cn_target_quantile_isomer_80_20_seed42,ff9e14d55bd89c537eae826a0d45ad2c300a95a1b84162d89315f96e276a8ac1
Fermi_E,main_and_supplementary,Q_-1,524,48,-1,train,42,within_Cn_target_quantile_isomer_80_20_seed42,ff9e14d55bd89c537eae826a0d45ad2c300a95a1b84162d89315f96e276a8ac1
Fermi_E,main_and_supplementary,Q_-1,525,48,-1,train,42,within_Cn_target_quantile_isomer_80_20_seed42,ff9e14d55bd89c537eae826a0d45ad2c300a95a1b84162d89315f96e276a8ac1
Fermi_E,main_and_supplementary,Q_-1,526,48,-1,train,42,within_Cn_target_quantile_isomer_80_20_seed42,ff9e14d55bd89c537eae826a0d45ad2c300a95a1b84162d89315f96e276a8ac1
Fermi_E,main_and_supplementary,Q_-1,527,48,-1,train,42,within_Cn_target_quantile_isomer_80_20_seed42,ff9e14d55bd89c537eae826a0d45ad2c300a95a1b84162d89315f96e276a8ac1
Fermi_E,main_and_supplementary,Q_-1,528,48,-1,train,42,within_Cn_target_quantile_isomer_80_20_seed42,ff9e14d55bd89c537eae826a0d45ad2c300a95a1b84162d89315f96e276a8ac1
Fermi_E,main_and_supplementary,Q_-1,529,48,-1,train,42,within_Cn_target_quantile_isomer_80_20_seed42,ff9e14d55bd89c537eae826a0d45ad2c300a95a1b84162d89315f96e276a8ac1
Fermi_E,main_and_supplementary,Q_-1,530,48,-1,train,42,within_Cn_target_quantile_isomer_80_20_seed42,ff9e14d55bd89c537eae826a0d45ad2c300a95a1b84162d89315f96e276a8ac1
Fermi_E,main_and_supplementary,Q_-1,531,48,-1,train,42,within_Cn_target_quantile_isomer_80_20_seed42,ff9e14d55bd89c537eae826a0d45ad2c300a95a1b84162d89315f96e276a8ac1
Fermi_E,main_and_supplementary,Q_-1,532,48,-1,train,42,within_Cn_target_quantile_isomer_80_20_seed42,ff9e14d55bd89c537eae826a0d45ad2c300a95a1b84162d89315f96e276a8ac1
Fermi_E,main_and_supplementary,Q_-1,533,48,-1,train,42,within_Cn_target_quantile_isomer_80_20_seed42,ff9e14d55bd89c537eae826a0d45ad2c300a95a1b84162d89315f96e276a8ac1
Fermi_E,main_and_supplementary,Q_-1,534,48,-1,train,42,within_Cn_target_quantile_isomer_80_20_seed42,ff9e14d55bd89c537eae826a0d45ad2c300a95a1b84162d89315f96e276a8ac1
Fermi_E,main_and_supplementary,Q_-1,536,48,-1,train,42,within_Cn_target_quantile_isomer_80_20_seed42,ff9e14d55bd89c537eae826a0d45ad2c300a95a1b84162d89315f96e276a8ac1
Fermi_E,main_and_supplementary,Q_-1,537,48,-1,train,42,within_Cn_target_quantile_isomer_80_20_seed42,ff9e14d55bd89c537eae826a0d45ad2c300a95a1b84162d89315f96e276a8ac1
Fermi_E,main_and_supplementary,Q_-1,539,48,-1,train,42,within_Cn_target_quantile_isomer_80_20_seed42,ff9e14d55bd89c537eae826a0d45ad2c300a95a1b84162d89315f96e276a8ac1
Fermi_E,main_and_supplementary,Q_-1,540,48,-1,train,42,within_Cn_target_quantile_isomer_80_20_seed42,ff9e14d55bd89c537eae826a0d45ad2c300a95a1b84162d89315f96e276a8ac1
Fermi_E,main_and_supplementary,Q_-1,541,48,-1,train,42,within_Cn_target_quantile_isomer_80_20_seed42,ff9e14d55bd89c537eae826a0d45ad2c300a95a1b84162d89315f96e276a8ac1
Fermi_E,main_and_supplementary,Q_-1,543,50,-1,train,42,within_Cn_target_quantile_isomer_80_20_seed42,ff9e14d55bd89c537eae826a0d45ad2c300a95a1b84162d89315f96e276a8ac1
Fermi_E,main_and_supplementary,Q_-1,544,50,-1,train,42,within_Cn_target_quantile_isomer_80_20_seed42,ff9e14d55bd89c537eae826a0d45ad2c300a95a1b84162d89315f96e276a8ac1
Fermi_E,main_and_supplementary,Q_-1,545,50,-1,train,42,within_Cn_target_quantile_isomer_80_20_seed42,ff9e14d55bd89c537eae826a0d45ad2c300a95a1b84162d89315f96e276a8ac1
Fermi_E,main_and_supplementary,Q_-1,546,50,-1,train,42,within_Cn_target_quantile_isomer_80_20_seed42,ff9e14d55bd89c537eae826a0d45ad2c300a95a1b84162d89315f96e276a8ac1
Fermi_E,main_and_supplementary,Q_-1,547,50,-1,train,42,within_Cn_target_quantile_isomer_80_20_seed42,ff9e14d55bd89c537eae826a0d45ad2c300a95a1b84162d89315f96e276a8ac1
Fermi_E,main_and_supplementary,Q_-1,548,50,-1,train,42,within_Cn_target_quantile_isomer_80_20_seed42,ff9e14d55bd89c537eae826a0d45ad2c300a95a1b84162d89315f96e276a8ac1
Fermi_E,main_and_supplementary,Q_-1,549,50,-1,train,42,within_Cn_target_quantile_isomer_80_20_seed42,ff9e14d55bd89c537eae826a0d45ad2c300a95a1b84162d89315f96e276a8ac1
Fermi_E,main_and_supplementary,Q_-1,550,50,-1,train,42,within_Cn_target_quantile_isomer_80_20_seed42,ff9e14d55bd89c537eae826a0d45ad2c300a95a1b84162d89315f96e276a8ac1
Fermi_E,main_and_supplementary,Q_-1,551,50,-1,train,42,within_Cn_target_quantile_isomer_80_20_seed42,ff9e14d55bd89c537eae826a0d45ad2c300a95a1b84162d89315f96e276a8ac1
Fermi_E,main_and_supplementary,Q_-1,552,50,-1,train,42,within_Cn_target_quantile_isomer_80_20_seed42,ff9e14d55bd89c537eae826a0d45ad2c300a95a1b84162d89315f96e276a8ac1
Fermi_E,main_and_supplementary,Q_-1,553,50,-1,train,42,within_Cn_target_quantile_isomer_80_20_seed42,ff9e14d55bd89c537eae826a0d45ad2c300a95a1b84162d89315f96e276a8ac1
Fermi_E,main_and_supplementary,Q_-1,555,50,-1,train,42,within_Cn_target_quantile_isomer_80_20_seed42,ff9e14d55bd89c537eae826a0d45ad2c300a95a1b84162d89315f96e276a8ac1
Fermi_E,main_and_supplementary,Q_-1,556,50,-1,train,42,within_Cn_target_quantile_isomer_80_20_seed42,ff9e14d55bd89c537eae826a0d45ad2c300a95a1b84162d89315f96e276a8ac1
Fermi_E,main_and_supplementary,Q_-1,557,50,-1,train,42,within_Cn_target_quantile_isomer_80_20_seed42,ff9e14d55bd89c537eae826a0d45ad2c300a95a1b84162d89315f96e276a8ac1
Fermi_E,main_and_supplementary,Q_-1,559,50,-1,train,42,within_Cn_target_quantile_isomer_80_20_seed42,ff9e14d55bd89c537eae826a0d45ad2c300a95a1b84162d89315f96e276a8ac1
Fermi_E,main_and_supplementary,Q_-1,560,50,-1,train,42,within_Cn_target_quantile_isomer_80_20_seed42,ff9e14d55bd89c537eae826a0d45ad2c300a95a1b84162d89315f96e276a8ac1
Fermi_E,main_and_supplementary,Q_-1,561,50,-1,train,42,within_Cn_target_quantile_isomer_80_20_seed42,ff9e14d55bd89c537eae826a0d45ad2c300a95a1b84162d89315f96e276a8ac1
Fermi_E,main_and_supplementary,Q_-1,562,50,-1,train,42,within_Cn_target_quantile_isomer_80_20_seed42,ff9e14d55bd89c537eae826a0d45ad2c300a95a1b84162d89315f96e276a8ac1
Fermi_E,main_and_supplementary,Q_-1,563,50,-1,train,42,within_Cn_target_quantile_isomer_80_20_seed42,ff9e14d55bd89c537eae826a0d45ad2c300a95a1b84162d89315f96e276a8ac1
Fermi_E,main_and_supplementary,Q_-1,565,50,-1,train,42,within_Cn_target_quantile_isomer_80_20_seed42,ff9e14d55bd89c537eae826a0d45ad2c300a95a1b84162d89315f96e276a8ac1
Fermi_E,main_and_supplementary,Q_-1,566,50,-1,train,42,within_Cn_target_quantile_isomer_80_20_seed42,ff9e14d55bd89c537eae826a0d45ad2c300a95a1b84162d89315f96e276a8ac1
Fermi_E,main_and_supplementary,Q_-1,569,50,-1,train,42,within_Cn_target_quantile_isomer_80_20_seed42,ff9e14d55bd89c537eae826a0d45ad2c300a95a1b84162d89315f96e276a8ac1
Fermi_E,main_and_supplementary,Q_-1,572,50,-1,train,42,within_Cn_target_quantile_isomer_80_20_seed42,ff9e14d55bd89c537eae826a0d45ad2c300a95a1b84162d89315f96e276a8ac1
Fermi_E,main_and_supplementary,Q_-1,573,50,-1,train,42,within_Cn_target_quantile_isomer_80_20_seed42,ff9e14d55bd89c537eae826a0d45ad2c300a95a1b84162d89315f96e276a8ac1
Fermi_E,main_and_supplementary,Q_-1,574,50,-1,train,42,within_Cn_target_quantile_isomer_80_20_seed42,ff9e14d55bd89c537eae826a0d45ad2c300a95a1b84162d89315f96e276a8ac1
Fermi_E,main_and_supplementary,Q_-1,575,50,-1,train,42,within_Cn_target_quantile_isomer_80_20_seed42,ff9e14d55bd89c537eae826a0d45ad2c300a95a1b84162d89315f96e276a8ac1
Fermi_E,main_and_supplementary,Q_-1,576,50,-1,train,42,within_Cn_target_quantile_isomer_80_20_seed42,ff9e14d55bd89c537eae826a0d45ad2c300a95a1b84162d89315f96e276a8ac1
Fermi_E,main_and_supplementary,Q_-1,577,50,-1,train,42,within_Cn_target_quantile_isomer_80_20_seed42,ff9e14d55bd89c537eae826a0d45ad2c300a95a1b84162d89315f96e276a8ac1
Fermi_E,main_and_supplementary,Q_-1,578,50,-1,train,42,within_Cn_target_quantile_isomer_80_20_seed42,ff9e14d55bd89c537eae826a0d45ad2c300a95a1b84162d89315f96e276a8ac1
Fermi_E,main_and_supplementary,Q_-1,579,50,-1,train,42,within_Cn_target_quantile_isomer_80_20_seed42,ff9e14d55bd89c537eae826a0d45ad2c300a95a1b84162d89315f96e276a8ac1
Fermi_E,main_and_supplementary,Q_-1,580,50,-1,train,42,within_Cn_target_quantile_isomer_80_20_seed42,ff9e14d55bd89c537eae826a0d45ad2c300a95a1b84162d89315f96e276a8ac1
Fermi_E,main_and_supplementary,Q_-1,583,50,-1,train,42,within_Cn_target_quantile_isomer_80_20_seed42,ff9e14d55bd89c537eae826a0d45ad2c300a95a1b84162d89315f96e276a8ac1
Fermi_E,main_and_supplementary,Q_-1,584,50,-1,train,42,within_Cn_target_quantile_isomer_80_20_seed42,ff9e14d55bd89c537eae826a0d45ad2c300a95a1b84162d89315f96e276a8ac1
Fermi_E,main_and_supplementary,Q_-1,585,50,-1,train,42,within_Cn_target_quantile_isomer_80_20_seed42,ff9e14d55bd89c537eae826a0d45ad2c300a95a1b84162d89315f96e276a8ac1
Fermi_E,main_and_supplementary,Q_-1,586,50,-1,train,42,within_Cn_target_quantile_isomer_80_20_seed42,ff9e14d55bd89c537eae826a0d45ad2c300a95a1b84162d89315f96e276a8ac1
Fermi_E,main_and_supplementary,Q_-1,588,50,-1,train,42,within_Cn_target_quantile_isomer_80_20_seed42,ff9e14d55bd89c537eae826a0d45ad2c300a95a1b84162d89315f96e276a8ac1
Fermi_E,main_and_supplementary,Q_-1,591,50,-1,train,42,within_Cn_target_quantile_isomer_80_20_seed42,ff9e14d55bd89c537eae826a0d45ad2c300a95a1b84162d89315f96e276a8ac1
Fermi_E,main_and_supplementary,Q_-1,592,50,-1,train,42,within_Cn_target_quantile_isomer_80_20_seed42,ff9e14d55bd89c537eae826a0d45ad2c300a95a1b84162d89315f96e276a8ac1
Fermi_E,main_and_supplementary,Q_-1,593,50,-1,train,42,within_Cn_target_quantile_isomer_80_20_seed42,ff9e14d55bd89c537eae826a0d45ad2c300a95a1b84162d89315f96e276a8ac1
Fermi_E,main_and_supplementary,Q_-1,594,50,-1,train,42,within_Cn_target_quantile_isomer_80_20_seed42,ff9e14d55bd89c537eae826a0d45ad2c300a95a1b84162d89315f96e276a8ac1
Fermi_E,main_and_supplementary,Q_-1,596,50,-1,train,42,within_Cn_target_quantile_isomer_80_20_seed42,ff9e14d55bd89c537eae826a0d45ad2c300a95a1b84162d89315f96e276a8ac1
Fermi_E,main_and_supplementary,Q_-1,597,50,-1,train,42,within_Cn_target_quantile_isomer_80_20_seed42,ff9e14d55bd89c537eae826a0d45ad2c300a95a1b84162d89315f96e276a8ac1
Fermi_E,main_and_supplementary,Q_-1,598,50,-1,train,42,within_Cn_target_quantile_isomer_80_20_seed42,ff9e14d55bd89c537eae826a0d45ad2c300a95a1b84162d89315f96e276a8ac1
Fermi_E,main_and_supplementary,Q_-1,599,50,-1,train,42,within_Cn_target_quantile_isomer_80_20_seed42,ff9e14d55bd89c537eae826a0d45ad2c300a95a1b84162d89315f96e276a8ac1
Fermi_E,main_and_supplementary,Q_-1,600,50,-1,train,42,within_Cn_target_quantile_isomer_80_20_seed42,ff9e14d55bd89c537eae826a0d45ad2c300a95a1b84162d89315f96e276a8ac1
Fermi_E,main_and_supplementary,Q_-1,601,50,-1,train,42,within_Cn_target_quantile_isomer_80_20_seed42,ff9e14d55bd89c537eae826a0d45ad2c300a95a1b84162d89315f96e276a8ac1
Fermi_E,main_and_supplementary,Q_-1,602,50,-1,train,42,within_Cn_target_quantile_isomer_80_20_seed42,ff9e14d55bd89c537eae826a0d45ad2c300a95a1b84162d89315f96e276a8ac1
Fermi_E,main_and_supplementary,Q_-1,603,50,-1,train,42,within_Cn_target_quantile_isomer_80_20_seed42,ff9e14d55bd89c537eae826a0d45ad2c300a95a1b84162d89315f96e276a8ac1
Fermi_E,main_and_supplementary,Q_-1,604,50,-1,train,42,within_Cn_target_quantile_isomer_80_20_seed42,ff9e14d55bd89c537eae826a0d45ad2c300a95a1b84162d89315f96e276a8ac1
Fermi_E,main_and_supplementary,Q_-1,606,50,-1,train,42,within_Cn_target_quantile_isomer_80_20_seed42,ff9e14d55bd89c537eae826a0d45ad2c300a95a1b84162d89315f96e276a8ac1
Fermi_E,main_and_supplementary,Q_-1,607,50,-1,train,42,within_Cn_target_quantile_isomer_80_20_seed42,ff9e14d55bd89c537eae826a0d45ad2c300a95a1b84162d89315f96e276a8ac1
Fermi_E,main_and_supplementary,Q_-1,610,50,-1,train,42,within_Cn_target_quantile_isomer_80_20_seed42,ff9e14d55bd89c537eae826a0d45ad2c300a95a1b84162d89315f96e276a8ac1
Fermi_E,main_and_supplementary,Q_-1,611,50,-1,train,42,within_Cn_target_quantile_isomer_80_20_seed42,ff9e14d55bd89c537eae826a0d45ad2c300a95a1b84162d89315f96e276a8ac1
Fermi_E,main_and_supplementary,Q_-1,613,50,-1,train,42,within_Cn_target_quantile_isomer_80_20_seed42,ff9e14d55bd89c537eae826a0d45ad2c300a95a1b84162d89315f96e276a8ac1
Fermi_E,main_and_supplementary,Q_-1,614,50,-1,train,42,within_Cn_target_quantile_isomer_80_20_seed42,ff9e14d55bd89c537eae826a0d45ad2c300a95a1b84162d89315f96e276a8ac1
Fermi_E,main_and_supplementary,Q_-1,615,50,-1,train,42,within_Cn_target_quantile_isomer_80_20_seed42,ff9e14d55bd89c537eae826a0d45ad2c300a95a1b84162d89315f96e276a8ac1
Fermi_E,main_and_supplementary,Q_-1,616,50,-1,train,42,within_Cn_target_quantile_isomer_80_20_seed42,ff9e14d55bd89c537eae826a0d45ad2c300a95a1b84162d89315f96e276a8ac1
Fermi_E,main_and_supplementary,Q_-1,617,50,-1,train,42,within_Cn_target_quantile_isomer_80_20_seed42,ff9e14d55bd89c537eae826a0d45ad2c300a95a1b84162d89315f96e276a8ac1
Fermi_E,main_and_supplementary,Q_-1,618,50,-1,train,42,within_Cn_target_quantile_isomer_80_20_seed42,ff9e14d55bd89c537eae826a0d45ad2c300a95a1b84162d89315f96e276a8ac1
Fermi_E,main_and_supplementary,Q_-1,619,50,-1,train,42,within_Cn_target_quantile_isomer_80_20_seed42,ff9e14d55bd89c537eae826a0d45ad2c300a95a1b84162d89315f96e276a8ac1
Fermi_E,main_and_supplementary,Q_-1,620,50,-1,train,42,within_Cn_target_quantile_isomer_80_20_seed42,ff9e14d55bd89c537eae826a0d45ad2c300a95a1b84162d89315f96e276a8ac1
Fermi_E,main_and_supplementary,Q_-1,621,50,-1,train,42,within_Cn_target_quantile_isomer_80_20_seed42,ff9e14d55bd89c537eae826a0d45ad2c300a95a1b84162d89315f96e276a8ac1
Fermi_E,main_and_supplementary,Q_-1,622,50,-1,train,42,within_Cn_target_quantile_isomer_80_20_seed42,ff9e14d55bd89c537eae826a0d45ad2c300a95a1b84162d89315f96e276a8ac1
Fermi_E,main_and_supplementary,Q_-1,623,50,-1,train,42,within_Cn_target_quantile_isomer_80_20_seed42,ff9e14d55bd89c537eae826a0d45ad2c300a95a1b84162d89315f96e276a8ac1
Fermi_E,main_and_supplementary,Q_-1,624,50,-1,train,42,within_Cn_target_quantile_isomer_80_20_seed42,ff9e14d55bd89c537eae826a0d45ad2c300a95a1b84162d89315f96e276a8ac1
Fermi_E,main_and_supplementary,Q_-1,626,50,-1,train,42,within_Cn_target_quantile_isomer_80_20_seed42,ff9e14d55bd89c537eae826a0d45ad2c300a95a1b84162d89315f96e276a8ac1
Fermi_E,main_and_supplementary,Q_-1,628,50,-1,train,42,within_Cn_target_quantile_isomer_80_20_seed42,ff9e14d55bd89c537eae826a0d45ad2c300a95a1b84162d89315f96e276a8ac1
Fermi_E,main_and_supplementary,Q_-1,629,50,-1,train,42,within_Cn_target_quantile_isomer_80_20_seed42,ff9e14d55bd89c537eae826a0d45ad2c300a95a1b84162d89315f96e276a8ac1
Fermi_E,main_and_supplementary,Q_-1,630,50,-1,train,42,within_Cn_target_quantile_isomer_80_20_seed42,ff9e14d55bd89c537eae826a0d45ad2c300a95a1b84162d89315f96e276a8ac1
Fermi_E,main_and_supplementary,Q_-1,631,50,-1,train,42,within_Cn_target_quantile_isomer_80_20_seed42,ff9e14d55bd89c537eae826a0d45ad2c300a95a1b84162d89315f96e276a8ac1
Fermi_E,main_and_supplementary,Q_-1,632,50,-1,train,42,within_Cn_target_quantile_isomer_80_20_seed42,ff9e14d55bd89c537eae826a0d45ad2c300a95a1b84162d89315f96e276a8ac1
Fermi_E,main_and_supplementary,Q_-1,633,50,-1,train,42,within_Cn_target_quantile_isomer_80_20_seed42,ff9e14d55bd89c537eae826a0d45ad2c300a95a1b84162d89315f96e276a8ac1
Fermi_E,main_and_supplementary,Q_-1,634,50,-1,train,42,within_Cn_target_quantile_isomer_80_20_seed42,ff9e14d55bd89c537eae826a0d45ad2c300a95a1b84162d89315f96e276a8ac1
Fermi_E,main_and_supplementary,Q_-1,635,50,-1,train,42,within_Cn_target_quantile_isomer_80_20_seed42,ff9e14d55bd89c537eae826a0d45ad2c300a95a1b84162d89315f96e276a8ac1
Fermi_E,main_and_supplementary,Q_-1,636,50,-1,train,42,within_Cn_target_quantile_isomer_80_20_seed42,ff9e14d55bd89c537eae826a0d45ad2c300a95a1b84162d89315f96e276a8ac1
Fermi_E,main_and_supplementary,Q_-1,637,50,-1,train,42,within_Cn_target_quantile_isomer_80_20_seed42,ff9e14d55bd89c537eae826a0d45ad2c300a95a1b84162d89315f96e276a8ac1
Fermi_E,main_and_supplementary,Q_-1,638,50,-1,train,42,within_Cn_target_quantile_isomer_80_20_seed42,ff9e14d55bd89c537eae826a0d45ad2c300a95a1b84162d89315f96e276a8ac1
Fermi_E,main_and_supplementary,Q_-1,639,50,-1,train,42,within_Cn_target_quantile_isomer_80_20_seed42,ff9e14d55bd89c537eae826a0d45ad2c300a95a1b84162d89315f96e276a8ac1
Fermi_E,main_and_supplementary,Q_-1,642,50,-1,train,42,within_Cn_target_quantile_isomer_80_20_seed42,ff9e14d55bd89c537eae826a0d45ad2c300a95a1b84162d89315f96e276a8ac1
Fermi_E,main_and_supplementary,Q_-1,645,50,-1,train,42,within_Cn_target_quantile_isomer_80_20_seed42,ff9e14d55bd89c537eae826a0d45ad2c300a95a1b84162d89315f96e276a8ac1
Fermi_E,main_and_supplementary,Q_-1,647,50,-1,train,42,within_Cn_target_quantile_isomer_80_20_seed42,ff9e14d55bd89c537eae826a0d45ad2c300a95a1b84162d89315f96e276a8ac1
Fermi_E,main_and_supplementary,Q_-1,648,50,-1,train,42,within_Cn_target_quantile_isomer_80_20_seed42,ff9e14d55bd89c537eae826a0d45ad2c300a95a1b84162d89315f96e276a8ac1
Fermi_E,main_and_supplementary,Q_-1,649,50,-1,train,42,within_Cn_target_quantile_isomer_80_20_seed42,ff9e14d55bd89c537eae826a0d45ad2c300a95a1b84162d89315f96e276a8ac1
Fermi_E,main_and_supplementary,Q_-1,650,50,-1,train,42,within_Cn_target_quantile_isomer_80_20_seed42,ff9e14d55bd89c537eae826a0d45ad2c300a95a1b84162d89315f96e276a8ac1
Fermi_E,main_and_supplementary,Q_-1,651,50,-1,train,42,within_Cn_target_quantile_isomer_80_20_seed42,ff9e14d55bd89c537eae826a0d45ad2c300a95a1b84162d89315f96e276a8ac1
Fermi_E,main_and_supplementary,Q_-1,652,50,-1,train,42,within_Cn_target_quantile_isomer_80_20_seed42,ff9e14d55bd89c537eae826a0d45ad2c300a95a1b84162d89315f96e276a8ac1
Fermi_E,main_and_supplementary,Q_-1,653,50,-1,train,42,within_Cn_target_quantile_isomer_80_20_seed42,ff9e14d55bd89c537eae826a0d45ad2c300a95a1b84162d89315f96e276a8ac1
Fermi_E,main_and_supplementary,Q_-1,654,50,-1,train,42,within_Cn_target_quantile_isomer_80_20_seed42,ff9e14d55bd89c537eae826a0d45ad2c300a95a1b84162d89315f96e276a8ac1
Fermi_E,main_and_supplementary,Q_-1,655,50,-1,train,42,within_Cn_target_quantile_isomer_80_20_seed42,ff9e14d55bd89c537eae826a0d45ad2c300a95a1b84162d89315f96e276a8ac1
Fermi_E,main_and_supplementary,Q_-1,656,50,-1,train,42,within_Cn_target_quantile_isomer_80_20_seed42,ff9e14d55bd89c537eae826a0d45ad2c300a95a1b84162d89315f96e276a8ac1
Fermi_E,main_and_supplementary,Q_-1,657,50,-1,train,42,within_Cn_target_quantile_isomer_80_20_seed42,ff9e14d55bd89c537eae826a0d45ad2c300a95a1b84162d89315f96e276a8ac1
Fermi_E,main_and_supplementary,Q_-1,658,50,-1,train,42,within_Cn_target_quantile_isomer_80_20_seed42,ff9e14d55bd89c537eae826a0d45ad2c300a95a1b84162d89315f96e276a8ac1
Fermi_E,main_and_supplementary,Q_-1,659,50,-1,train,42,within_Cn_target_quantile_isomer_80_20_seed42,ff9e14d55bd89c537eae826a0d45ad2c300a95a1b84162d89315f96e276a8ac1
Fermi_E,main_and_supplementary,Q_-1,661,50,-1,train,42,within_Cn_target_quantile_isomer_80_20_seed42,ff9e14d55bd89c537eae826a0d45ad2c300a95a1b84162d89315f96e276a8ac1
Fermi_E,main_and_supplementary,Q_-1,662,50,-1,train,42,within_Cn_target_quantile_isomer_80_20_seed42,ff9e14d55bd89c537eae826a0d45ad2c300a95a1b84162d89315f96e276a8ac1
Fermi_E,main_and_supplementary,Q_-1,663,50,-1,train,42,within_Cn_target_quantile_isomer_80_20_seed42,ff9e14d55bd89c537eae826a0d45ad2c300a95a1b84162d89315f96e276a8ac1
Fermi_E,main_and_supplementary,Q_-1,664,50,-1,train,42,within_Cn_target_quantile_isomer_80_20_seed42,ff9e14d55bd89c537eae826a0d45ad2c300a95a1b84162d89315f96e276a8ac1
Fermi_E,main_and_supplementary,Q_-1,666,50,-1,train,42,within_Cn_target_quantile_isomer_80_20_seed42,ff9e14d55bd89c537eae826a0d45ad2c300a95a1b84162d89315f96e276a8ac1
Fermi_E,main_and_supplementary,Q_-1,667,50,-1,train,42,within_Cn_target_quantile_isomer_80_20_seed42,ff9e14d55bd89c537eae826a0d45ad2c300a95a1b84162d89315f96e276a8ac1
Fermi_E,main_and_supplementary,Q_-1,668,50,-1,train,42,within_Cn_target_quantile_isomer_80_20_seed42,ff9e14d55bd89c537eae826a0d45ad2c300a95a1b84162d89315f96e276a8ac1
Fermi_E,main_and_supplementary,Q_-1,670,50,-1,train,42,within_Cn_target_quantile_isomer_80_20_seed42,ff9e14d55bd89c537eae826a0d45ad2c300a95a1b84162d89315f96e276a8ac1
Fermi_E,main_and_supplementary,Q_-1,674,50,-1,train,42,within_Cn_target_quantile_isomer_80_20_seed42,ff9e14d55bd89c537eae826a0d45ad2c300a95a1b84162d89315f96e276a8ac1
Fermi_E,main_and_supplementary,Q_-1,675,50,-1,train,42,within_Cn_target_quantile_isomer_80_20_seed42,ff9e14d55bd89c537eae826a0d45ad2c300a95a1b84162d89315f96e276a8ac1
Fermi_E,main_and_supplementary,Q_-1,676,50,-1,train,42,within_Cn_target_quantile_isomer_80_20_seed42,ff9e14d55bd89c537eae826a0d45ad2c300a95a1b84162d89315f96e276a8ac1
Fermi_E,main_and_supplementary,Q_-1,677,50,-1,train,42,within_Cn_target_quantile_isomer_80_20_seed42,ff9e14d55bd89c537eae826a0d45ad2c300a95a1b84162d89315f96e276a8ac1
Fermi_E,main_and_supplementary,Q_-1,678,50,-1,train,42,within_Cn_target_quantile_isomer_80_20_seed42,ff9e14d55bd89c537eae826a0d45ad2c300a95a1b84162d89315f96e276a8ac1
Fermi_E,main_and_supplementary,Q_-1,679,50,-1,train,42,within_Cn_target_quantile_isomer_80_20_seed42,ff9e14d55bd89c537eae826a0d45ad2c300a95a1b84162d89315f96e276a8ac1
Fermi_E,main_and_supplementary,Q_-1,681,50,-1,train,42,within_Cn_target_quantile_isomer_80_20_seed42,ff9e14d55bd89c537eae826a0d45ad2c300a95a1b84162d89315f96e276a8ac1
Fermi_E,main_and_supplementary,Q_-1,682,50,-1,train,42,within_Cn_target_quantile_isomer_80_20_seed42,ff9e14d55bd89c537eae826a0d45ad2c300a95a1b84162d89315f96e276a8ac1
Fermi_E,main_and_supplementary,Q_-1,683,50,-1,train,42,within_Cn_target_quantile_isomer_80_20_seed42,ff9e14d55bd89c537eae826a0d45ad2c300a95a1b84162d89315f96e276a8ac1
Fermi_E,main_and_supplementary,Q_-1,685,50,-1,train,42,within_Cn_target_quantile_isomer_80_20_seed42,ff9e14d55bd89c537eae826a0d45ad2c300a95a1b84162d89315f96e276a8ac1
Fermi_E,main_and_supplementary,Q_-1,686,50,-1,train,42,within_Cn_target_quantile_isomer_80_20_seed42,ff9e14d55bd89c537eae826a0d45ad2c300a95a1b84162d89315f96e276a8ac1
Fermi_E,main_and_supplementary,Q_-1,687,50,-1,train,42,within_Cn_target_quantile_isomer_80_20_seed42,ff9e14d55bd89c537eae826a0d45ad2c300a95a1b84162d89315f96e276a8ac1
Fermi_E,main_and_supplementary,Q_-1,688,50,-1,train,42,within_Cn_target_quantile_isomer_80_20_seed42,ff9e14d55bd89c537eae826a0d45ad2c300a95a1b84162d89315f96e276a8ac1
Fermi_E,main_and_supplementary,Q_-1,690,50,-1,train,42,within_Cn_target_quantile_isomer_80_20_seed42,ff9e14d55bd89c537eae826a0d45ad2c300a95a1b84162d89315f96e276a8ac1
Fermi_E,main_and_supplementary,Q_-1,691,50,-1,train,42,within_Cn_target_quantile_isomer_80_20_seed42,ff9e14d55bd89c537eae826a0d45ad2c300a95a1b84162d89315f96e276a8ac1
Fermi_E,main_and_supplementary,Q_-1,692,50,-1,train,42,within_Cn_target_quantile_isomer_80_20_seed42,ff9e14d55bd89c537eae826a0d45ad2c300a95a1b84162d89315f96e276a8ac1
Fermi_E,main_and_supplementary,Q_-1,693,50,-1,train,42,within_Cn_target_quantile_isomer_80_20_seed42,ff9e14d55bd89c537eae826a0d45ad2c300a95a1b84162d89315f96e276a8ac1
Fermi_E,main_and_supplementary,Q_-1,696,50,-1,train,42,within_Cn_target_quantile_isomer_80_20_seed42,ff9e14d55bd89c537eae826a0d45ad2c300a95a1b84162d89315f96e276a8ac1
Fermi_E,main_and_supplementary,Q_-1,697,50,-1,train,42,within_Cn_target_quantile_isomer_80_20_seed42,ff9e14d55bd89c537eae826a0d45ad2c300a95a1b84162d89315f96e276a8ac1
Fermi_E,main_and_supplementary,Q_-1,698,50,-1,train,42,within_Cn_target_quantile_isomer_80_20_seed42,ff9e14d55bd89c537eae826a0d45ad2c300a95a1b84162d89315f96e276a8ac1
Fermi_E,main_and_supplementary,Q_-1,699,50,-1,train,42,within_Cn_target_quantile_isomer_80_20_seed42,ff9e14d55bd89c537eae826a0d45ad2c300a95a1b84162d89315f96e276a8ac1
Fermi_E,main_and_supplementary,Q_-1,700,50,-1,train,42,within_Cn_target_quantile_isomer_80_20_seed42,ff9e14d55bd89c537eae826a0d45ad2c300a95a1b84162d89315f96e276a8ac1
Fermi_E,main_and_supplementary,Q_-1,701,50,-1,train,42,within_Cn_target_quantile_isomer_80_20_seed42,ff9e14d55bd89c537eae826a0d45ad2c300a95a1b84162d89315f96e276a8ac1
Fermi_E,main_and_supplementary,Q_-1,702,50,-1,train,42,within_Cn_target_quantile_isomer_80_20_seed42,ff9e14d55bd89c537eae826a0d45ad2c300a95a1b84162d89315f96e276a8ac1
Fermi_E,main_and_supplementary,Q_-1,703,50,-1,train,42,within_Cn_target_quantile_isomer_80_20_seed42,ff9e14d55bd89c537eae826a0d45ad2c300a95a1b84162d89315f96e276a8ac1
Fermi_E,main_and_supplementary,Q_-1,704,50,-1,train,42,within_Cn_target_quantile_isomer_80_20_seed42,ff9e14d55bd89c537eae826a0d45ad2c300a95a1b84162d89315f96e276a8ac1
Fermi_E,main_and_supplementary,Q_-1,705,50,-1,train,42,within_Cn_target_quantile_isomer_80_20_seed42,ff9e14d55bd89c537eae826a0d45ad2c300a95a1b84162d89315f96e276a8ac1
Fermi_E,main_and_supplementary,Q_-1,706,50,-1,train,42,within_Cn_target_quantile_isomer_80_20_seed42,ff9e14d55bd89c537eae826a0d45ad2c300a95a1b84162d89315f96e276a8ac1
Fermi_E,main_and_supplementary,Q_-1,707,50,-1,train,42,within_Cn_target_quantile_isomer_80_20_seed42,ff9e14d55bd89c537eae826a0d45ad2c300a95a1b84162d89315f96e276a8ac1
Fermi_E,main_and_supplementary,Q_-1,708,50,-1,train,42,within_Cn_target_quantile_isomer_80_20_seed42,ff9e14d55bd89c537eae826a0d45ad2c300a95a1b84162d89315f96e276a8ac1
Fermi_E,main_and_supplementary,Q_-1,709,50,-1,train,42,within_Cn_target_quantile_isomer_80_20_seed42,ff9e14d55bd89c537eae826a0d45ad2c300a95a1b84162d89315f96e276a8ac1
Fermi_E,main_and_supplementary,Q_-1,711,50,-1,train,42,within_Cn_target_quantile_isomer_80_20_seed42,ff9e14d55bd89c537eae826a0d45ad2c300a95a1b84162d89315f96e276a8ac1
Fermi_E,main_and_supplementary,Q_-1,712,50,-1,train,42,within_Cn_target_quantile_isomer_80_20_seed42,ff9e14d55bd89c537eae826a0d45ad2c300a95a1b84162d89315f96e276a8ac1
Fermi_E,main_and_supplementary,Q_-1,713,50,-1,train,42,within_Cn_target_quantile_isomer_80_20_seed42,ff9e14d55bd89c537eae826a0d45ad2c300a95a1b84162d89315f96e276a8ac1
Fermi_E,main_and_supplementary,Q_-1,714,50,-1,train,42,within_Cn_target_quantile_isomer_80_20_seed42,ff9e14d55bd89c537eae826a0d45ad2c300a95a1b84162d89315f96e276a8ac1
Fermi_E,main_and_supplementary,Q_-1,715,50,-1,train,42,within_Cn_target_quantile_isomer_80_20_seed42,ff9e14d55bd89c537eae826a0d45ad2c300a95a1b84162d89315f96e276a8ac1
Fermi_E,main_and_supplementary,Q_-1,716,50,-1,train,42,within_Cn_target_quantile_isomer_80_20_seed42,ff9e14d55bd89c537eae826a0d45ad2c300a95a1b84162d89315f96e276a8ac1
Fermi_E,main_and_supplementary,Q_-1,717,50,-1,train,42,within_Cn_target_quantile_isomer_80_20_seed42,ff9e14d55bd89c537eae826a0d45ad2c300a95a1b84162d89315f96e276a8ac1
Fermi_E,main_and_supplementary,Q_-1,718,50,-1,train,42,within_Cn_target_quantile_isomer_80_20_seed42,ff9e14d55bd89c537eae826a0d45ad2c300a95a1b84162d89315f96e276a8ac1
Fermi_E,main_and_supplementary,Q_-1,719,50,-1,train,42,within_Cn_target_quantile_isomer_80_20_seed42,ff9e14d55bd89c537eae826a0d45ad2c300a95a1b84162d89315f96e276a8ac1
Fermi_E,main_and_supplementary,Q_-1,720,50,-1,train,42,within_Cn_target_quantile_isomer_80_20_seed42,ff9e14d55bd89c537eae826a0d45ad2c300a95a1b84162d89315f96e276a8ac1
Fermi_E,main_and_supplementary,Q_-1,721,50,-1,train,42,within_Cn_target_quantile_isomer_80_20_seed42,ff9e14d55bd89c537eae826a0d45ad2c300a95a1b84162d89315f96e276a8ac1
Fermi_E,main_and_supplementary,Q_-1,722,50,-1,train,42,within_Cn_target_quantile_isomer_80_20_seed42,ff9e14d55bd89c537eae826a0d45ad2c300a95a1b84162d89315f96e276a8ac1
Fermi_E,main_and_supplementary,Q_-1,723,50,-1,train,42,within_Cn_target_quantile_isomer_80_20_seed42,ff9e14d55bd89c537eae826a0d45ad2c300a95a1b84162d89315f96e276a8ac1
Fermi_E,main_and_supplementary,Q_-1,725,50,-1,train,42,within_Cn_target_quantile_isomer_80_20_seed42,ff9e14d55bd89c537eae826a0d45ad2c300a95a1b84162d89315f96e276a8ac1
Fermi_E,main_and_supplementary,Q_-1,726,50,-1,train,42,within_Cn_target_quantile_isomer_80_20_seed42,ff9e14d55bd89c537eae826a0d45ad2c300a95a1b84162d89315f96e276a8ac1
Fermi_E,main_and_supplementary,Q_-1,728,50,-1,train,42,within_Cn_target_quantile_isomer_80_20_seed42,ff9e14d55bd89c537eae826a0d45ad2c300a95a1b84162d89315f96e276a8ac1
Fermi_E,main_and_supplementary,Q_-1,729,50,-1,train,42,within_Cn_target_quantile_isomer_80_20_seed42,ff9e14d55bd89c537eae826a0d45ad2c300a95a1b84162d89315f96e276a8ac1
Fermi_E,main_and_supplementary,Q_-1,731,50,-1,train,42,within_Cn_target_quantile_isomer_80_20_seed42,ff9e14d55bd89c537eae826a0d45ad2c300a95a1b84162d89315f96e276a8ac1
Fermi_E,main_and_supplementary,Q_-1,732,50,-1,train,42,within_Cn_target_quantile_isomer_80_20_seed42,ff9e14d55bd89c537eae826a0d45ad2c300a95a1b84162d89315f96e276a8ac1
Fermi_E,main_and_supplementary,Q_-1,733,50,-1,train,42,within_Cn_target_quantile_isomer_80_20_seed42,ff9e14d55bd89c537eae826a0d45ad2c300a95a1b84162d89315f96e276a8ac1
Fermi_E,main_and_supplementary,Q_-1,734,50,-1,train,42,within_Cn_target_quantile_isomer_80_20_seed42,ff9e14d55bd89c537eae826a0d45ad2c300a95a1b84162d89315f96e276a8ac1
Fermi_E,main_and_supplementary,Q_-1,735,50,-1,train,42,within_Cn_target_quantile_isomer_80_20_seed42,ff9e14d55bd89c537eae826a0d45ad2c300a95a1b84162d89315f96e276a8ac1
Fermi_E,main_and_supplementary,Q_-1,736,50,-1,train,42,within_Cn_target_quantile_isomer_80_20_seed42,ff9e14d55bd89c537eae826a0d45ad2c300a95a1b84162d89315f96e276a8ac1
Fermi_E,main_and_supplementary,Q_-1,737,50,-1,train,42,within_Cn_target_quantile_isomer_80_20_seed42,ff9e14d55bd89c537eae826a0d45ad2c300a95a1b84162d89315f96e276a8ac1
Fermi_E,main_and_supplementary,Q_-1,738,50,-1,train,42,within_Cn_target_quantile_isomer_80_20_seed42,ff9e14d55bd89c537eae826a0d45ad2c300a95a1b84162d89315f96e276a8ac1
Fermi_E,main_and_supplementary,Q_-1,739,50,-1,train,42,within_Cn_target_quantile_isomer_80_20_seed42,ff9e14d55bd89c537eae826a0d45ad2c300a95a1b84162d89315f96e276a8ac1
Fermi_E,main_and_supplementary,Q_-1,740,50,-1,train,42,within_Cn_target_quantile_isomer_80_20_seed42,ff9e14d55bd89c537eae826a0d45ad2c300a95a1b84162d89315f96e276a8ac1
Fermi_E,main_and_supplementary,Q_-1,743,50,-1,train,42,within_Cn_target_quantile_isomer_80_20_seed42,ff9e14d55bd89c537eae826a0d45ad2c300a95a1b84162d89315f96e276a8ac1
Fermi_E,main_and_supplementary,Q_-1,746,50,-1,train,42,within_Cn_target_quantile_isomer_80_20_seed42,ff9e14d55bd89c537eae826a0d45ad2c300a95a1b84162d89315f96e276a8ac1
Fermi_E,main_and_supplementary,Q_-1,747,50,-1,train,42,within_Cn_target_quantile_isomer_80_20_seed42,ff9e14d55bd89c537eae826a0d45ad2c300a95a1b84162d89315f96e276a8ac1
Fermi_E,main_and_supplementary,Q_-1,748,50,-1,train,42,within_Cn_target_quantile_isomer_80_20_seed42,ff9e14d55bd89c537eae826a0d45ad2c300a95a1b84162d89315f96e276a8ac1
Fermi_E,main_and_supplementary,Q_-1,749,50,-1,train,42,within_Cn_target_quantile_isomer_80_20_seed42,ff9e14d55bd89c537eae826a0d45ad2c300a95a1b84162d89315f96e276a8ac1
Fermi_E,main_and_supplementary,Q_-1,750,50,-1,train,42,within_Cn_target_quantile_isomer_80_20_seed42,ff9e14d55bd89c537eae826a0d45ad2c300a95a1b84162d89315f96e276a8ac1
Fermi_E,main_and_supplementary,Q_-1,752,50,-1,train,42,within_Cn_target_quantile_isomer_80_20_seed42,ff9e14d55bd89c537eae826a0d45ad2c300a95a1b84162d89315f96e276a8ac1
Fermi_E,main_and_supplementary,Q_-1,753,50,-1,train,42,within_Cn_target_quantile_isomer_80_20_seed42,ff9e14d55bd89c537eae826a0d45ad2c300a95a1b84162d89315f96e276a8ac1
Fermi_E,main_and_supplementary,Q_-1,755,50,-1,train,42,within_Cn_target_quantile_isomer_80_20_seed42,ff9e14d55bd89c537eae826a0d45ad2c300a95a1b84162d89315f96e276a8ac1
Fermi_E,main_and_supplementary,Q_-1,756,50,-1,train,42,within_Cn_target_quantile_isomer_80_20_seed42,ff9e14d55bd89c537eae826a0d45ad2c300a95a1b84162d89315f96e276a8ac1
Fermi_E,main_and_supplementary,Q_-1,757,50,-1,train,42,within_Cn_target_quantile_isomer_80_20_seed42,ff9e14d55bd89c537eae826a0d45ad2c300a95a1b84162d89315f96e276a8ac1
Fermi_E,main_and_supplementary,Q_-1,758,50,-1,train,42,within_Cn_target_quantile_isomer_80_20_seed42,ff9e14d55bd89c537eae826a0d45ad2c300a95a1b84162d89315f96e276a8ac1
Fermi_E,main_and_supplementary,Q_-1,759,50,-1,train,42,within_Cn_target_quantile_isomer_80_20_seed42,ff9e14d55bd89c537eae826a0d45ad2c300a95a1b84162d89315f96e276a8ac1
Fermi_E,main_and_supplementary,Q_-1,760,50,-1,train,42,within_Cn_target_quantile_isomer_80_20_seed42,ff9e14d55bd89c537eae826a0d45ad2c300a95a1b84162d89315f96e276a8ac1
Fermi_E,main_and_supplementary,Q_-1,761,50,-1,train,42,within_Cn_target_quantile_isomer_80_20_seed42,ff9e14d55bd89c537eae826a0d45ad2c300a95a1b84162d89315f96e276a8ac1
Fermi_E,main_and_supplementary,Q_-1,762,50,-1,train,42,within_Cn_target_quantile_isomer_80_20_seed42,ff9e14d55bd89c537eae826a0d45ad2c300a95a1b84162d89315f96e276a8ac1
Fermi_E,main_and_supplementary,Q_-1,763,50,-1,train,42,within_Cn_target_quantile_isomer_80_20_seed42,ff9e14d55bd89c537eae826a0d45ad2c300a95a1b84162d89315f96e276a8ac1
Fermi_E,main_and_supplementary,Q_-1,765,50,-1,train,42,within_Cn_target_quantile_isomer_80_20_seed42,ff9e14d55bd89c537eae826a0d45ad2c300a95a1b84162d89315f96e276a8ac1
Fermi_E,main_and_supplementary,Q_-1,766,50,-1,train,42,within_Cn_target_quantile_isomer_80_20_seed42,ff9e14d55bd89c537eae826a0d45ad2c300a95a1b84162d89315f96e276a8ac1
Fermi_E,main_and_supplementary,Q_-1,767,50,-1,train,42,within_Cn_target_quantile_isomer_80_20_seed42,ff9e14d55bd89c537eae826a0d45ad2c300a95a1b84162d89315f96e276a8ac1
Fermi_E,main_and_supplementary,Q_-1,768,50,-1,train,42,within_Cn_target_quantile_isomer_80_20_seed42,ff9e14d55bd89c537eae826a0d45ad2c300a95a1b84162d89315f96e276a8ac1
Fermi_E,main_and_supplementary,Q_-1,769,50,-1,train,42,within_Cn_target_quantile_isomer_80_20_seed42,ff9e14d55bd89c537eae826a0d45ad2c300a95a1b84162d89315f96e276a8ac1
Fermi_E,main_and_supplementary,Q_-1,770,50,-1,train,42,within_Cn_target_quantile_isomer_80_20_seed42,ff9e14d55bd89c537eae826a0d45ad2c300a95a1b84162d89315f96e276a8ac1
Fermi_E,main_and_supplementary,Q_-1,771,50,-1,train,42,within_Cn_target_quantile_isomer_80_20_seed42,ff9e14d55bd89c537eae826a0d45ad2c300a95a1b84162d89315f96e276a8ac1
Fermi_E,main_and_supplementary,Q_-1,772,50,-1,train,42,within_Cn_target_quantile_isomer_80_20_seed42,ff9e14d55bd89c537eae826a0d45ad2c300a95a1b84162d89315f96e276a8ac1
Fermi_E,main_and_supplementary,Q_-1,774,50,-1,train,42,within_Cn_target_quantile_isomer_80_20_seed42,ff9e14d55bd89c537eae826a0d45ad2c300a95a1b84162d89315f96e276a8ac1
Fermi_E,main_and_supplementary,Q_-1,775,50,-1,train,42,within_Cn_target_quantile_isomer_80_20_seed42,ff9e14d55bd89c537eae826a0d45ad2c300a95a1b84162d89315f96e276a8ac1
Fermi_E,main_and_supplementary,Q_-1,776,50,-1,train,42,within_Cn_target_quantile_isomer_80_20_seed42,ff9e14d55bd89c537eae826a0d45ad2c300a95a1b84162d89315f96e276a8ac1
Fermi_E,main_and_supplementary,Q_-1,778,50,-1,train,42,within_Cn_target_quantile_isomer_80_20_seed42,ff9e14d55bd89c537eae826a0d45ad2c300a95a1b84162d89315f96e276a8ac1
Fermi_E,main_and_supplementary,Q_-1,779,50,-1,train,42,within_Cn_target_quantile_isomer_80_20_seed42,ff9e14d55bd89c537eae826a0d45ad2c300a95a1b84162d89315f96e276a8ac1
Fermi_E,main_and_supplementary,Q_-1,780,50,-1,train,42,within_Cn_target_quantile_isomer_80_20_seed42,ff9e14d55bd89c537eae826a0d45ad2c300a95a1b84162d89315f96e276a8ac1
Fermi_E,main_and_supplementary,Q_-1,783,50,-1,train,42,within_Cn_target_quantile_isomer_80_20_seed42,ff9e14d55bd89c537eae826a0d45ad2c300a95a1b84162d89315f96e276a8ac1
Fermi_E,main_and_supplementary,Q_-1,784,50,-1,train,42,within_Cn_target_quantile_isomer_80_20_seed42,ff9e14d55bd89c537eae826a0d45ad2c300a95a1b84162d89315f96e276a8ac1
Fermi_E,main_and_supplementary,Q_-1,785,50,-1,train,42,within_Cn_target_quantile_isomer_80_20_seed42,ff9e14d55bd89c537eae826a0d45ad2c300a95a1b84162d89315f96e276a8ac1
Fermi_E,main_and_supplementary,Q_-1,786,50,-1,train,42,within_Cn_target_quantile_isomer_80_20_seed42,ff9e14d55bd89c537eae826a0d45ad2c300a95a1b84162d89315f96e276a8ac1
Fermi_E,main_and_supplementary,Q_-1,789,50,-1,train,42,within_Cn_target_quantile_isomer_80_20_seed42,ff9e14d55bd89c537eae826a0d45ad2c300a95a1b84162d89315f96e276a8ac1
Fermi_E,main_and_supplementary,Q_-1,790,50,-1,train,42,within_Cn_target_quantile_isomer_80_20_seed42,ff9e14d55bd89c537eae826a0d45ad2c300a95a1b84162d89315f96e276a8ac1
Fermi_E,main_and_supplementary,Q_-1,791,50,-1,train,42,within_Cn_target_quantile_isomer_80_20_seed42,ff9e14d55bd89c537eae826a0d45ad2c300a95a1b84162d89315f96e276a8ac1
Fermi_E,main_and_supplementary,Q_-1,792,50,-1,train,42,within_Cn_target_quantile_isomer_80_20_seed42,ff9e14d55bd89c537eae826a0d45ad2c300a95a1b84162d89315f96e276a8ac1
Fermi_E,main_and_supplementary,Q_-1,793,50,-1,train,42,within_Cn_target_quantile_isomer_80_20_seed42,ff9e14d55bd89c537eae826a0d45ad2c300a95a1b84162d89315f96e276a8ac1
Fermi_E,main_and_supplementary,Q_-1,795,50,-1,train,42,within_Cn_target_quantile_isomer_80_20_seed42,ff9e14d55bd89c537eae826a0d45ad2c300a95a1b84162d89315f96e276a8ac1
Fermi_E,main_and_supplementary,Q_-1,796,50,-1,train,42,within_Cn_target_quantile_isomer_80_20_seed42,ff9e14d55bd89c537eae826a0d45ad2c300a95a1b84162d89315f96e276a8ac1
Fermi_E,main_and_supplementary,Q_-1,797,50,-1,train,42,within_Cn_target_quantile_isomer_80_20_seed42,ff9e14d55bd89c537eae826a0d45ad2c300a95a1b84162d89315f96e276a8ac1
Fermi_E,main_and_supplementary,Q_-1,798,50,-1,train,42,within_Cn_target_quantile_isomer_80_20_seed42,ff9e14d55bd89c537eae826a0d45ad2c300a95a1b84162d89315f96e276a8ac1
Fermi_E,main_and_supplementary,Q_-1,799,50,-1,train,42,within_Cn_target_quantile_isomer_80_20_seed42,ff9e14d55bd89c537eae826a0d45ad2c300a95a1b84162d89315f96e276a8ac1
Fermi_E,main_and_supplementary,Q_-1,800,50,-1,train,42,within_Cn_target_quantile_isomer_80_20_seed42,ff9e14d55bd89c537eae826a0d45ad2c300a95a1b84162d89315f96e276a8ac1
Fermi_E,main_and_supplementary,Q_-1,801,50,-1,train,42,within_Cn_target_quantile_isomer_80_20_seed42,ff9e14d55bd89c537eae826a0d45ad2c300a95a1b84162d89315f96e276a8ac1
Fermi_E,main_and_supplementary,Q_-1,802,50,-1,train,42,within_Cn_target_quantile_isomer_80_20_seed42,ff9e14d55bd89c537eae826a0d45ad2c300a95a1b84162d89315f96e276a8ac1
Fermi_E,main_and_supplementary,Q_-1,803,50,-1,train,42,within_Cn_target_quantile_isomer_80_20_seed42,ff9e14d55bd89c537eae826a0d45ad2c300a95a1b84162d89315f96e276a8ac1
Fermi_E,main_and_supplementary,Q_-1,804,50,-1,train,42,within_Cn_target_quantile_isomer_80_20_seed42,ff9e14d55bd89c537eae826a0d45ad2c300a95a1b84162d89315f96e276a8ac1
Fermi_E,main_and_supplementary,Q_-1,805,50,-1,train,42,within_Cn_target_quantile_isomer_80_20_seed42,ff9e14d55bd89c537eae826a0d45ad2c300a95a1b84162d89315f96e276a8ac1
Fermi_E,main_and_supplementary,Q_-1,807,50,-1,train,42,within_Cn_target_quantile_isomer_80_20_seed42,ff9e14d55bd89c537eae826a0d45ad2c300a95a1b84162d89315f96e276a8ac1
Fermi_E,main_and_supplementary,Q_-1,808,50,-1,train,42,within_Cn_target_quantile_isomer_80_20_seed42,ff9e14d55bd89c537eae826a0d45ad2c300a95a1b84162d89315f96e276a8ac1
Fermi_E,main_and_supplementary,Q_-1,809,50,-1,train,42,within_Cn_target_quantile_isomer_80_20_seed42,ff9e14d55bd89c537eae826a0d45ad2c300a95a1b84162d89315f96e276a8ac1
Fermi_E,main_and_supplementary,Q_-1,810,50,-1,train,42,within_Cn_target_quantile_isomer_80_20_seed42,ff9e14d55bd89c537eae826a0d45ad2c300a95a1b84162d89315f96e276a8ac1
Fermi_E,main_and_supplementary,Q_-1,811,50,-1,train,42,within_Cn_target_quantile_isomer_80_20_seed42,ff9e14d55bd89c537eae826a0d45ad2c300a95a1b84162d89315f96e276a8ac1
Fermi_E,main_and_supplementary,Q_-1,812,50,-1,train,42,within_Cn_target_quantile_isomer_80_20_seed42,ff9e14d55bd89c537eae826a0d45ad2c300a95a1b84162d89315f96e276a8ac1
Fermi_E,main_and_supplementary,Q_-1,813,52,-1,train,42,within_Cn_target_quantile_isomer_80_20_seed42,ff9e14d55bd89c537eae826a0d45ad2c300a95a1b84162d89315f96e276a8ac1
Fermi_E,main_and_supplementary,Q_-1,814,52,-1,train,42,within_Cn_target_quantile_isomer_80_20_seed42,ff9e14d55bd89c537eae826a0d45ad2c300a95a1b84162d89315f96e276a8ac1
Fermi_E,main_and_supplementary,Q_-1,815,52,-1,train,42,within_Cn_target_quantile_isomer_80_20_seed42,ff9e14d55bd89c537eae826a0d45ad2c300a95a1b84162d89315f96e276a8ac1
Fermi_E,main_and_supplementary,Q_-1,816,52,-1,train,42,within_Cn_target_quantile_isomer_80_20_seed42,ff9e14d55bd89c537eae826a0d45ad2c300a95a1b84162d89315f96e276a8ac1
Fermi_E,main_and_supplementary,Q_-1,818,52,-1,train,42,within_Cn_target_quantile_isomer_80_20_seed42,ff9e14d55bd89c537eae826a0d45ad2c300a95a1b84162d89315f96e276a8ac1
Fermi_E,main_and_supplementary,Q_-1,819,52,-1,train,42,within_Cn_target_quantile_isomer_80_20_seed42,ff9e14d55bd89c537eae826a0d45ad2c300a95a1b84162d89315f96e276a8ac1
Fermi_E,main_and_supplementary,Q_-1,820,52,-1,train,42,within_Cn_target_quantile_isomer_80_20_seed42,ff9e14d55bd89c537eae826a0d45ad2c300a95a1b84162d89315f96e276a8ac1
Fermi_E,main_and_supplementary,Q_-1,821,52,-1,train,42,within_Cn_target_quantile_isomer_80_20_seed42,ff9e14d55bd89c537eae826a0d45ad2c300a95a1b84162d89315f96e276a8ac1
Fermi_E,main_and_supplementary,Q_-1,823,52,-1,train,42,within_Cn_target_quantile_isomer_80_20_seed42,ff9e14d55bd89c537eae826a0d45ad2c300a95a1b84162d89315f96e276a8ac1
Fermi_E,main_and_supplementary,Q_-1,825,52,-1,train,42,within_Cn_target_quantile_isomer_80_20_seed42,ff9e14d55bd89c537eae826a0d45ad2c300a95a1b84162d89315f96e276a8ac1
Fermi_E,main_and_supplementary,Q_-1,826,52,-1,train,42,within_Cn_target_quantile_isomer_80_20_seed42,ff9e14d55bd89c537eae826a0d45ad2c300a95a1b84162d89315f96e276a8ac1
Fermi_E,main_and_supplementary,Q_-1,827,52,-1,train,42,within_Cn_target_quantile_isomer_80_20_seed42,ff9e14d55bd89c537eae826a0d45ad2c300a95a1b84162d89315f96e276a8ac1
Fermi_E,main_and_supplementary,Q_-1,828,52,-1,train,42,within_Cn_target_quantile_isomer_80_20_seed42,ff9e14d55bd89c537eae826a0d45ad2c300a95a1b84162d89315f96e276a8ac1
Fermi_E,main_and_supplementary,Q_-1,829,52,-1,train,42,within_Cn_target_quantile_isomer_80_20_seed42,ff9e14d55bd89c537eae826a0d45ad2c300a95a1b84162d89315f96e276a8ac1
Fermi_E,main_and_supplementary,Q_-1,830,52,-1,train,42,within_Cn_target_quantile_isomer_80_20_seed42,ff9e14d55bd89c537eae826a0d45ad2c300a95a1b84162d89315f96e276a8ac1
Fermi_E,main_and_supplementary,Q_-1,831,52,-1,train,42,within_Cn_target_quantile_isomer_80_20_seed42,ff9e14d55bd89c537eae826a0d45ad2c300a95a1b84162d89315f96e276a8ac1
Fermi_E,main_and_supplementary,Q_-1,834,52,-1,train,42,within_Cn_target_quantile_isomer_80_20_seed42,ff9e14d55bd89c537eae826a0d45ad2c300a95a1b84162d89315f96e276a8ac1
Fermi_E,main_and_supplementary,Q_-1,836,52,-1,train,42,within_Cn_target_quantile_isomer_80_20_seed42,ff9e14d55bd89c537eae826a0d45ad2c300a95a1b84162d89315f96e276a8ac1
Fermi_E,main_and_supplementary,Q_-1,837,52,-1,train,42,within_Cn_target_quantile_isomer_80_20_seed42,ff9e14d55bd89c537eae826a0d45ad2c300a95a1b84162d89315f96e276a8ac1
Fermi_E,main_and_supplementary,Q_-1,838,52,-1,train,42,within_Cn_target_quantile_isomer_80_20_seed42,ff9e14d55bd89c537eae826a0d45ad2c300a95a1b84162d89315f96e276a8ac1
Fermi_E,main_and_supplementary,Q_-1,839,52,-1,train,42,within_Cn_target_quantile_isomer_80_20_seed42,ff9e14d55bd89c537eae826a0d45ad2c300a95a1b84162d89315f96e276a8ac1
Fermi_E,main_and_supplementary,Q_-1,841,52,-1,train,42,within_Cn_target_quantile_isomer_80_20_seed42,ff9e14d55bd89c537eae826a0d45ad2c300a95a1b84162d89315f96e276a8ac1
Fermi_E,main_and_supplementary,Q_-1,844,52,-1,train,42,within_Cn_target_quantile_isomer_80_20_seed42,ff9e14d55bd89c537eae826a0d45ad2c300a95a1b84162d89315f96e276a8ac1
Fermi_E,main_and_supplementary,Q_-1,845,52,-1,train,42,within_Cn_target_quantile_isomer_80_20_seed42,ff9e14d55bd89c537eae826a0d45ad2c300a95a1b84162d89315f96e276a8ac1
Fermi_E,main_and_supplementary,Q_-1,846,52,-1,train,42,within_Cn_target_quantile_isomer_80_20_seed42,ff9e14d55bd89c537eae826a0d45ad2c300a95a1b84162d89315f96e276a8ac1
Fermi_E,main_and_supplementary,Q_-1,847,52,-1,train,42,within_Cn_target_quantile_isomer_80_20_seed42,ff9e14d55bd89c537eae826a0d45ad2c300a95a1b84162d89315f96e276a8ac1
Fermi_E,main_and_supplementary,Q_-1,848,52,-1,train,42,within_Cn_target_quantile_isomer_80_20_seed42,ff9e14d55bd89c537eae826a0d45ad2c300a95a1b84162d89315f96e276a8ac1
Fermi_E,main_and_supplementary,Q_-1,849,52,-1,train,42,within_Cn_target_quantile_isomer_80_20_seed42,ff9e14d55bd89c537eae826a0d45ad2c300a95a1b84162d89315f96e276a8ac1
Fermi_E,main_and_supplementary,Q_-1,850,52,-1,train,42,within_Cn_target_quantile_isomer_80_20_seed42,ff9e14d55bd89c537eae826a0d45ad2c300a95a1b84162d89315f96e276a8ac1
Fermi_E,main_and_supplementary,Q_-1,851,52,-1,train,42,within_Cn_target_quantile_isomer_80_20_seed42,ff9e14d55bd89c537eae826a0d45ad2c300a95a1b84162d89315f96e276a8ac1
Fermi_E,main_and_supplementary,Q_-1,852,52,-1,train,42,within_Cn_target_quantile_isomer_80_20_seed42,ff9e14d55bd89c537eae826a0d45ad2c300a95a1b84162d89315f96e276a8ac1
Fermi_E,main_and_supplementary,Q_-1,853,52,-1,train,42,within_Cn_target_quantile_isomer_80_20_seed42,ff9e14d55bd89c537eae826a0d45ad2c300a95a1b84162d89315f96e276a8ac1
Fermi_E,main_and_supplementary,Q_-1,854,52,-1,train,42,within_Cn_target_quantile_isomer_80_20_seed42,ff9e14d55bd89c537eae826a0d45ad2c300a95a1b84162d89315f96e276a8ac1
Fermi_E,main_and_supplementary,Q_-1,857,52,-1,train,42,within_Cn_target_quantile_isomer_80_20_seed42,ff9e14d55bd89c537eae826a0d45ad2c300a95a1b84162d89315f96e276a8ac1
Fermi_E,main_and_supplementary,Q_-1,858,52,-1,train,42,within_Cn_target_quantile_isomer_80_20_seed42,ff9e14d55bd89c537eae826a0d45ad2c300a95a1b84162d89315f96e276a8ac1
Fermi_E,main_and_supplementary,Q_-1,859,52,-1,train,42,within_Cn_target_quantile_isomer_80_20_seed42,ff9e14d55bd89c537eae826a0d45ad2c300a95a1b84162d89315f96e276a8ac1
Fermi_E,main_and_supplementary,Q_-1,860,52,-1,train,42,within_Cn_target_quantile_isomer_80_20_seed42,ff9e14d55bd89c537eae826a0d45ad2c300a95a1b84162d89315f96e276a8ac1
Fermi_E,main_and_supplementary,Q_-1,861,52,-1,train,42,within_Cn_target_quantile_isomer_80_20_seed42,ff9e14d55bd89c537eae826a0d45ad2c300a95a1b84162d89315f96e276a8ac1
Fermi_E,main_and_supplementary,Q_-1,862,52,-1,train,42,within_Cn_target_quantile_isomer_80_20_seed42,ff9e14d55bd89c537eae826a0d45ad2c300a95a1b84162d89315f96e276a8ac1
Fermi_E,main_and_supplementary,Q_-1,863,52,-1,train,42,within_Cn_target_quantile_isomer_80_20_seed42,ff9e14d55bd89c537eae826a0d45ad2c300a95a1b84162d89315f96e276a8ac1
Fermi_E,main_and_supplementary,Q_-1,864,52,-1,train,42,within_Cn_target_quantile_isomer_80_20_seed42,ff9e14d55bd89c537eae826a0d45ad2c300a95a1b84162d89315f96e276a8ac1
Fermi_E,main_and_supplementary,Q_-1,865,52,-1,train,42,within_Cn_target_quantile_isomer_80_20_seed42,ff9e14d55bd89c537eae826a0d45ad2c300a95a1b84162d89315f96e276a8ac1
Fermi_E,main_and_supplementary,Q_-1,866,52,-1,train,42,within_Cn_target_quantile_isomer_80_20_seed42,ff9e14d55bd89c537eae826a0d45ad2c300a95a1b84162d89315f96e276a8ac1
Fermi_E,main_and_supplementary,Q_-1,867,52,-1,train,42,within_Cn_target_quantile_isomer_80_20_seed42,ff9e14d55bd89c537eae826a0d45ad2c300a95a1b84162d89315f96e276a8ac1
Fermi_E,main_and_supplementary,Q_-1,869,52,-1,train,42,within_Cn_target_quantile_isomer_80_20_seed42,ff9e14d55bd89c537eae826a0d45ad2c300a95a1b84162d89315f96e276a8ac1
Fermi_E,main_and_supplementary,Q_-1,870,52,-1,train,42,within_Cn_target_quantile_isomer_80_20_seed42,ff9e14d55bd89c537eae826a0d45ad2c300a95a1b84162d89315f96e276a8ac1
Fermi_E,main_and_supplementary,Q_-1,871,52,-1,train,42,within_Cn_target_quantile_isomer_80_20_seed42,ff9e14d55bd89c537eae826a0d45ad2c300a95a1b84162d89315f96e276a8ac1
Fermi_E,main_and_supplementary,Q_-1,872,52,-1,train,42,within_Cn_target_quantile_isomer_80_20_seed42,ff9e14d55bd89c537eae826a0d45ad2c300a95a1b84162d89315f96e276a8ac1
Fermi_E,main_and_supplementary,Q_-1,873,52,-1,train,42,within_Cn_target_quantile_isomer_80_20_seed42,ff9e14d55bd89c537eae826a0d45ad2c300a95a1b84162d89315f96e276a8ac1
Fermi_E,main_and_supplementary,Q_-1,874,52,-1,train,42,within_Cn_target_quantile_isomer_80_20_seed42,ff9e14d55bd89c537eae826a0d45ad2c300a95a1b84162d89315f96e276a8ac1
Fermi_E,main_and_supplementary,Q_-1,876,52,-1,train,42,within_Cn_target_quantile_isomer_80_20_seed42,ff9e14d55bd89c537eae826a0d45ad2c300a95a1b84162d89315f96e276a8ac1
Fermi_E,main_and_supplementary,Q_-1,878,52,-1,train,42,within_Cn_target_quantile_isomer_80_20_seed42,ff9e14d55bd89c537eae826a0d45ad2c300a95a1b84162d89315f96e276a8ac1
Fermi_E,main_and_supplementary,Q_-1,880,52,-1,train,42,within_Cn_target_quantile_isomer_80_20_seed42,ff9e14d55bd89c537eae826a0d45ad2c300a95a1b84162d89315f96e276a8ac1
Fermi_E,main_and_supplementary,Q_-1,881,52,-1,train,42,within_Cn_target_quantile_isomer_80_20_seed42,ff9e14d55bd89c537eae826a0d45ad2c300a95a1b84162d89315f96e276a8ac1
Fermi_E,main_and_supplementary,Q_-1,882,52,-1,train,42,within_Cn_target_quantile_isomer_80_20_seed42,ff9e14d55bd89c537eae826a0d45ad2c300a95a1b84162d89315f96e276a8ac1
Fermi_E,main_and_supplementary,Q_-1,883,52,-1,train,42,within_Cn_target_quantile_isomer_80_20_seed42,ff9e14d55bd89c537eae826a0d45ad2c300a95a1b84162d89315f96e276a8ac1
Fermi_E,main_and_supplementary,Q_-1,884,52,-1,train,42,within_Cn_target_quantile_isomer_80_20_seed42,ff9e14d55bd89c537eae826a0d45ad2c300a95a1b84162d89315f96e276a8ac1
Fermi_E,main_and_supplementary,Q_-1,885,52,-1,train,42,within_Cn_target_quantile_isomer_80_20_seed42,ff9e14d55bd89c537eae826a0d45ad2c300a95a1b84162d89315f96e276a8ac1
Fermi_E,main_and_supplementary,Q_-1,886,52,-1,train,42,within_Cn_target_quantile_isomer_80_20_seed42,ff9e14d55bd89c537eae826a0d45ad2c300a95a1b84162d89315f96e276a8ac1
Fermi_E,main_and_supplementary,Q_-1,887,52,-1,train,42,within_Cn_target_quantile_isomer_80_20_seed42,ff9e14d55bd89c537eae826a0d45ad2c300a95a1b84162d89315f96e276a8ac1
Fermi_E,main_and_supplementary,Q_-1,888,52,-1,train,42,within_Cn_target_quantile_isomer_80_20_seed42,ff9e14d55bd89c537eae826a0d45ad2c300a95a1b84162d89315f96e276a8ac1
Fermi_E,main_and_supplementary,Q_-1,889,52,-1,train,42,within_Cn_target_quantile_isomer_80_20_seed42,ff9e14d55bd89c537eae826a0d45ad2c300a95a1b84162d89315f96e276a8ac1
Fermi_E,main_and_supplementary,Q_-1,891,52,-1,train,42,within_Cn_target_quantile_isomer_80_20_seed42,ff9e14d55bd89c537eae826a0d45ad2c300a95a1b84162d89315f96e276a8ac1
Fermi_E,main_and_supplementary,Q_-1,894,52,-1,train,42,within_Cn_target_quantile_isomer_80_20_seed42,ff9e14d55bd89c537eae826a0d45ad2c300a95a1b84162d89315f96e276a8ac1
Fermi_E,main_and_supplementary,Q_-1,895,52,-1,train,42,within_Cn_target_quantile_isomer_80_20_seed42,ff9e14d55bd89c537eae826a0d45ad2c300a95a1b84162d89315f96e276a8ac1
Fermi_E,main_and_supplementary,Q_-1,896,52,-1,train,42,within_Cn_target_quantile_isomer_80_20_seed42,ff9e14d55bd89c537eae826a0d45ad2c300a95a1b84162d89315f96e276a8ac1
Fermi_E,main_and_supplementary,Q_-1,898,52,-1,train,42,within_Cn_target_quantile_isomer_80_20_seed42,ff9e14d55bd89c537eae826a0d45ad2c300a95a1b84162d89315f96e276a8ac1
Fermi_E,main_and_supplementary,Q_-1,899,52,-1,train,42,within_Cn_target_quantile_isomer_80_20_seed42,ff9e14d55bd89c537eae826a0d45ad2c300a95a1b84162d89315f96e276a8ac1
Fermi_E,main_and_supplementary,Q_-1,900,52,-1,train,42,within_Cn_target_quantile_isomer_80_20_seed42,ff9e14d55bd89c537eae826a0d45ad2c300a95a1b84162d89315f96e276a8ac1
Fermi_E,main_and_supplementary,Q_-1,901,52,-1,train,42,within_Cn_target_quantile_isomer_80_20_seed42,ff9e14d55bd89c537eae826a0d45ad2c300a95a1b84162d89315f96e276a8ac1
Fermi_E,main_and_supplementary,Q_-1,902,52,-1,train,42,within_Cn_target_quantile_isomer_80_20_seed42,ff9e14d55bd89c537eae826a0d45ad2c300a95a1b84162d89315f96e276a8ac1
Fermi_E,main_and_supplementary,Q_-1,903,52,-1,train,42,within_Cn_target_quantile_isomer_80_20_seed42,ff9e14d55bd89c537eae826a0d45ad2c300a95a1b84162d89315f96e276a8ac1
Fermi_E,main_and_supplementary,Q_-1,904,52,-1,train,42,within_Cn_target_quantile_isomer_80_20_seed42,ff9e14d55bd89c537eae826a0d45ad2c300a95a1b84162d89315f96e276a8ac1
Fermi_E,main_and_supplementary,Q_-1,905,52,-1,train,42,within_Cn_target_quantile_isomer_80_20_seed42,ff9e14d55bd89c537eae826a0d45ad2c300a95a1b84162d89315f96e276a8ac1
Fermi_E,main_and_supplementary,Q_-1,906,52,-1,train,42,within_Cn_target_quantile_isomer_80_20_seed42,ff9e14d55bd89c537eae826a0d45ad2c300a95a1b84162d89315f96e276a8ac1
Fermi_E,main_and_supplementary,Q_-1,907,52,-1,train,42,within_Cn_target_quantile_isomer_80_20_seed42,ff9e14d55bd89c537eae826a0d45ad2c300a95a1b84162d89315f96e276a8ac1
Fermi_E,main_and_supplementary,Q_-1,908,52,-1,train,42,within_Cn_target_quantile_isomer_80_20_seed42,ff9e14d55bd89c537eae826a0d45ad2c300a95a1b84162d89315f96e276a8ac1
Fermi_E,main_and_supplementary,Q_-1,909,52,-1,train,42,within_Cn_target_quantile_isomer_80_20_seed42,ff9e14d55bd89c537eae826a0d45ad2c300a95a1b84162d89315f96e276a8ac1
Fermi_E,main_and_supplementary,Q_-1,910,52,-1,train,42,within_Cn_target_quantile_isomer_80_20_seed42,ff9e14d55bd89c537eae826a0d45ad2c300a95a1b84162d89315f96e276a8ac1
Fermi_E,main_and_supplementary,Q_-1,911,52,-1,train,42,within_Cn_target_quantile_isomer_80_20_seed42,ff9e14d55bd89c537eae826a0d45ad2c300a95a1b84162d89315f96e276a8ac1
Fermi_E,main_and_supplementary,Q_-1,912,52,-1,train,42,within_Cn_target_quantile_isomer_80_20_seed42,ff9e14d55bd89c537eae826a0d45ad2c300a95a1b84162d89315f96e276a8ac1
Fermi_E,main_and_supplementary,Q_-1,913,52,-1,train,42,within_Cn_target_quantile_isomer_80_20_seed42,ff9e14d55bd89c537eae826a0d45ad2c300a95a1b84162d89315f96e276a8ac1
Fermi_E,main_and_supplementary,Q_-1,914,52,-1,train,42,within_Cn_target_quantile_isomer_80_20_seed42,ff9e14d55bd89c537eae826a0d45ad2c300a95a1b84162d89315f96e276a8ac1
Fermi_E,main_and_supplementary,Q_-1,915,52,-1,train,42,within_Cn_target_quantile_isomer_80_20_seed42,ff9e14d55bd89c537eae826a0d45ad2c300a95a1b84162d89315f96e276a8ac1
Fermi_E,main_and_supplementary,Q_-1,917,52,-1,train,42,within_Cn_target_quantile_isomer_80_20_seed42,ff9e14d55bd89c537eae826a0d45ad2c300a95a1b84162d89315f96e276a8ac1
Fermi_E,main_and_supplementary,Q_-1,918,52,-1,train,42,within_Cn_target_quantile_isomer_80_20_seed42,ff9e14d55bd89c537eae826a0d45ad2c300a95a1b84162d89315f96e276a8ac1
Fermi_E,main_and_supplementary,Q_-1,919,52,-1,train,42,within_Cn_target_quantile_isomer_80_20_seed42,ff9e14d55bd89c537eae826a0d45ad2c300a95a1b84162d89315f96e276a8ac1
Fermi_E,main_and_supplementary,Q_-1,920,52,-1,train,42,within_Cn_target_quantile_isomer_80_20_seed42,ff9e14d55bd89c537eae826a0d45ad2c300a95a1b84162d89315f96e276a8ac1
Fermi_E,main_and_supplementary,Q_-1,922,52,-1,train,42,within_Cn_target_quantile_isomer_80_20_seed42,ff9e14d55bd89c537eae826a0d45ad2c300a95a1b84162d89315f96e276a8ac1
Fermi_E,main_and_supplementary,Q_-1,923,52,-1,train,42,within_Cn_target_quantile_isomer_80_20_seed42,ff9e14d55bd89c537eae826a0d45ad2c300a95a1b84162d89315f96e276a8ac1
Fermi_E,main_and_supplementary,Q_-1,925,52,-1,train,42,within_Cn_target_quantile_isomer_80_20_seed42,ff9e14d55bd89c537eae826a0d45ad2c300a95a1b84162d89315f96e276a8ac1
Fermi_E,main_and_supplementary,Q_-1,926,52,-1,train,42,within_Cn_target_quantile_isomer_80_20_seed42,ff9e14d55bd89c537eae826a0d45ad2c300a95a1b84162d89315f96e276a8ac1
Fermi_E,main_and_supplementary,Q_-1,927,52,-1,train,42,within_Cn_target_quantile_isomer_80_20_seed42,ff9e14d55bd89c537eae826a0d45ad2c300a95a1b84162d89315f96e276a8ac1
Fermi_E,main_and_supplementary,Q_-1,928,52,-1,train,42,within_Cn_target_quantile_isomer_80_20_seed42,ff9e14d55bd89c537eae826a0d45ad2c300a95a1b84162d89315f96e276a8ac1
Fermi_E,main_and_supplementary,Q_-1,929,52,-1,train,42,within_Cn_target_quantile_isomer_80_20_seed42,ff9e14d55bd89c537eae826a0d45ad2c300a95a1b84162d89315f96e276a8ac1
Fermi_E,main_and_supplementary,Q_-1,930,52,-1,train,42,within_Cn_target_quantile_isomer_80_20_seed42,ff9e14d55bd89c537eae826a0d45ad2c300a95a1b84162d89315f96e276a8ac1
Fermi_E,main_and_supplementary,Q_-1,931,52,-1,train,42,within_Cn_target_quantile_isomer_80_20_seed42,ff9e14d55bd89c537eae826a0d45ad2c300a95a1b84162d89315f96e276a8ac1
Fermi_E,main_and_supplementary,Q_-1,932,52,-1,train,42,within_Cn_target_quantile_isomer_80_20_seed42,ff9e14d55bd89c537eae826a0d45ad2c300a95a1b84162d89315f96e276a8ac1
Fermi_E,main_and_supplementary,Q_-1,933,52,-1,train,42,within_Cn_target_quantile_isomer_80_20_seed42,ff9e14d55bd89c537eae826a0d45ad2c300a95a1b84162d89315f96e276a8ac1
Fermi_E,main_and_supplementary,Q_-1,934,52,-1,train,42,within_Cn_target_quantile_isomer_80_20_seed42,ff9e14d55bd89c537eae826a0d45ad2c300a95a1b84162d89315f96e276a8ac1
Fermi_E,main_and_supplementary,Q_-1,940,52,-1,train,42,within_Cn_target_quantile_isomer_80_20_seed42,ff9e14d55bd89c537eae826a0d45ad2c300a95a1b84162d89315f96e276a8ac1
Fermi_E,main_and_supplementary,Q_-1,941,52,-1,train,42,within_Cn_target_quantile_isomer_80_20_seed42,ff9e14d55bd89c537eae826a0d45ad2c300a95a1b84162d89315f96e276a8ac1
Fermi_E,main_and_supplementary,Q_-1,942,52,-1,train,42,within_Cn_target_quantile_isomer_80_20_seed42,ff9e14d55bd89c537eae826a0d45ad2c300a95a1b84162d89315f96e276a8ac1
Fermi_E,main_and_supplementary,Q_-1,943,52,-1,train,42,within_Cn_target_quantile_isomer_80_20_seed42,ff9e14d55bd89c537eae826a0d45ad2c300a95a1b84162d89315f96e276a8ac1
Fermi_E,main_and_supplementary,Q_-1,944,52,-1,train,42,within_Cn_target_quantile_isomer_80_20_seed42,ff9e14d55bd89c537eae826a0d45ad2c300a95a1b84162d89315f96e276a8ac1
Fermi_E,main_and_supplementary,Q_-1,945,52,-1,train,42,within_Cn_target_quantile_isomer_80_20_seed42,ff9e14d55bd89c537eae826a0d45ad2c300a95a1b84162d89315f96e276a8ac1
Fermi_E,main_and_supplementary,Q_-1,946,52,-1,train,42,within_Cn_target_quantile_isomer_80_20_seed42,ff9e14d55bd89c537eae826a0d45ad2c300a95a1b84162d89315f96e276a8ac1
Fermi_E,main_and_supplementary,Q_-1,947,52,-1,train,42,within_Cn_target_quantile_isomer_80_20_seed42,ff9e14d55bd89c537eae826a0d45ad2c300a95a1b84162d89315f96e276a8ac1
Fermi_E,main_and_supplementary,Q_-1,948,52,-1,train,42,within_Cn_target_quantile_isomer_80_20_seed42,ff9e14d55bd89c537eae826a0d45ad2c300a95a1b84162d89315f96e276a8ac1
Fermi_E,main_and_supplementary,Q_-1,949,52,-1,train,42,within_Cn_target_quantile_isomer_80_20_seed42,ff9e14d55bd89c537eae826a0d45ad2c300a95a1b84162d89315f96e276a8ac1
Fermi_E,main_and_supplementary,Q_-1,951,52,-1,train,42,within_Cn_target_quantile_isomer_80_20_seed42,ff9e14d55bd89c537eae826a0d45ad2c300a95a1b84162d89315f96e276a8ac1
Fermi_E,main_and_supplementary,Q_-1,952,52,-1,train,42,within_Cn_target_quantile_isomer_80_20_seed42,ff9e14d55bd89c537eae826a0d45ad2c300a95a1b84162d89315f96e276a8ac1
Fermi_E,main_and_supplementary,Q_-1,953,52,-1,train,42,within_Cn_target_quantile_isomer_80_20_seed42,ff9e14d55bd89c537eae826a0d45ad2c300a95a1b84162d89315f96e276a8ac1
Fermi_E,main_and_supplementary,Q_-1,954,52,-1,train,42,within_Cn_target_quantile_isomer_80_20_seed42,ff9e14d55bd89c537eae826a0d45ad2c300a95a1b84162d89315f96e276a8ac1
Fermi_E,main_and_supplementary,Q_-1,956,52,-1,train,42,within_Cn_target_quantile_isomer_80_20_seed42,ff9e14d55bd89c537eae826a0d45ad2c300a95a1b84162d89315f96e276a8ac1
Fermi_E,main_and_supplementary,Q_-1,958,52,-1,train,42,within_Cn_target_quantile_isomer_80_20_seed42,ff9e14d55bd89c537eae826a0d45ad2c300a95a1b84162d89315f96e276a8ac1
Fermi_E,main_and_supplementary,Q_-1,962,52,-1,train,42,within_Cn_target_quantile_isomer_80_20_seed42,ff9e14d55bd89c537eae826a0d45ad2c300a95a1b84162d89315f96e276a8ac1
Fermi_E,main_and_supplementary,Q_-1,963,52,-1,train,42,within_Cn_target_quantile_isomer_80_20_seed42,ff9e14d55bd89c537eae826a0d45ad2c300a95a1b84162d89315f96e276a8ac1
Fermi_E,main_and_supplementary,Q_-1,964,52,-1,train,42,within_Cn_target_quantile_isomer_80_20_seed42,ff9e14d55bd89c537eae826a0d45ad2c300a95a1b84162d89315f96e276a8ac1
Fermi_E,main_and_supplementary,Q_-1,965,52,-1,train,42,within_Cn_target_quantile_isomer_80_20_seed42,ff9e14d55bd89c537eae826a0d45ad2c300a95a1b84162d89315f96e276a8ac1
Fermi_E,main_and_supplementary,Q_-1,967,52,-1,train,42,within_Cn_target_quantile_isomer_80_20_seed42,ff9e14d55bd89c537eae826a0d45ad2c300a95a1b84162d89315f96e276a8ac1
Fermi_E,main_and_supplementary,Q_-1,968,52,-1,train,42,within_Cn_target_quantile_isomer_80_20_seed42,ff9e14d55bd89c537eae826a0d45ad2c300a95a1b84162d89315f96e276a8ac1
Fermi_E,main_and_supplementary,Q_-1,969,52,-1,train,42,within_Cn_target_quantile_isomer_80_20_seed42,ff9e14d55bd89c537eae826a0d45ad2c300a95a1b84162d89315f96e276a8ac1
Fermi_E,main_and_supplementary,Q_-1,970,52,-1,train,42,within_Cn_target_quantile_isomer_80_20_seed42,ff9e14d55bd89c537eae826a0d45ad2c300a95a1b84162d89315f96e276a8ac1
Fermi_E,main_and_supplementary,Q_-1,971,52,-1,train,42,within_Cn_target_quantile_isomer_80_20_seed42,ff9e14d55bd89c537eae826a0d45ad2c300a95a1b84162d89315f96e276a8ac1
Fermi_E,main_and_supplementary,Q_-1,972,52,-1,train,42,within_Cn_target_quantile_isomer_80_20_seed42,ff9e14d55bd89c537eae826a0d45ad2c300a95a1b84162d89315f96e276a8ac1
Fermi_E,main_and_supplementary,Q_-1,973,52,-1,train,42,within_Cn_target_quantile_isomer_80_20_seed42,ff9e14d55bd89c537eae826a0d45ad2c300a95a1b84162d89315f96e276a8ac1
Fermi_E,main_and_supplementary,Q_-1,974,52,-1,train,42,within_Cn_target_quantile_isomer_80_20_seed42,ff9e14d55bd89c537eae826a0d45ad2c300a95a1b84162d89315f96e276a8ac1
Fermi_E,main_and_supplementary,Q_-1,975,52,-1,train,42,within_Cn_target_quantile_isomer_80_20_seed42,ff9e14d55bd89c537eae826a0d45ad2c300a95a1b84162d89315f96e276a8ac1
Fermi_E,main_and_supplementary,Q_-1,976,52,-1,train,42,within_Cn_target_quantile_isomer_80_20_seed42,ff9e14d55bd89c537eae826a0d45ad2c300a95a1b84162d89315f96e276a8ac1
Fermi_E,main_and_supplementary,Q_-1,977,52,-1,train,42,within_Cn_target_quantile_isomer_80_20_seed42,ff9e14d55bd89c537eae826a0d45ad2c300a95a1b84162d89315f96e276a8ac1
Fermi_E,main_and_supplementary,Q_-1,978,52,-1,train,42,within_Cn_target_quantile_isomer_80_20_seed42,ff9e14d55bd89c537eae826a0d45ad2c300a95a1b84162d89315f96e276a8ac1
Fermi_E,main_and_supplementary,Q_-1,982,52,-1,train,42,within_Cn_target_quantile_isomer_80_20_seed42,ff9e14d55bd89c537eae826a0d45ad2c300a95a1b84162d89315f96e276a8ac1
Fermi_E,main_and_supplementary,Q_-1,984,52,-1,train,42,within_Cn_target_quantile_isomer_80_20_seed42,ff9e14d55bd89c537eae826a0d45ad2c300a95a1b84162d89315f96e276a8ac1
Fermi_E,main_and_supplementary,Q_-1,985,52,-1,train,42,within_Cn_target_quantile_isomer_80_20_seed42,ff9e14d55bd89c537eae826a0d45ad2c300a95a1b84162d89315f96e276a8ac1
Fermi_E,main_and_supplementary,Q_-1,988,52,-1,train,42,within_Cn_target_quantile_isomer_80_20_seed42,ff9e14d55bd89c537eae826a0d45ad2c300a95a1b84162d89315f96e276a8ac1
Fermi_E,main_and_supplementary,Q_-1,990,52,-1,train,42,within_Cn_target_quantile_isomer_80_20_seed42,ff9e14d55bd89c537eae826a0d45ad2c300a95a1b84162d89315f96e276a8ac1
Fermi_E,main_and_supplementary,Q_-1,991,52,-1,train,42,within_Cn_target_quantile_isomer_80_20_seed42,ff9e14d55bd89c537eae826a0d45ad2c300a95a1b84162d89315f96e276a8ac1
Fermi_E,main_and_supplementary,Q_-1,993,52,-1,train,42,within_Cn_target_quantile_isomer_80_20_seed42,ff9e14d55bd89c537eae826a0d45ad2c300a95a1b84162d89315f96e276a8ac1
Fermi_E,main_and_supplementary,Q_-1,994,52,-1,train,42,within_Cn_target_quantile_isomer_80_20_seed42,ff9e14d55bd89c537eae826a0d45ad2c300a95a1b84162d89315f96e276a8ac1
Fermi_E,main_and_supplementary,Q_-1,995,52,-1,train,42,within_Cn_target_quantile_isomer_80_20_seed42,ff9e14d55bd89c537eae826a0d45ad2c300a95a1b84162d89315f96e276a8ac1
Fermi_E,main_and_supplementary,Q_-1,996,52,-1,train,42,within_Cn_target_quantile_isomer_80_20_seed42,ff9e14d55bd89c537eae826a0d45ad2c300a95a1b84162d89315f96e276a8ac1
Fermi_E,main_and_supplementary,Q_-1,997,52,-1,train,42,within_Cn_target_quantile_isomer_80_20_seed42,ff9e14d55bd89c537eae826a0d45ad2c300a95a1b84162d89315f96e276a8ac1
Fermi_E,main_and_supplementary,Q_-1,998,52,-1,train,42,within_Cn_target_quantile_isomer_80_20_seed42,ff9e14d55bd89c537eae826a0d45ad2c300a95a1b84162d89315f96e276a8ac1
Fermi_E,main_and_supplementary,Q_-1,999,52,-1,train,42,within_Cn_target_quantile_isomer_80_20_seed42,ff9e14d55bd89c537eae826a0d45ad2c300a95a1b84162d89315f96e276a8ac1
Fermi_E,main_and_supplementary,Q_-1,1001,52,-1,train,42,within_Cn_target_quantile_isomer_80_20_seed42,ff9e14d55bd89c537eae826a0d45ad2c300a95a1b84162d89315f96e276a8ac1
Fermi_E,main_and_supplementary,Q_-1,1002,52,-1,train,42,within_Cn_target_quantile_isomer_80_20_seed42,ff9e14d55bd89c537eae826a0d45ad2c300a95a1b84162d89315f96e276a8ac1
Fermi_E,main_and_supplementary,Q_-1,1005,52,-1,train,42,within_Cn_target_quantile_isomer_80_20_seed42,ff9e14d55bd89c537eae826a0d45ad2c300a95a1b84162d89315f96e276a8ac1
Fermi_E,main_and_supplementary,Q_-1,1007,52,-1,train,42,within_Cn_target_quantile_isomer_80_20_seed42,ff9e14d55bd89c537eae826a0d45ad2c300a95a1b84162d89315f96e276a8ac1
Fermi_E,main_and_supplementary,Q_-1,1008,52,-1,train,42,within_Cn_target_quantile_isomer_80_20_seed42,ff9e14d55bd89c537eae826a0d45ad2c300a95a1b84162d89315f96e276a8ac1
Fermi_E,main_and_supplementary,Q_-1,1009,52,-1,train,42,within_Cn_target_quantile_isomer_80_20_seed42,ff9e14d55bd89c537eae826a0d45ad2c300a95a1b84162d89315f96e276a8ac1
Fermi_E,main_and_supplementary,Q_-1,1010,52,-1,train,42,within_Cn_target_quantile_isomer_80_20_seed42,ff9e14d55bd89c537eae826a0d45ad2c300a95a1b84162d89315f96e276a8ac1
Fermi_E,main_and_supplementary,Q_-1,1012,52,-1,train,42,within_Cn_target_quantile_isomer_80_20_seed42,ff9e14d55bd89c537eae826a0d45ad2c300a95a1b84162d89315f96e276a8ac1
Fermi_E,main_and_supplementary,Q_-1,1013,52,-1,train,42,within_Cn_target_quantile_isomer_80_20_seed42,ff9e14d55bd89c537eae826a0d45ad2c300a95a1b84162d89315f96e276a8ac1
Fermi_E,main_and_supplementary,Q_-1,1014,52,-1,train,42,within_Cn_target_quantile_isomer_80_20_seed42,ff9e14d55bd89c537eae826a0d45ad2c300a95a1b84162d89315f96e276a8ac1
Fermi_E,main_and_supplementary,Q_-1,1015,52,-1,train,42,within_Cn_target_quantile_isomer_80_20_seed42,ff9e14d55bd89c537eae826a0d45ad2c300a95a1b84162d89315f96e276a8ac1
Fermi_E,main_and_supplementary,Q_-1,1016,52,-1,train,42,within_Cn_target_quantile_isomer_80_20_seed42,ff9e14d55bd89c537eae826a0d45ad2c300a95a1b84162d89315f96e276a8ac1
Fermi_E,main_and_supplementary,Q_-1,1017,52,-1,train,42,within_Cn_target_quantile_isomer_80_20_seed42,ff9e14d55bd89c537eae826a0d45ad2c300a95a1b84162d89315f96e276a8ac1
Fermi_E,main_and_supplementary,Q_-1,1019,52,-1,train,42,within_Cn_target_quantile_isomer_80_20_seed42,ff9e14d55bd89c537eae826a0d45ad2c300a95a1b84162d89315f96e276a8ac1
Fermi_E,main_and_supplementary,Q_-1,1020,52,-1,train,42,within_Cn_target_quantile_isomer_80_20_seed42,ff9e14d55bd89c537eae826a0d45ad2c300a95a1b84162d89315f96e276a8ac1
Fermi_E,main_and_supplementary,Q_-1,1022,52,-1,train,42,within_Cn_target_quantile_isomer_80_20_seed42,ff9e14d55bd89c537eae826a0d45ad2c300a95a1b84162d89315f96e276a8ac1
Fermi_E,main_and_supplementary,Q_-1,1023,52,-1,train,42,within_Cn_target_quantile_isomer_80_20_seed42,ff9e14d55bd89c537eae826a0d45ad2c300a95a1b84162d89315f96e276a8ac1
Fermi_E,main_and_supplementary,Q_-1,1024,52,-1,train,42,within_Cn_target_quantile_isomer_80_20_seed42,ff9e14d55bd89c537eae826a0d45ad2c300a95a1b84162d89315f96e276a8ac1
Fermi_E,main_and_supplementary,Q_-1,1025,52,-1,train,42,within_Cn_target_quantile_isomer_80_20_seed42,ff9e14d55bd89c537eae826a0d45ad2c300a95a1b84162d89315f96e276a8ac1
Fermi_E,main_and_supplementary,Q_-1,1026,52,-1,train,42,within_Cn_target_quantile_isomer_80_20_seed42,ff9e14d55bd89c537eae826a0d45ad2c300a95a1b84162d89315f96e276a8ac1
Fermi_E,main_and_supplementary,Q_-1,1027,52,-1,train,42,within_Cn_target_quantile_isomer_80_20_seed42,ff9e14d55bd89c537eae826a0d45ad2c300a95a1b84162d89315f96e276a8ac1
Fermi_E,main_and_supplementary,Q_-1,1028,52,-1,train,42,within_Cn_target_quantile_isomer_80_20_seed42,ff9e14d55bd89c537eae826a0d45ad2c300a95a1b84162d89315f96e276a8ac1
Fermi_E,main_and_supplementary,Q_-1,1029,52,-1,train,42,within_Cn_target_quantile_isomer_80_20_seed42,ff9e14d55bd89c537eae826a0d45ad2c300a95a1b84162d89315f96e276a8ac1
Fermi_E,main_and_supplementary,Q_-1,1030,52,-1,train,42,within_Cn_target_quantile_isomer_80_20_seed42,ff9e14d55bd89c537eae826a0d45ad2c300a95a1b84162d89315f96e276a8ac1
Fermi_E,main_and_supplementary,Q_-1,1031,52,-1,train,42,within_Cn_target_quantile_isomer_80_20_seed42,ff9e14d55bd89c537eae826a0d45ad2c300a95a1b84162d89315f96e276a8ac1
Fermi_E,main_and_supplementary,Q_-1,1032,52,-1,train,42,within_Cn_target_quantile_isomer_80_20_seed42,ff9e14d55bd89c537eae826a0d45ad2c300a95a1b84162d89315f96e276a8ac1
Fermi_E,main_and_supplementary,Q_-1,1033,52,-1,train,42,within_Cn_target_quantile_isomer_80_20_seed42,ff9e14d55bd89c537eae826a0d45ad2c300a95a1b84162d89315f96e276a8ac1
Fermi_E,main_and_supplementary,Q_-1,1035,52,-1,train,42,within_Cn_target_quantile_isomer_80_20_seed42,ff9e14d55bd89c537eae826a0d45ad2c300a95a1b84162d89315f96e276a8ac1
Fermi_E,main_and_supplementary,Q_-1,1036,52,-1,train,42,within_Cn_target_quantile_isomer_80_20_seed42,ff9e14d55bd89c537eae826a0d45ad2c300a95a1b84162d89315f96e276a8ac1
Fermi_E,main_and_supplementary,Q_-1,1037,52,-1,train,42,within_Cn_target_quantile_isomer_80_20_seed42,ff9e14d55bd89c537eae826a0d45ad2c300a95a1b84162d89315f96e276a8ac1
Fermi_E,main_and_supplementary,Q_-1,1038,52,-1,train,42,within_Cn_target_quantile_isomer_80_20_seed42,ff9e14d55bd89c537eae826a0d45ad2c300a95a1b84162d89315f96e276a8ac1
Fermi_E,main_and_supplementary,Q_-1,1039,52,-1,train,42,within_Cn_target_quantile_isomer_80_20_seed42,ff9e14d55bd89c537eae826a0d45ad2c300a95a1b84162d89315f96e276a8ac1
Fermi_E,main_and_supplementary,Q_-1,1040,52,-1,train,42,within_Cn_target_quantile_isomer_80_20_seed42,ff9e14d55bd89c537eae826a0d45ad2c300a95a1b84162d89315f96e276a8ac1
Fermi_E,main_and_supplementary,Q_-1,1041,52,-1,train,42,within_Cn_target_quantile_isomer_80_20_seed42,ff9e14d55bd89c537eae826a0d45ad2c300a95a1b84162d89315f96e276a8ac1
Fermi_E,main_and_supplementary,Q_-1,1043,52,-1,train,42,within_Cn_target_quantile_isomer_80_20_seed42,ff9e14d55bd89c537eae826a0d45ad2c300a95a1b84162d89315f96e276a8ac1
Fermi_E,main_and_supplementary,Q_-1,1044,52,-1,train,42,within_Cn_target_quantile_isomer_80_20_seed42,ff9e14d55bd89c537eae826a0d45ad2c300a95a1b84162d89315f96e276a8ac1
Fermi_E,main_and_supplementary,Q_-1,1045,52,-1,train,42,within_Cn_target_quantile_isomer_80_20_seed42,ff9e14d55bd89c537eae826a0d45ad2c300a95a1b84162d89315f96e276a8ac1
Fermi_E,main_and_supplementary,Q_-1,1047,52,-1,train,42,within_Cn_target_quantile_isomer_80_20_seed42,ff9e14d55bd89c537eae826a0d45ad2c300a95a1b84162d89315f96e276a8ac1
Fermi_E,main_and_supplementary,Q_-1,1048,52,-1,train,42,within_Cn_target_quantile_isomer_80_20_seed42,ff9e14d55bd89c537eae826a0d45ad2c300a95a1b84162d89315f96e276a8ac1
Fermi_E,main_and_supplementary,Q_-1,1049,52,-1,train,42,within_Cn_target_quantile_isomer_80_20_seed42,ff9e14d55bd89c537eae826a0d45ad2c300a95a1b84162d89315f96e276a8ac1
Fermi_E,main_and_supplementary,Q_-1,1051,52,-1,train,42,within_Cn_target_quantile_isomer_80_20_seed42,ff9e14d55bd89c537eae826a0d45ad2c300a95a1b84162d89315f96e276a8ac1
Fermi_E,main_and_supplementary,Q_-1,1054,52,-1,train,42,within_Cn_target_quantile_isomer_80_20_seed42,ff9e14d55bd89c537eae826a0d45ad2c300a95a1b84162d89315f96e276a8ac1
Fermi_E,main_and_supplementary,Q_-1,1055,52,-1,train,42,within_Cn_target_quantile_isomer_80_20_seed42,ff9e14d55bd89c537eae826a0d45ad2c300a95a1b84162d89315f96e276a8ac1
Fermi_E,main_and_supplementary,Q_-1,1056,52,-1,train,42,within_Cn_target_quantile_isomer_80_20_seed42,ff9e14d55bd89c537eae826a0d45ad2c300a95a1b84162d89315f96e276a8ac1
Fermi_E,main_and_supplementary,Q_-1,1057,52,-1,train,42,within_Cn_target_quantile_isomer_80_20_seed42,ff9e14d55bd89c537eae826a0d45ad2c300a95a1b84162d89315f96e276a8ac1
Fermi_E,main_and_supplementary,Q_-1,1058,52,-1,train,42,within_Cn_target_quantile_isomer_80_20_seed42,ff9e14d55bd89c537eae826a0d45ad2c300a95a1b84162d89315f96e276a8ac1
Fermi_E,main_and_supplementary,Q_-1,1059,52,-1,train,42,within_Cn_target_quantile_isomer_80_20_seed42,ff9e14d55bd89c537eae826a0d45ad2c300a95a1b84162d89315f96e276a8ac1
Fermi_E,main_and_supplementary,Q_-1,1061,52,-1,train,42,within_Cn_target_quantile_isomer_80_20_seed42,ff9e14d55bd89c537eae826a0d45ad2c300a95a1b84162d89315f96e276a8ac1
Fermi_E,main_and_supplementary,Q_-1,1062,52,-1,train,42,within_Cn_target_quantile_isomer_80_20_seed42,ff9e14d55bd89c537eae826a0d45ad2c300a95a1b84162d89315f96e276a8ac1
Fermi_E,main_and_supplementary,Q_-1,1063,52,-1,train,42,within_Cn_target_quantile_isomer_80_20_seed42,ff9e14d55bd89c537eae826a0d45ad2c300a95a1b84162d89315f96e276a8ac1
Fermi_E,main_and_supplementary,Q_-1,1065,52,-1,train,42,within_Cn_target_quantile_isomer_80_20_seed42,ff9e14d55bd89c537eae826a0d45ad2c300a95a1b84162d89315f96e276a8ac1
Fermi_E,main_and_supplementary,Q_-1,1068,52,-1,train,42,within_Cn_target_quantile_isomer_80_20_seed42,ff9e14d55bd89c537eae826a0d45ad2c300a95a1b84162d89315f96e276a8ac1
Fermi_E,main_and_supplementary,Q_-1,1069,52,-1,train,42,within_Cn_target_quantile_isomer_80_20_seed42,ff9e14d55bd89c537eae826a0d45ad2c300a95a1b84162d89315f96e276a8ac1
Fermi_E,main_and_supplementary,Q_-1,1070,52,-1,train,42,within_Cn_target_quantile_isomer_80_20_seed42,ff9e14d55bd89c537eae826a0d45ad2c300a95a1b84162d89315f96e276a8ac1
Fermi_E,main_and_supplementary,Q_-1,1071,52,-1,train,42,within_Cn_target_quantile_isomer_80_20_seed42,ff9e14d55bd89c537eae826a0d45ad2c300a95a1b84162d89315f96e276a8ac1
Fermi_E,main_and_supplementary,Q_-1,1073,52,-1,train,42,within_Cn_target_quantile_isomer_80_20_seed42,ff9e14d55bd89c537eae826a0d45ad2c300a95a1b84162d89315f96e276a8ac1
Fermi_E,main_and_supplementary,Q_-1,1074,52,-1,train,42,within_Cn_target_quantile_isomer_80_20_seed42,ff9e14d55bd89c537eae826a0d45ad2c300a95a1b84162d89315f96e276a8ac1
Fermi_E,main_and_supplementary,Q_-1,1075,52,-1,train,42,within_Cn_target_quantile_isomer_80_20_seed42,ff9e14d55bd89c537eae826a0d45ad2c300a95a1b84162d89315f96e276a8ac1
Fermi_E,main_and_supplementary,Q_-1,1077,52,-1,train,42,within_Cn_target_quantile_isomer_80_20_seed42,ff9e14d55bd89c537eae826a0d45ad2c300a95a1b84162d89315f96e276a8ac1
Fermi_E,main_and_supplementary,Q_-1,1078,52,-1,train,42,within_Cn_target_quantile_isomer_80_20_seed42,ff9e14d55bd89c537eae826a0d45ad2c300a95a1b84162d89315f96e276a8ac1
Fermi_E,main_and_supplementary,Q_-1,1079,52,-1,train,42,within_Cn_target_quantile_isomer_80_20_seed42,ff9e14d55bd89c537eae826a0d45ad2c300a95a1b84162d89315f96e276a8ac1
Fermi_E,main_and_supplementary,Q_-1,1081,52,-1,train,42,within_Cn_target_quantile_isomer_80_20_seed42,ff9e14d55bd89c537eae826a0d45ad2c300a95a1b84162d89315f96e276a8ac1
Fermi_E,main_and_supplementary,Q_-1,1082,52,-1,train,42,within_Cn_target_quantile_isomer_80_20_seed42,ff9e14d55bd89c537eae826a0d45ad2c300a95a1b84162d89315f96e276a8ac1
Fermi_E,main_and_supplementary,Q_-1,1083,52,-1,train,42,within_Cn_target_quantile_isomer_80_20_seed42,ff9e14d55bd89c537eae826a0d45ad2c300a95a1b84162d89315f96e276a8ac1
Fermi_E,main_and_supplementary,Q_-1,1084,52,-1,train,42,within_Cn_target_quantile_isomer_80_20_seed42,ff9e14d55bd89c537eae826a0d45ad2c300a95a1b84162d89315f96e276a8ac1
Fermi_E,main_and_supplementary,Q_-1,1085,52,-1,train,42,within_Cn_target_quantile_isomer_80_20_seed42,ff9e14d55bd89c537eae826a0d45ad2c300a95a1b84162d89315f96e276a8ac1
Fermi_E,main_and_supplementary,Q_-1,1086,52,-1,train,42,within_Cn_target_quantile_isomer_80_20_seed42,ff9e14d55bd89c537eae826a0d45ad2c300a95a1b84162d89315f96e276a8ac1
Fermi_E,main_and_supplementary,Q_-1,1087,52,-1,train,42,within_Cn_target_quantile_isomer_80_20_seed42,ff9e14d55bd89c537eae826a0d45ad2c300a95a1b84162d89315f96e276a8ac1
Fermi_E,main_and_supplementary,Q_-1,1088,52,-1,train,42,within_Cn_target_quantile_isomer_80_20_seed42,ff9e14d55bd89c537eae826a0d45ad2c300a95a1b84162d89315f96e276a8ac1
Fermi_E,main_and_supplementary,Q_-1,1089,52,-1,train,42,within_Cn_target_quantile_isomer_80_20_seed42,ff9e14d55bd89c537eae826a0d45ad2c300a95a1b84162d89315f96e276a8ac1
Fermi_E,main_and_supplementary,Q_-1,1091,52,-1,train,42,within_Cn_target_quantile_isomer_80_20_seed42,ff9e14d55bd89c537eae826a0d45ad2c300a95a1b84162d89315f96e276a8ac1
Fermi_E,main_and_supplementary,Q_-1,1092,52,-1,train,42,within_Cn_target_quantile_isomer_80_20_seed42,ff9e14d55bd89c537eae826a0d45ad2c300a95a1b84162d89315f96e276a8ac1
Fermi_E,main_and_supplementary,Q_-1,1093,52,-1,train,42,within_Cn_target_quantile_isomer_80_20_seed42,ff9e14d55bd89c537eae826a0d45ad2c300a95a1b84162d89315f96e276a8ac1
Fermi_E,main_and_supplementary,Q_-1,1094,52,-1,train,42,within_Cn_target_quantile_isomer_80_20_seed42,ff9e14d55bd89c537eae826a0d45ad2c300a95a1b84162d89315f96e276a8ac1
Fermi_E,main_and_supplementary,Q_-1,1095,52,-1,train,42,within_Cn_target_quantile_isomer_80_20_seed42,ff9e14d55bd89c537eae826a0d45ad2c300a95a1b84162d89315f96e276a8ac1
Fermi_E,main_and_supplementary,Q_-1,1096,52,-1,train,42,within_Cn_target_quantile_isomer_80_20_seed42,ff9e14d55bd89c537eae826a0d45ad2c300a95a1b84162d89315f96e276a8ac1
Fermi_E,main_and_supplementary,Q_-1,1097,52,-1,train,42,within_Cn_target_quantile_isomer_80_20_seed42,ff9e14d55bd89c537eae826a0d45ad2c300a95a1b84162d89315f96e276a8ac1
Fermi_E,main_and_supplementary,Q_-1,1098,52,-1,train,42,within_Cn_target_quantile_isomer_80_20_seed42,ff9e14d55bd89c537eae826a0d45ad2c300a95a1b84162d89315f96e276a8ac1
Fermi_E,main_and_supplementary,Q_-1,1099,52,-1,train,42,within_Cn_target_quantile_isomer_80_20_seed42,ff9e14d55bd89c537eae826a0d45ad2c300a95a1b84162d89315f96e276a8ac1
Fermi_E,main_and_supplementary,Q_-1,1101,52,-1,train,42,within_Cn_target_quantile_isomer_80_20_seed42,ff9e14d55bd89c537eae826a0d45ad2c300a95a1b84162d89315f96e276a8ac1
Fermi_E,main_and_supplementary,Q_-1,1102,52,-1,train,42,within_Cn_target_quantile_isomer_80_20_seed42,ff9e14d55bd89c537eae826a0d45ad2c300a95a1b84162d89315f96e276a8ac1
Fermi_E,main_and_supplementary,Q_-1,1103,52,-1,train,42,within_Cn_target_quantile_isomer_80_20_seed42,ff9e14d55bd89c537eae826a0d45ad2c300a95a1b84162d89315f96e276a8ac1
Fermi_E,main_and_supplementary,Q_-1,1104,52,-1,train,42,within_Cn_target_quantile_isomer_80_20_seed42,ff9e14d55bd89c537eae826a0d45ad2c300a95a1b84162d89315f96e276a8ac1
Fermi_E,main_and_supplementary,Q_-1,1105,52,-1,train,42,within_Cn_target_quantile_isomer_80_20_seed42,ff9e14d55bd89c537eae826a0d45ad2c300a95a1b84162d89315f96e276a8ac1
Fermi_E,main_and_supplementary,Q_-1,1106,52,-1,train,42,within_Cn_target_quantile_isomer_80_20_seed42,ff9e14d55bd89c537eae826a0d45ad2c300a95a1b84162d89315f96e276a8ac1
Fermi_E,main_and_supplementary,Q_-1,1107,52,-1,train,42,within_Cn_target_quantile_isomer_80_20_seed42,ff9e14d55bd89c537eae826a0d45ad2c300a95a1b84162d89315f96e276a8ac1
Fermi_E,main_and_supplementary,Q_-1,1108,52,-1,train,42,within_Cn_target_quantile_isomer_80_20_seed42,ff9e14d55bd89c537eae826a0d45ad2c300a95a1b84162d89315f96e276a8ac1
Fermi_E,main_and_supplementary,Q_-1,1109,52,-1,train,42,within_Cn_target_quantile_isomer_80_20_seed42,ff9e14d55bd89c537eae826a0d45ad2c300a95a1b84162d89315f96e276a8ac1
Fermi_E,main_and_supplementary,Q_-1,1110,52,-1,train,42,within_Cn_target_quantile_isomer_80_20_seed42,ff9e14d55bd89c537eae826a0d45ad2c300a95a1b84162d89315f96e276a8ac1
Fermi_E,main_and_supplementary,Q_-1,1111,52,-1,train,42,within_Cn_target_quantile_isomer_80_20_seed42,ff9e14d55bd89c537eae826a0d45ad2c300a95a1b84162d89315f96e276a8ac1
Fermi_E,main_and_supplementary,Q_-1,1112,52,-1,train,42,within_Cn_target_quantile_isomer_80_20_seed42,ff9e14d55bd89c537eae826a0d45ad2c300a95a1b84162d89315f96e276a8ac1
Fermi_E,main_and_supplementary,Q_-1,1113,52,-1,train,42,within_Cn_target_quantile_isomer_80_20_seed42,ff9e14d55bd89c537eae826a0d45ad2c300a95a1b84162d89315f96e276a8ac1
Fermi_E,main_and_supplementary,Q_-1,1115,52,-1,train,42,within_Cn_target_quantile_isomer_80_20_seed42,ff9e14d55bd89c537eae826a0d45ad2c300a95a1b84162d89315f96e276a8ac1
Fermi_E,main_and_supplementary,Q_-1,1116,52,-1,train,42,within_Cn_target_quantile_isomer_80_20_seed42,ff9e14d55bd89c537eae826a0d45ad2c300a95a1b84162d89315f96e276a8ac1
Fermi_E,main_and_supplementary,Q_-1,1117,52,-1,train,42,within_Cn_target_quantile_isomer_80_20_seed42,ff9e14d55bd89c537eae826a0d45ad2c300a95a1b84162d89315f96e276a8ac1
Fermi_E,main_and_supplementary,Q_-1,1119,52,-1,train,42,within_Cn_target_quantile_isomer_80_20_seed42,ff9e14d55bd89c537eae826a0d45ad2c300a95a1b84162d89315f96e276a8ac1
Fermi_E,main_and_supplementary,Q_-1,1120,52,-1,train,42,within_Cn_target_quantile_isomer_80_20_seed42,ff9e14d55bd89c537eae826a0d45ad2c300a95a1b84162d89315f96e276a8ac1
Fermi_E,main_and_supplementary,Q_-1,1121,52,-1,train,42,within_Cn_target_quantile_isomer_80_20_seed42,ff9e14d55bd89c537eae826a0d45ad2c300a95a1b84162d89315f96e276a8ac1
Fermi_E,main_and_supplementary,Q_-1,1122,52,-1,train,42,within_Cn_target_quantile_isomer_80_20_seed42,ff9e14d55bd89c537eae826a0d45ad2c300a95a1b84162d89315f96e276a8ac1
Fermi_E,main_and_supplementary,Q_-1,1123,52,-1,train,42,within_Cn_target_quantile_isomer_80_20_seed42,ff9e14d55bd89c537eae826a0d45ad2c300a95a1b84162d89315f96e276a8ac1
Fermi_E,main_and_supplementary,Q_-1,1124,52,-1,train,42,within_Cn_target_quantile_isomer_80_20_seed42,ff9e14d55bd89c537eae826a0d45ad2c300a95a1b84162d89315f96e276a8ac1
Fermi_E,main_and_supplementary,Q_-1,1125,52,-1,train,42,within_Cn_target_quantile_isomer_80_20_seed42,ff9e14d55bd89c537eae826a0d45ad2c300a95a1b84162d89315f96e276a8ac1
Fermi_E,main_and_supplementary,Q_-1,1126,52,-1,train,42,within_Cn_target_quantile_isomer_80_20_seed42,ff9e14d55bd89c537eae826a0d45ad2c300a95a1b84162d89315f96e276a8ac1
Fermi_E,main_and_supplementary,Q_-1,1128,52,-1,train,42,within_Cn_target_quantile_isomer_80_20_seed42,ff9e14d55bd89c537eae826a0d45ad2c300a95a1b84162d89315f96e276a8ac1
Fermi_E,main_and_supplementary,Q_-1,1129,52,-1,train,42,within_Cn_target_quantile_isomer_80_20_seed42,ff9e14d55bd89c537eae826a0d45ad2c300a95a1b84162d89315f96e276a8ac1
Fermi_E,main_and_supplementary,Q_-1,1130,52,-1,train,42,within_Cn_target_quantile_isomer_80_20_seed42,ff9e14d55bd89c537eae826a0d45ad2c300a95a1b84162d89315f96e276a8ac1
Fermi_E,main_and_supplementary,Q_-1,1132,52,-1,train,42,within_Cn_target_quantile_isomer_80_20_seed42,ff9e14d55bd89c537eae826a0d45ad2c300a95a1b84162d89315f96e276a8ac1
Fermi_E,main_and_supplementary,Q_-1,1133,52,-1,train,42,within_Cn_target_quantile_isomer_80_20_seed42,ff9e14d55bd89c537eae826a0d45ad2c300a95a1b84162d89315f96e276a8ac1
Fermi_E,main_and_supplementary,Q_-1,1134,52,-1,train,42,within_Cn_target_quantile_isomer_80_20_seed42,ff9e14d55bd89c537eae826a0d45ad2c300a95a1b84162d89315f96e276a8ac1
Fermi_E,main_and_supplementary,Q_-1,1135,52,-1,train,42,within_Cn_target_quantile_isomer_80_20_seed42,ff9e14d55bd89c537eae826a0d45ad2c300a95a1b84162d89315f96e276a8ac1
Fermi_E,main_and_supplementary,Q_-1,1136,52,-1,train,42,within_Cn_target_quantile_isomer_80_20_seed42,ff9e14d55bd89c537eae826a0d45ad2c300a95a1b84162d89315f96e276a8ac1
Fermi_E,main_and_supplementary,Q_-1,1137,52,-1,train,42,within_Cn_target_quantile_isomer_80_20_seed42,ff9e14d55bd89c537eae826a0d45ad2c300a95a1b84162d89315f96e276a8ac1
Fermi_E,main_and_supplementary,Q_-1,1138,52,-1,train,42,within_Cn_target_quantile_isomer_80_20_seed42,ff9e14d55bd89c537eae826a0d45ad2c300a95a1b84162d89315f96e276a8ac1
Fermi_E,main_and_supplementary,Q_-1,1139,52,-1,train,42,within_Cn_target_quantile_isomer_80_20_seed42,ff9e14d55bd89c537eae826a0d45ad2c300a95a1b84162d89315f96e276a8ac1
Fermi_E,main_and_supplementary,Q_-1,1140,52,-1,train,42,within_Cn_target_quantile_isomer_80_20_seed42,ff9e14d55bd89c537eae826a0d45ad2c300a95a1b84162d89315f96e276a8ac1
Fermi_E,main_and_supplementary,Q_-1,1141,52,-1,train,42,within_Cn_target_quantile_isomer_80_20_seed42,ff9e14d55bd89c537eae826a0d45ad2c300a95a1b84162d89315f96e276a8ac1
Fermi_E,main_and_supplementary,Q_-1,1142,52,-1,train,42,within_Cn_target_quantile_isomer_80_20_seed42,ff9e14d55bd89c537eae826a0d45ad2c300a95a1b84162d89315f96e276a8ac1
Fermi_E,main_and_supplementary,Q_-1,1143,52,-1,train,42,within_Cn_target_quantile_isomer_80_20_seed42,ff9e14d55bd89c537eae826a0d45ad2c300a95a1b84162d89315f96e276a8ac1
Fermi_E,main_and_supplementary,Q_-1,1144,52,-1,train,42,within_Cn_target_quantile_isomer_80_20_seed42,ff9e14d55bd89c537eae826a0d45ad2c300a95a1b84162d89315f96e276a8ac1
Fermi_E,main_and_supplementary,Q_-1,1145,52,-1,train,42,within_Cn_target_quantile_isomer_80_20_seed42,ff9e14d55bd89c537eae826a0d45ad2c300a95a1b84162d89315f96e276a8ac1
Fermi_E,main_and_supplementary,Q_-1,1146,52,-1,train,42,within_Cn_target_quantile_isomer_80_20_seed42,ff9e14d55bd89c537eae826a0d45ad2c300a95a1b84162d89315f96e276a8ac1
Fermi_E,main_and_supplementary,Q_-1,1147,52,-1,train,42,within_Cn_target_quantile_isomer_80_20_seed42,ff9e14d55bd89c537eae826a0d45ad2c300a95a1b84162d89315f96e276a8ac1
Fermi_E,main_and_supplementary,Q_-1,1150,52,-1,train,42,within_Cn_target_quantile_isomer_80_20_seed42,ff9e14d55bd89c537eae826a0d45ad2c300a95a1b84162d89315f96e276a8ac1
Fermi_E,main_and_supplementary,Q_-1,1151,52,-1,train,42,within_Cn_target_quantile_isomer_80_20_seed42,ff9e14d55bd89c537eae826a0d45ad2c300a95a1b84162d89315f96e276a8ac1
Fermi_E,main_and_supplementary,Q_-1,1152,52,-1,train,42,within_Cn_target_quantile_isomer_80_20_seed42,ff9e14d55bd89c537eae826a0d45ad2c300a95a1b84162d89315f96e276a8ac1
Fermi_E,main_and_supplementary,Q_-1,1153,52,-1,train,42,within_Cn_target_quantile_isomer_80_20_seed42,ff9e14d55bd89c537eae826a0d45ad2c300a95a1b84162d89315f96e276a8ac1
Fermi_E,main_and_supplementary,Q_-1,1154,52,-1,train,42,within_Cn_target_quantile_isomer_80_20_seed42,ff9e14d55bd89c537eae826a0d45ad2c300a95a1b84162d89315f96e276a8ac1
Fermi_E,main_and_supplementary,Q_-1,1155,52,-1,train,42,within_Cn_target_quantile_isomer_80_20_seed42,ff9e14d55bd89c537eae826a0d45ad2c300a95a1b84162d89315f96e276a8ac1
Fermi_E,main_and_supplementary,Q_-1,1157,52,-1,train,42,within_Cn_target_quantile_isomer_80_20_seed42,ff9e14d55bd89c537eae826a0d45ad2c300a95a1b84162d89315f96e276a8ac1
Fermi_E,main_and_supplementary,Q_-1,1158,52,-1,train,42,within_Cn_target_quantile_isomer_80_20_seed42,ff9e14d55bd89c537eae826a0d45ad2c300a95a1b84162d89315f96e276a8ac1
Fermi_E,main_and_supplementary,Q_-1,1159,52,-1,train,42,within_Cn_target_quantile_isomer_80_20_seed42,ff9e14d55bd89c537eae826a0d45ad2c300a95a1b84162d89315f96e276a8ac1
Fermi_E,main_and_supplementary,Q_-1,1160,52,-1,train,42,within_Cn_target_quantile_isomer_80_20_seed42,ff9e14d55bd89c537eae826a0d45ad2c300a95a1b84162d89315f96e276a8ac1
Fermi_E,main_and_supplementary,Q_-1,1161,52,-1,train,42,within_Cn_target_quantile_isomer_80_20_seed42,ff9e14d55bd89c537eae826a0d45ad2c300a95a1b84162d89315f96e276a8ac1
Fermi_E,main_and_supplementary,Q_-1,1162,52,-1,train,42,within_Cn_target_quantile_isomer_80_20_seed42,ff9e14d55bd89c537eae826a0d45ad2c300a95a1b84162d89315f96e276a8ac1
Fermi_E,main_and_supplementary,Q_-1,1163,52,-1,train,42,within_Cn_target_quantile_isomer_80_20_seed42,ff9e14d55bd89c537eae826a0d45ad2c300a95a1b84162d89315f96e276a8ac1
Fermi_E,main_and_supplementary,Q_-1,1164,52,-1,train,42,within_Cn_target_quantile_isomer_80_20_seed42,ff9e14d55bd89c537eae826a0d45ad2c300a95a1b84162d89315f96e276a8ac1
Fermi_E,main_and_supplementary,Q_-1,1166,52,-1,train,42,within_Cn_target_quantile_isomer_80_20_seed42,ff9e14d55bd89c537eae826a0d45ad2c300a95a1b84162d89315f96e276a8ac1
Fermi_E,main_and_supplementary,Q_-1,1167,52,-1,train,42,within_Cn_target_quantile_isomer_80_20_seed42,ff9e14d55bd89c537eae826a0d45ad2c300a95a1b84162d89315f96e276a8ac1
Fermi_E,main_and_supplementary,Q_-1,1168,52,-1,train,42,within_Cn_target_quantile_isomer_80_20_seed42,ff9e14d55bd89c537eae826a0d45ad2c300a95a1b84162d89315f96e276a8ac1
Fermi_E,main_and_supplementary,Q_-1,1169,52,-1,train,42,within_Cn_target_quantile_isomer_80_20_seed42,ff9e14d55bd89c537eae826a0d45ad2c300a95a1b84162d89315f96e276a8ac1
Fermi_E,main_and_supplementary,Q_-1,1170,52,-1,train,42,within_Cn_target_quantile_isomer_80_20_seed42,ff9e14d55bd89c537eae826a0d45ad2c300a95a1b84162d89315f96e276a8ac1
Fermi_E,main_and_supplementary,Q_-1,1172,52,-1,train,42,within_Cn_target_quantile_isomer_80_20_seed42,ff9e14d55bd89c537eae826a0d45ad2c300a95a1b84162d89315f96e276a8ac1
Fermi_E,main_and_supplementary,Q_-1,1174,52,-1,train,42,within_Cn_target_quantile_isomer_80_20_seed42,ff9e14d55bd89c537eae826a0d45ad2c300a95a1b84162d89315f96e276a8ac1
Fermi_E,main_and_supplementary,Q_-1,1176,52,-1,train,42,within_Cn_target_quantile_isomer_80_20_seed42,ff9e14d55bd89c537eae826a0d45ad2c300a95a1b84162d89315f96e276a8ac1
Fermi_E,main_and_supplementary,Q_-1,1177,52,-1,train,42,within_Cn_target_quantile_isomer_80_20_seed42,ff9e14d55bd89c537eae826a0d45ad2c300a95a1b84162d89315f96e276a8ac1
Fermi_E,main_and_supplementary,Q_-1,1178,52,-1,train,42,within_Cn_target_quantile_isomer_80_20_seed42,ff9e14d55bd89c537eae826a0d45ad2c300a95a1b84162d89315f96e276a8ac1
Fermi_E,main_and_supplementary,Q_-1,1179,52,-1,train,42,within_Cn_target_quantile_isomer_80_20_seed42,ff9e14d55bd89c537eae826a0d45ad2c300a95a1b84162d89315f96e276a8ac1
Fermi_E,main_and_supplementary,Q_-1,1180,52,-1,train,42,within_Cn_target_quantile_isomer_80_20_seed42,ff9e14d55bd89c537eae826a0d45ad2c300a95a1b84162d89315f96e276a8ac1
Fermi_E,main_and_supplementary,Q_-1,1181,52,-1,train,42,within_Cn_target_quantile_isomer_80_20_seed42,ff9e14d55bd89c537eae826a0d45ad2c300a95a1b84162d89315f96e276a8ac1
Fermi_E,main_and_supplementary,Q_-1,1182,52,-1,train,42,within_Cn_target_quantile_isomer_80_20_seed42,ff9e14d55bd89c537eae826a0d45ad2c300a95a1b84162d89315f96e276a8ac1
Fermi_E,main_and_supplementary,Q_-1,1184,52,-1,train,42,within_Cn_target_quantile_isomer_80_20_seed42,ff9e14d55bd89c537eae826a0d45ad2c300a95a1b84162d89315f96e276a8ac1
Fermi_E,main_and_supplementary,Q_-1,1185,52,-1,train,42,within_Cn_target_quantile_isomer_80_20_seed42,ff9e14d55bd89c537eae826a0d45ad2c300a95a1b84162d89315f96e276a8ac1
Fermi_E,main_and_supplementary,Q_-1,1186,52,-1,train,42,within_Cn_target_quantile_isomer_80_20_seed42,ff9e14d55bd89c537eae826a0d45ad2c300a95a1b84162d89315f96e276a8ac1
Fermi_E,main_and_supplementary,Q_-1,1187,52,-1,train,42,within_Cn_target_quantile_isomer_80_20_seed42,ff9e14d55bd89c537eae826a0d45ad2c300a95a1b84162d89315f96e276a8ac1
Fermi_E,main_and_supplementary,Q_-1,1188,52,-1,train,42,within_Cn_target_quantile_isomer_80_20_seed42,ff9e14d55bd89c537eae826a0d45ad2c300a95a1b84162d89315f96e276a8ac1
Fermi_E,main_and_supplementary,Q_-1,1189,52,-1,train,42,within_Cn_target_quantile_isomer_80_20_seed42,ff9e14d55bd89c537eae826a0d45ad2c300a95a1b84162d89315f96e276a8ac1
Fermi_E,main_and_supplementary,Q_-1,1190,52,-1,train,42,within_Cn_target_quantile_isomer_80_20_seed42,ff9e14d55bd89c537eae826a0d45ad2c300a95a1b84162d89315f96e276a8ac1
Fermi_E,main_and_supplementary,Q_-1,1192,52,-1,train,42,within_Cn_target_quantile_isomer_80_20_seed42,ff9e14d55bd89c537eae826a0d45ad2c300a95a1b84162d89315f96e276a8ac1
Fermi_E,main_and_supplementary,Q_-1,1194,52,-1,train,42,within_Cn_target_quantile_isomer_80_20_seed42,ff9e14d55bd89c537eae826a0d45ad2c300a95a1b84162d89315f96e276a8ac1
Fermi_E,main_and_supplementary,Q_-1,1195,52,-1,train,42,within_Cn_target_quantile_isomer_80_20_seed42,ff9e14d55bd89c537eae826a0d45ad2c300a95a1b84162d89315f96e276a8ac1
Fermi_E,main_and_supplementary,Q_-1,1196,52,-1,train,42,within_Cn_target_quantile_isomer_80_20_seed42,ff9e14d55bd89c537eae826a0d45ad2c300a95a1b84162d89315f96e276a8ac1
Fermi_E,main_and_supplementary,Q_-1,1197,52,-1,train,42,within_Cn_target_quantile_isomer_80_20_seed42,ff9e14d55bd89c537eae826a0d45ad2c300a95a1b84162d89315f96e276a8ac1
Fermi_E,main_and_supplementary,Q_-1,1198,52,-1,train,42,within_Cn_target_quantile_isomer_80_20_seed42,ff9e14d55bd89c537eae826a0d45ad2c300a95a1b84162d89315f96e276a8ac1
Fermi_E,main_and_supplementary,Q_-1,1199,52,-1,train,42,within_Cn_target_quantile_isomer_80_20_seed42,ff9e14d55bd89c537eae826a0d45ad2c300a95a1b84162d89315f96e276a8ac1
Fermi_E,main_and_supplementary,Q_-1,1200,52,-1,train,42,within_Cn_target_quantile_isomer_80_20_seed42,ff9e14d55bd89c537eae826a0d45ad2c300a95a1b84162d89315f96e276a8ac1
Fermi_E,main_and_supplementary,Q_-1,1201,52,-1,train,42,within_Cn_target_quantile_isomer_80_20_seed42,ff9e14d55bd89c537eae826a0d45ad2c300a95a1b84162d89315f96e276a8ac1
Fermi_E,main_and_supplementary,Q_-1,1204,52,-1,train,42,within_Cn_target_quantile_isomer_80_20_seed42,ff9e14d55bd89c537eae826a0d45ad2c300a95a1b84162d89315f96e276a8ac1
Fermi_E,main_and_supplementary,Q_-1,1205,52,-1,train,42,within_Cn_target_quantile_isomer_80_20_seed42,ff9e14d55bd89c537eae826a0d45ad2c300a95a1b84162d89315f96e276a8ac1
Fermi_E,main_and_supplementary,Q_-1,1206,52,-1,train,42,within_Cn_target_quantile_isomer_80_20_seed42,ff9e14d55bd89c537eae826a0d45ad2c300a95a1b84162d89315f96e276a8ac1
Fermi_E,main_and_supplementary,Q_-1,1207,52,-1,train,42,within_Cn_target_quantile_isomer_80_20_seed42,ff9e14d55bd89c537eae826a0d45ad2c300a95a1b84162d89315f96e276a8ac1
Fermi_E,main_and_supplementary,Q_-1,1208,52,-1,train,42,within_Cn_target_quantile_isomer_80_20_seed42,ff9e14d55bd89c537eae826a0d45ad2c300a95a1b84162d89315f96e276a8ac1
Fermi_E,main_and_supplementary,Q_-1,1209,52,-1,train,42,within_Cn_target_quantile_isomer_80_20_seed42,ff9e14d55bd89c537eae826a0d45ad2c300a95a1b84162d89315f96e276a8ac1
Fermi_E,main_and_supplementary,Q_-1,1210,52,-1,train,42,within_Cn_target_quantile_isomer_80_20_seed42,ff9e14d55bd89c537eae826a0d45ad2c300a95a1b84162d89315f96e276a8ac1
Fermi_E,main_and_supplementary,Q_-1,1211,52,-1,train,42,within_Cn_target_quantile_isomer_80_20_seed42,ff9e14d55bd89c537eae826a0d45ad2c300a95a1b84162d89315f96e276a8ac1
Fermi_E,main_and_supplementary,Q_-1,1212,52,-1,train,42,within_Cn_target_quantile_isomer_80_20_seed42,ff9e14d55bd89c537eae826a0d45ad2c300a95a1b84162d89315f96e276a8ac1
Fermi_E,main_and_supplementary,Q_-1,1213,52,-1,train,42,within_Cn_target_quantile_isomer_80_20_seed42,ff9e14d55bd89c537eae826a0d45ad2c300a95a1b84162d89315f96e276a8ac1
Fermi_E,main_and_supplementary,Q_-1,1215,52,-1,train,42,within_Cn_target_quantile_isomer_80_20_seed42,ff9e14d55bd89c537eae826a0d45ad2c300a95a1b84162d89315f96e276a8ac1
Fermi_E,main_and_supplementary,Q_-1,1216,52,-1,train,42,within_Cn_target_quantile_isomer_80_20_seed42,ff9e14d55bd89c537eae826a0d45ad2c300a95a1b84162d89315f96e276a8ac1
Fermi_E,main_and_supplementary,Q_-1,1217,52,-1,train,42,within_Cn_target_quantile_isomer_80_20_seed42,ff9e14d55bd89c537eae826a0d45ad2c300a95a1b84162d89315f96e276a8ac1
Fermi_E,main_and_supplementary,Q_-1,1218,52,-1,train,42,within_Cn_target_quantile_isomer_80_20_seed42,ff9e14d55bd89c537eae826a0d45ad2c300a95a1b84162d89315f96e276a8ac1
Fermi_E,main_and_supplementary,Q_-1,1219,52,-1,train,42,within_Cn_target_quantile_isomer_80_20_seed42,ff9e14d55bd89c537eae826a0d45ad2c300a95a1b84162d89315f96e276a8ac1
Fermi_E,main_and_supplementary,Q_-1,1221,52,-1,train,42,within_Cn_target_quantile_isomer_80_20_seed42,ff9e14d55bd89c537eae826a0d45ad2c300a95a1b84162d89315f96e276a8ac1
Fermi_E,main_and_supplementary,Q_-1,1223,52,-1,train,42,within_Cn_target_quantile_isomer_80_20_seed42,ff9e14d55bd89c537eae826a0d45ad2c300a95a1b84162d89315f96e276a8ac1
Fermi_E,main_and_supplementary,Q_-1,1224,52,-1,train,42,within_Cn_target_quantile_isomer_80_20_seed42,ff9e14d55bd89c537eae826a0d45ad2c300a95a1b84162d89315f96e276a8ac1
Fermi_E,main_and_supplementary,Q_-1,1225,52,-1,train,42,within_Cn_target_quantile_isomer_80_20_seed42,ff9e14d55bd89c537eae826a0d45ad2c300a95a1b84162d89315f96e276a8ac1
Fermi_E,main_and_supplementary,Q_-1,1226,52,-1,train,42,within_Cn_target_quantile_isomer_80_20_seed42,ff9e14d55bd89c537eae826a0d45ad2c300a95a1b84162d89315f96e276a8ac1
Fermi_E,main_and_supplementary,Q_-1,1227,52,-1,train,42,within_Cn_target_quantile_isomer_80_20_seed42,ff9e14d55bd89c537eae826a0d45ad2c300a95a1b84162d89315f96e276a8ac1
Fermi_E,main_and_supplementary,Q_-1,1228,52,-1,train,42,within_Cn_target_quantile_isomer_80_20_seed42,ff9e14d55bd89c537eae826a0d45ad2c300a95a1b84162d89315f96e276a8ac1
Fermi_E,main_and_supplementary,Q_-1,1230,52,-1,train,42,within_Cn_target_quantile_isomer_80_20_seed42,ff9e14d55bd89c537eae826a0d45ad2c300a95a1b84162d89315f96e276a8ac1
Fermi_E,main_and_supplementary,Q_-1,1231,52,-1,train,42,within_Cn_target_quantile_isomer_80_20_seed42,ff9e14d55bd89c537eae826a0d45ad2c300a95a1b84162d89315f96e276a8ac1
Fermi_E,main_and_supplementary,Q_-1,1234,52,-1,train,42,within_Cn_target_quantile_isomer_80_20_seed42,ff9e14d55bd89c537eae826a0d45ad2c300a95a1b84162d89315f96e276a8ac1
Fermi_E,main_and_supplementary,Q_-1,1235,52,-1,train,42,within_Cn_target_quantile_isomer_80_20_seed42,ff9e14d55bd89c537eae826a0d45ad2c300a95a1b84162d89315f96e276a8ac1
Fermi_E,main_and_supplementary,Q_-1,1236,52,-1,train,42,within_Cn_target_quantile_isomer_80_20_seed42,ff9e14d55bd89c537eae826a0d45ad2c300a95a1b84162d89315f96e276a8ac1
Fermi_E,main_and_supplementary,Q_-1,1237,52,-1,train,42,within_Cn_target_quantile_isomer_80_20_seed42,ff9e14d55bd89c537eae826a0d45ad2c300a95a1b84162d89315f96e276a8ac1
Fermi_E,main_and_supplementary,Q_-1,1238,52,-1,train,42,within_Cn_target_quantile_isomer_80_20_seed42,ff9e14d55bd89c537eae826a0d45ad2c300a95a1b84162d89315f96e276a8ac1
Fermi_E,main_and_supplementary,Q_-1,1239,52,-1,train,42,within_Cn_target_quantile_isomer_80_20_seed42,ff9e14d55bd89c537eae826a0d45ad2c300a95a1b84162d89315f96e276a8ac1
Fermi_E,main_and_supplementary,Q_-1,1240,52,-1,train,42,within_Cn_target_quantile_isomer_80_20_seed42,ff9e14d55bd89c537eae826a0d45ad2c300a95a1b84162d89315f96e276a8ac1
Fermi_E,main_and_supplementary,Q_-1,1241,52,-1,train,42,within_Cn_target_quantile_isomer_80_20_seed42,ff9e14d55bd89c537eae826a0d45ad2c300a95a1b84162d89315f96e276a8ac1
Fermi_E,main_and_supplementary,Q_-1,1242,52,-1,train,42,within_Cn_target_quantile_isomer_80_20_seed42,ff9e14d55bd89c537eae826a0d45ad2c300a95a1b84162d89315f96e276a8ac1
Fermi_E,main_and_supplementary,Q_-1,1243,52,-1,train,42,within_Cn_target_quantile_isomer_80_20_seed42,ff9e14d55bd89c537eae826a0d45ad2c300a95a1b84162d89315f96e276a8ac1
Fermi_E,main_and_supplementary,Q_-1,1244,52,-1,train,42,within_Cn_target_quantile_isomer_80_20_seed42,ff9e14d55bd89c537eae826a0d45ad2c300a95a1b84162d89315f96e276a8ac1
Fermi_E,main_and_supplementary,Q_-1,1245,52,-1,train,42,within_Cn_target_quantile_isomer_80_20_seed42,ff9e14d55bd89c537eae826a0d45ad2c300a95a1b84162d89315f96e276a8ac1
Fermi_E,main_and_supplementary,Q_-1,1246,52,-1,train,42,within_Cn_target_quantile_isomer_80_20_seed42,ff9e14d55bd89c537eae826a0d45ad2c300a95a1b84162d89315f96e276a8ac1
Fermi_E,main_and_supplementary,Q_-1,1247,52,-1,train,42,within_Cn_target_quantile_isomer_80_20_seed42,ff9e14d55bd89c537eae826a0d45ad2c300a95a1b84162d89315f96e276a8ac1
Fermi_E,main_and_supplementary,Q_-1,1249,52,-1,train,42,within_Cn_target_quantile_isomer_80_20_seed42,ff9e14d55bd89c537eae826a0d45ad2c300a95a1b84162d89315f96e276a8ac1
Fermi_E,main_and_supplementary,Q_-1,1250,60,-1,train,42,within_Cn_target_quantile_isomer_80_20_seed42,ff9e14d55bd89c537eae826a0d45ad2c300a95a1b84162d89315f96e276a8ac1
Fermi_E,main_and_supplementary,Q_-1,1251,70,-1,train,42,within_Cn_target_quantile_isomer_80_20_seed42,ff9e14d55bd89c537eae826a0d45ad2c300a95a1b84162d89315f96e276a8ac1
Fermi_E,main_and_supplementary,Q_-1,1252,72,-1,train,42,within_Cn_target_quantile_isomer_80_20_seed42,ff9e14d55bd89c537eae826a0d45ad2c300a95a1b84162d89315f96e276a8ac1
Fermi_E,main_and_supplementary,Q_-1,1253,74,-1,train,42,within_Cn_target_quantile_isomer_80_20_seed42,ff9e14d55bd89c537eae826a0d45ad2c300a95a1b84162d89315f96e276a8ac1
Fermi_E,main_and_supplementary,Q_-1,1255,76,-1,train,42,within_Cn_target_quantile_isomer_80_20_seed42,ff9e14d55bd89c537eae826a0d45ad2c300a95a1b84162d89315f96e276a8ac1
Fermi_E,main_and_supplementary,Q_-1,1256,78,-1,train,42,within_Cn_target_quantile_isomer_80_20_seed42,ff9e14d55bd89c537eae826a0d45ad2c300a95a1b84162d89315f96e276a8ac1
Fermi_E,main_and_supplementary,Q_-1,1257,78,-1,train,42,within_Cn_target_quantile_isomer_80_20_seed42,ff9e14d55bd89c537eae826a0d45ad2c300a95a1b84162d89315f96e276a8ac1
Fermi_E,main_and_supplementary,Q_-1,1258,78,-1,train,42,within_Cn_target_quantile_isomer_80_20_seed42,ff9e14d55bd89c537eae826a0d45ad2c300a95a1b84162d89315f96e276a8ac1
Fermi_E,main_and_supplementary,Q_-1,1264,80,-1,train,42,within_Cn_target_quantile_isomer_80_20_seed42,ff9e14d55bd89c537eae826a0d45ad2c300a95a1b84162d89315f96e276a8ac1
Fermi_E,main_and_supplementary,Q_-1,1265,80,-1,train,42,within_Cn_target_quantile_isomer_80_20_seed42,ff9e14d55bd89c537eae826a0d45ad2c300a95a1b84162d89315f96e276a8ac1
Fermi_E,main_and_supplementary,Q_-1,1266,80,-1,train,42,within_Cn_target_quantile_isomer_80_20_seed42,ff9e14d55bd89c537eae826a0d45ad2c300a95a1b84162d89315f96e276a8ac1
Fermi_E,main_and_supplementary,Q_-1,1268,82,-1,train,42,within_Cn_target_quantile_isomer_80_20_seed42,ff9e14d55bd89c537eae826a0d45ad2c300a95a1b84162d89315f96e276a8ac1
Fermi_E,main_and_supplementary,Q_-1,1269,82,-1,train,42,within_Cn_target_quantile_isomer_80_20_seed42,ff9e14d55bd89c537eae826a0d45ad2c300a95a1b84162d89315f96e276a8ac1
Fermi_E,main_and_supplementary,Q_-1,1271,82,-1,train,42,within_Cn_target_quantile_isomer_80_20_seed42,ff9e14d55bd89c537eae826a0d45ad2c300a95a1b84162d89315f96e276a8ac1
Fermi_E,main_and_supplementary,Q_-1,1272,82,-1,train,42,within_Cn_target_quantile_isomer_80_20_seed42,ff9e14d55bd89c537eae826a0d45ad2c300a95a1b84162d89315f96e276a8ac1
Fermi_E,main_and_supplementary,Q_-1,1274,82,-1,train,42,within_Cn_target_quantile_isomer_80_20_seed42,ff9e14d55bd89c537eae826a0d45ad2c300a95a1b84162d89315f96e276a8ac1
Fermi_E,main_and_supplementary,Q_-1,1276,84,-1,train,42,within_Cn_target_quantile_isomer_80_20_seed42,ff9e14d55bd89c537eae826a0d45ad2c300a95a1b84162d89315f96e276a8ac1
Fermi_E,main_and_supplementary,Q_-1,1277,84,-1,train,42,within_Cn_target_quantile_isomer_80_20_seed42,ff9e14d55bd89c537eae826a0d45ad2c300a95a1b84162d89315f96e276a8ac1
Fermi_E,main_and_supplementary,Q_-1,1278,84,-1,train,42,within_Cn_target_quantile_isomer_80_20_seed42,ff9e14d55bd89c537eae826a0d45ad2c300a95a1b84162d89315f96e276a8ac1
Fermi_E,main_and_supplementary,Q_-1,1279,84,-1,train,42,within_Cn_target_quantile_isomer_80_20_seed42,ff9e14d55bd89c537eae826a0d45ad2c300a95a1b84162d89315f96e276a8ac1
Fermi_E,main_and_supplementary,Q_-1,1281,84,-1,train,42,within_Cn_target_quantile_isomer_80_20_seed42,ff9e14d55bd89c537eae826a0d45ad2c300a95a1b84162d89315f96e276a8ac1
Fermi_E,main_and_supplementary,Q_-1,1282,84,-1,train,42,within_Cn_target_quantile_isomer_80_20_seed42,ff9e14d55bd89c537eae826a0d45ad2c300a95a1b84162d89315f96e276a8ac1
Fermi_E,main_and_supplementary,Q_-1,1283,84,-1,train,42,within_Cn_target_quantile_isomer_80_20_seed42,ff9e14d55bd89c537eae826a0d45ad2c300a95a1b84162d89315f96e276a8ac1
Fermi_E,main_and_supplementary,Q_-1,1285,84,-1,train,42,within_Cn_target_quantile_isomer_80_20_seed42,ff9e14d55bd89c537eae826a0d45ad2c300a95a1b84162d89315f96e276a8ac1
Fermi_E,main_and_supplementary,Q_-1,1286,84,-1,train,42,within_Cn_target_quantile_isomer_80_20_seed42,ff9e14d55bd89c537eae826a0d45ad2c300a95a1b84162d89315f96e276a8ac1
Fermi_E,main_and_supplementary,Q_-1,1287,84,-1,train,42,within_Cn_target_quantile_isomer_80_20_seed42,ff9e14d55bd89c537eae826a0d45ad2c300a95a1b84162d89315f96e276a8ac1
Fermi_E,main_and_supplementary,Q_-1,1288,84,-1,train,42,within_Cn_target_quantile_isomer_80_20_seed42,ff9e14d55bd89c537eae826a0d45ad2c300a95a1b84162d89315f96e276a8ac1
Fermi_E,main_and_supplementary,Q_-1,1289,84,-1,train,42,within_Cn_target_quantile_isomer_80_20_seed42,ff9e14d55bd89c537eae826a0d45ad2c300a95a1b84162d89315f96e276a8ac1
Fermi_E,main_and_supplementary,Q_-1,1290,84,-1,train,42,within_Cn_target_quantile_isomer_80_20_seed42,ff9e14d55bd89c537eae826a0d45ad2c300a95a1b84162d89315f96e276a8ac1
Fermi_E,main_and_supplementary,Q_-1,1291,84,-1,train,42,within_Cn_target_quantile_isomer_80_20_seed42,ff9e14d55bd89c537eae826a0d45ad2c300a95a1b84162d89315f96e276a8ac1
Fermi_E,main_and_supplementary,Q_-1,1292,84,-1,train,42,within_Cn_target_quantile_isomer_80_20_seed42,ff9e14d55bd89c537eae826a0d45ad2c300a95a1b84162d89315f96e276a8ac1
Fermi_E,main_and_supplementary,Q_-1,1294,84,-1,train,42,within_Cn_target_quantile_isomer_80_20_seed42,ff9e14d55bd89c537eae826a0d45ad2c300a95a1b84162d89315f96e276a8ac1
Fermi_E,main_and_supplementary,Q_-1,1295,84,-1,train,42,within_Cn_target_quantile_isomer_80_20_seed42,ff9e14d55bd89c537eae826a0d45ad2c300a95a1b84162d89315f96e276a8ac1
Fermi_E,main_and_supplementary,Q_-1,1297,84,-1,train,42,within_Cn_target_quantile_isomer_80_20_seed42,ff9e14d55bd89c537eae826a0d45ad2c300a95a1b84162d89315f96e276a8ac1
Fermi_E,main_and_supplementary,Q_-1,1299,84,-1,train,42,within_Cn_target_quantile_isomer_80_20_seed42,ff9e14d55bd89c537eae826a0d45ad2c300a95a1b84162d89315f96e276a8ac1
Fermi_E,main_and_supplementary,Q_-1,1300,86,-1,train,42,within_Cn_target_quantile_isomer_80_20_seed42,ff9e14d55bd89c537eae826a0d45ad2c300a95a1b84162d89315f96e276a8ac1
Fermi_E,main_and_supplementary,Q_-1,1304,86,-1,train,42,within_Cn_target_quantile_isomer_80_20_seed42,ff9e14d55bd89c537eae826a0d45ad2c300a95a1b84162d89315f96e276a8ac1
Fermi_E,main_and_supplementary,Q_-1,1305,86,-1,train,42,within_Cn_target_quantile_isomer_80_20_seed42,ff9e14d55bd89c537eae826a0d45ad2c300a95a1b84162d89315f96e276a8ac1
Fermi_E,main_and_supplementary,Q_-1,1306,86,-1,train,42,within_Cn_target_quantile_isomer_80_20_seed42,ff9e14d55bd89c537eae826a0d45ad2c300a95a1b84162d89315f96e276a8ac1
Fermi_E,main_and_supplementary,Q_-1,1307,86,-1,train,42,within_Cn_target_quantile_isomer_80_20_seed42,ff9e14d55bd89c537eae826a0d45ad2c300a95a1b84162d89315f96e276a8ac1
Fermi_E,main_and_supplementary,Q_-1,1308,86,-1,train,42,within_Cn_target_quantile_isomer_80_20_seed42,ff9e14d55bd89c537eae826a0d45ad2c300a95a1b84162d89315f96e276a8ac1
Fermi_E,main_and_supplementary,Q_-1,1309,86,-1,train,42,within_Cn_target_quantile_isomer_80_20_seed42,ff9e14d55bd89c537eae826a0d45ad2c300a95a1b84162d89315f96e276a8ac1
Fermi_E,main_and_supplementary,Q_-1,1310,86,-1,train,42,within_Cn_target_quantile_isomer_80_20_seed42,ff9e14d55bd89c537eae826a0d45ad2c300a95a1b84162d89315f96e276a8ac1
Fermi_E,main_and_supplementary,Q_-1,1312,86,-1,train,42,within_Cn_target_quantile_isomer_80_20_seed42,ff9e14d55bd89c537eae826a0d45ad2c300a95a1b84162d89315f96e276a8ac1
Fermi_E,main_and_supplementary,Q_-1,1313,86,-1,train,42,within_Cn_target_quantile_isomer_80_20_seed42,ff9e14d55bd89c537eae826a0d45ad2c300a95a1b84162d89315f96e276a8ac1
Fermi_E,main_and_supplementary,Q_-1,1315,86,-1,train,42,within_Cn_target_quantile_isomer_80_20_seed42,ff9e14d55bd89c537eae826a0d45ad2c300a95a1b84162d89315f96e276a8ac1
Fermi_E,main_and_supplementary,Q_-1,1316,86,-1,train,42,within_Cn_target_quantile_isomer_80_20_seed42,ff9e14d55bd89c537eae826a0d45ad2c300a95a1b84162d89315f96e276a8ac1
Fermi_E,main_and_supplementary,Q_-1,1317,86,-1,train,42,within_Cn_target_quantile_isomer_80_20_seed42,ff9e14d55bd89c537eae826a0d45ad2c300a95a1b84162d89315f96e276a8ac1
Fermi_E,main_and_supplementary,Q_-1,1318,86,-1,train,42,within_Cn_target_quantile_isomer_80_20_seed42,ff9e14d55bd89c537eae826a0d45ad2c300a95a1b84162d89315f96e276a8ac1
Fermi_E,main_and_supplementary,Q_-1,1319,90,-1,train,42,within_Cn_target_quantile_isomer_80_20_seed42,ff9e14d55bd89c537eae826a0d45ad2c300a95a1b84162d89315f96e276a8ac1
Fermi_E,main_and_supplementary,Q_-1,1321,90,-1,train,42,within_Cn_target_quantile_isomer_80_20_seed42,ff9e14d55bd89c537eae826a0d45ad2c300a95a1b84162d89315f96e276a8ac1
Fermi_E,main_and_supplementary,Q_-1,1322,90,-1,train,42,within_Cn_target_quantile_isomer_80_20_seed42,ff9e14d55bd89c537eae826a0d45ad2c300a95a1b84162d89315f96e276a8ac1
Fermi_E,main_and_supplementary,Q_-1,1323,90,-1,train,42,within_Cn_target_quantile_isomer_80_20_seed42,ff9e14d55bd89c537eae826a0d45ad2c300a95a1b84162d89315f96e276a8ac1
Fermi_E,main_and_supplementary,Q_-1,1325,90,-1,train,42,within_Cn_target_quantile_isomer_80_20_seed42,ff9e14d55bd89c537eae826a0d45ad2c300a95a1b84162d89315f96e276a8ac1
Fermi_E,main_and_supplementary,Q_-1,1326,90,-1,train,42,within_Cn_target_quantile_isomer_80_20_seed42,ff9e14d55bd89c537eae826a0d45ad2c300a95a1b84162d89315f96e276a8ac1
Fermi_E,main_and_supplementary,Q_-1,1327,90,-1,train,42,within_Cn_target_quantile_isomer_80_20_seed42,ff9e14d55bd89c537eae826a0d45ad2c300a95a1b84162d89315f96e276a8ac1
Fermi_E,main_and_supplementary,Q_-1,1328,90,-1,train,42,within_Cn_target_quantile_isomer_80_20_seed42,ff9e14d55bd89c537eae826a0d45ad2c300a95a1b84162d89315f96e276a8ac1
Fermi_E,main_and_supplementary,Q_-1,1329,90,-1,train,42,within_Cn_target_quantile_isomer_80_20_seed42,ff9e14d55bd89c537eae826a0d45ad2c300a95a1b84162d89315f96e276a8ac1
Fermi_E,main_and_supplementary,Q_-1,1330,90,-1,train,42,within_Cn_target_quantile_isomer_80_20_seed42,ff9e14d55bd89c537eae826a0d45ad2c300a95a1b84162d89315f96e276a8ac1
Fermi_E,main_and_supplementary,Q_-1,1331,90,-1,train,42,within_Cn_target_quantile_isomer_80_20_seed42,ff9e14d55bd89c537eae826a0d45ad2c300a95a1b84162d89315f96e276a8ac1
Fermi_E,main_and_supplementary,Q_-1,1332,90,-1,train,42,within_Cn_target_quantile_isomer_80_20_seed42,ff9e14d55bd89c537eae826a0d45ad2c300a95a1b84162d89315f96e276a8ac1
Fermi_E,main_and_supplementary,Q_-1,1333,90,-1,train,42,within_Cn_target_quantile_isomer_80_20_seed42,ff9e14d55bd89c537eae826a0d45ad2c300a95a1b84162d89315f96e276a8ac1
Fermi_E,main_and_supplementary,Q_-1,1334,90,-1,train,42,within_Cn_target_quantile_isomer_80_20_seed42,ff9e14d55bd89c537eae826a0d45ad2c300a95a1b84162d89315f96e276a8ac1
Fermi_E,main_and_supplementary,Q_-1,1335,90,-1,train,42,within_Cn_target_quantile_isomer_80_20_seed42,ff9e14d55bd89c537eae826a0d45ad2c300a95a1b84162d89315f96e276a8ac1
Fermi_E,main_and_supplementary,Q_-1,1336,90,-1,train,42,within_Cn_target_quantile_isomer_80_20_seed42,ff9e14d55bd89c537eae826a0d45ad2c300a95a1b84162d89315f96e276a8ac1
Fermi_E,main_and_supplementary,Q_-1,1337,90,-1,train,42,within_Cn_target_quantile_isomer_80_20_seed42,ff9e14d55bd89c537eae826a0d45ad2c300a95a1b84162d89315f96e276a8ac1
Fermi_E,main_and_supplementary,Q_-1,1339,90,-1,train,42,within_Cn_target_quantile_isomer_80_20_seed42,ff9e14d55bd89c537eae826a0d45ad2c300a95a1b84162d89315f96e276a8ac1
Fermi_E,main_and_supplementary,Q_-1,1340,90,-1,train,42,within_Cn_target_quantile_isomer_80_20_seed42,ff9e14d55bd89c537eae826a0d45ad2c300a95a1b84162d89315f96e276a8ac1
Fermi_E,main_and_supplementary,Q_-1,1341,90,-1,train,42,within_Cn_target_quantile_isomer_80_20_seed42,ff9e14d55bd89c537eae826a0d45ad2c300a95a1b84162d89315f96e276a8ac1
Fermi_E,main_and_supplementary,Q_-1,1344,90,-1,train,42,within_Cn_target_quantile_isomer_80_20_seed42,ff9e14d55bd89c537eae826a0d45ad2c300a95a1b84162d89315f96e276a8ac1
Fermi_E,main_and_supplementary,Q_-1,1346,90,-1,train,42,within_Cn_target_quantile_isomer_80_20_seed42,ff9e14d55bd89c537eae826a0d45ad2c300a95a1b84162d89315f96e276a8ac1
Fermi_E,main_and_supplementary,Q_-1,1347,90,-1,train,42,within_Cn_target_quantile_isomer_80_20_seed42,ff9e14d55bd89c537eae826a0d45ad2c300a95a1b84162d89315f96e276a8ac1
Fermi_E,main_and_supplementary,Q_-1,1349,90,-1,train,42,within_Cn_target_quantile_isomer_80_20_seed42,ff9e14d55bd89c537eae826a0d45ad2c300a95a1b84162d89315f96e276a8ac1
Fermi_E,main_and_supplementary,Q_-1,1350,90,-1,train,42,within_Cn_target_quantile_isomer_80_20_seed42,ff9e14d55bd89c537eae826a0d45ad2c300a95a1b84162d89315f96e276a8ac1
Fermi_E,main_and_supplementary,Q_-1,1351,90,-1,train,42,within_Cn_target_quantile_isomer_80_20_seed42,ff9e14d55bd89c537eae826a0d45ad2c300a95a1b84162d89315f96e276a8ac1
Fermi_E,main_and_supplementary,Q_-1,1352,90,-1,train,42,within_Cn_target_quantile_isomer_80_20_seed42,ff9e14d55bd89c537eae826a0d45ad2c300a95a1b84162d89315f96e276a8ac1
Fermi_E,main_and_supplementary,Q_-1,1353,90,-1,train,42,within_Cn_target_quantile_isomer_80_20_seed42,ff9e14d55bd89c537eae826a0d45ad2c300a95a1b84162d89315f96e276a8ac1
Fermi_E,main_and_supplementary,Q_-1,1356,90,-1,train,42,within_Cn_target_quantile_isomer_80_20_seed42,ff9e14d55bd89c537eae826a0d45ad2c300a95a1b84162d89315f96e276a8ac1
Fermi_E,main_and_supplementary,Q_-1,1358,90,-1,train,42,within_Cn_target_quantile_isomer_80_20_seed42,ff9e14d55bd89c537eae826a0d45ad2c300a95a1b84162d89315f96e276a8ac1
Fermi_E,main_and_supplementary,Q_-1,1359,90,-1,train,42,within_Cn_target_quantile_isomer_80_20_seed42,ff9e14d55bd89c537eae826a0d45ad2c300a95a1b84162d89315f96e276a8ac1
Fermi_E,main_and_supplementary,Q_-1,1360,90,-1,train,42,within_Cn_target_quantile_isomer_80_20_seed42,ff9e14d55bd89c537eae826a0d45ad2c300a95a1b84162d89315f96e276a8ac1
Fermi_E,main_and_supplementary,Q_-1,1361,90,-1,train,42,within_Cn_target_quantile_isomer_80_20_seed42,ff9e14d55bd89c537eae826a0d45ad2c300a95a1b84162d89315f96e276a8ac1
Fermi_E,main_and_supplementary,Q_-1,1362,90,-1,train,42,within_Cn_target_quantile_isomer_80_20_seed42,ff9e14d55bd89c537eae826a0d45ad2c300a95a1b84162d89315f96e276a8ac1
Fermi_E,main_and_supplementary,Q_-1,1363,90,-1,train,42,within_Cn_target_quantile_isomer_80_20_seed42,ff9e14d55bd89c537eae826a0d45ad2c300a95a1b84162d89315f96e276a8ac1
Fermi_E,main_and_supplementary,Q_-1,1364,90,-1,train,42,within_Cn_target_quantile_isomer_80_20_seed42,ff9e14d55bd89c537eae826a0d45ad2c300a95a1b84162d89315f96e276a8ac1
Fermi_E,main_and_supplementary,Q_-1,1365,92,-1,train,42,within_Cn_target_quantile_isomer_80_20_seed42,ff9e14d55bd89c537eae826a0d45ad2c300a95a1b84162d89315f96e276a8ac1
Fermi_E,main_and_supplementary,Q_-1,1366,92,-1,train,42,within_Cn_target_quantile_isomer_80_20_seed42,ff9e14d55bd89c537eae826a0d45ad2c300a95a1b84162d89315f96e276a8ac1
Fermi_E,main_and_supplementary,Q_-1,1367,92,-1,train,42,within_Cn_target_quantile_isomer_80_20_seed42,ff9e14d55bd89c537eae826a0d45ad2c300a95a1b84162d89315f96e276a8ac1
Fermi_E,main_and_supplementary,Q_-1,1369,92,-1,train,42,within_Cn_target_quantile_isomer_80_20_seed42,ff9e14d55bd89c537eae826a0d45ad2c300a95a1b84162d89315f96e276a8ac1
Fermi_E,main_and_supplementary,Q_-1,1371,92,-1,train,42,within_Cn_target_quantile_isomer_80_20_seed42,ff9e14d55bd89c537eae826a0d45ad2c300a95a1b84162d89315f96e276a8ac1
Fermi_E,main_and_supplementary,Q_-1,1372,92,-1,train,42,within_Cn_target_quantile_isomer_80_20_seed42,ff9e14d55bd89c537eae826a0d45ad2c300a95a1b84162d89315f96e276a8ac1
Fermi_E,main_and_supplementary,Q_-1,1373,92,-1,train,42,within_Cn_target_quantile_isomer_80_20_seed42,ff9e14d55bd89c537eae826a0d45ad2c300a95a1b84162d89315f96e276a8ac1
Fermi_E,main_and_supplementary,Q_-1,1376,92,-1,train,42,within_Cn_target_quantile_isomer_80_20_seed42,ff9e14d55bd89c537eae826a0d45ad2c300a95a1b84162d89315f96e276a8ac1
Fermi_E,main_and_supplementary,Q_-1,1377,92,-1,train,42,within_Cn_target_quantile_isomer_80_20_seed42,ff9e14d55bd89c537eae826a0d45ad2c300a95a1b84162d89315f96e276a8ac1
Fermi_E,main_and_supplementary,Q_-1,1378,92,-1,train,42,within_Cn_target_quantile_isomer_80_20_seed42,ff9e14d55bd89c537eae826a0d45ad2c300a95a1b84162d89315f96e276a8ac1
Fermi_E,main_and_supplementary,Q_-1,1379,92,-1,train,42,within_Cn_target_quantile_isomer_80_20_seed42,ff9e14d55bd89c537eae826a0d45ad2c300a95a1b84162d89315f96e276a8ac1
Fermi_E,main_and_supplementary,Q_-1,1380,92,-1,train,42,within_Cn_target_quantile_isomer_80_20_seed42,ff9e14d55bd89c537eae826a0d45ad2c300a95a1b84162d89315f96e276a8ac1
Fermi_E,main_and_supplementary,Q_-1,1381,92,-1,train,42,within_Cn_target_quantile_isomer_80_20_seed42,ff9e14d55bd89c537eae826a0d45ad2c300a95a1b84162d89315f96e276a8ac1
Fermi_E,main_and_supplementary,Q_-1,1385,92,-1,train,42,within_Cn_target_quantile_isomer_80_20_seed42,ff9e14d55bd89c537eae826a0d45ad2c300a95a1b84162d89315f96e276a8ac1
Fermi_E,main_and_supplementary,Q_-1,1386,92,-1,train,42,within_Cn_target_quantile_isomer_80_20_seed42,ff9e14d55bd89c537eae826a0d45ad2c300a95a1b84162d89315f96e276a8ac1
Fermi_E,main_and_supplementary,Q_-1,1387,92,-1,train,42,within_Cn_target_quantile_isomer_80_20_seed42,ff9e14d55bd89c537eae826a0d45ad2c300a95a1b84162d89315f96e276a8ac1
Fermi_E,main_and_supplementary,Q_-1,1388,92,-1,train,42,within_Cn_target_quantile_isomer_80_20_seed42,ff9e14d55bd89c537eae826a0d45ad2c300a95a1b84162d89315f96e276a8ac1
Fermi_E,main_and_supplementary,Q_-1,1389,92,-1,train,42,within_Cn_target_quantile_isomer_80_20_seed42,ff9e14d55bd89c537eae826a0d45ad2c300a95a1b84162d89315f96e276a8ac1
Fermi_E,main_and_supplementary,Q_-1,1391,92,-1,train,42,within_Cn_target_quantile_isomer_80_20_seed42,ff9e14d55bd89c537eae826a0d45ad2c300a95a1b84162d89315f96e276a8ac1
Fermi_E,main_and_supplementary,Q_-1,1393,92,-1,train,42,within_Cn_target_quantile_isomer_80_20_seed42,ff9e14d55bd89c537eae826a0d45ad2c300a95a1b84162d89315f96e276a8ac1
Fermi_E,main_and_supplementary,Q_-1,1394,92,-1,train,42,within_Cn_target_quantile_isomer_80_20_seed42,ff9e14d55bd89c537eae826a0d45ad2c300a95a1b84162d89315f96e276a8ac1
Fermi_E,main_and_supplementary,Q_-1,1395,92,-1,train,42,within_Cn_target_quantile_isomer_80_20_seed42,ff9e14d55bd89c537eae826a0d45ad2c300a95a1b84162d89315f96e276a8ac1
Fermi_E,main_and_supplementary,Q_-1,1396,92,-1,train,42,within_Cn_target_quantile_isomer_80_20_seed42,ff9e14d55bd89c537eae826a0d45ad2c300a95a1b84162d89315f96e276a8ac1
Fermi_E,main_and_supplementary,Q_-1,1398,92,-1,train,42,within_Cn_target_quantile_isomer_80_20_seed42,ff9e14d55bd89c537eae826a0d45ad2c300a95a1b84162d89315f96e276a8ac1
Fermi_E,main_and_supplementary,Q_-1,1399,92,-1,train,42,within_Cn_target_quantile_isomer_80_20_seed42,ff9e14d55bd89c537eae826a0d45ad2c300a95a1b84162d89315f96e276a8ac1
Fermi_E,main_and_supplementary,Q_-1,1401,92,-1,train,42,within_Cn_target_quantile_isomer_80_20_seed42,ff9e14d55bd89c537eae826a0d45ad2c300a95a1b84162d89315f96e276a8ac1
Fermi_E,main_and_supplementary,Q_-1,1402,92,-1,train,42,within_Cn_target_quantile_isomer_80_20_seed42,ff9e14d55bd89c537eae826a0d45ad2c300a95a1b84162d89315f96e276a8ac1
Fermi_E,main_and_supplementary,Q_-1,1403,92,-1,train,42,within_Cn_target_quantile_isomer_80_20_seed42,ff9e14d55bd89c537eae826a0d45ad2c300a95a1b84162d89315f96e276a8ac1
Fermi_E,main_and_supplementary,Q_-1,1405,92,-1,train,42,within_Cn_target_quantile_isomer_80_20_seed42,ff9e14d55bd89c537eae826a0d45ad2c300a95a1b84162d89315f96e276a8ac1
Fermi_E,main_and_supplementary,Q_-1,1406,92,-1,train,42,within_Cn_target_quantile_isomer_80_20_seed42,ff9e14d55bd89c537eae826a0d45ad2c300a95a1b84162d89315f96e276a8ac1
Fermi_E,main_and_supplementary,Q_-1,1407,92,-1,train,42,within_Cn_target_quantile_isomer_80_20_seed42,ff9e14d55bd89c537eae826a0d45ad2c300a95a1b84162d89315f96e276a8ac1
Fermi_E,main_and_supplementary,Q_-1,1408,92,-1,train,42,within_Cn_target_quantile_isomer_80_20_seed42,ff9e14d55bd89c537eae826a0d45ad2c300a95a1b84162d89315f96e276a8ac1
Fermi_E,main_and_supplementary,Q_-1,1409,92,-1,train,42,within_Cn_target_quantile_isomer_80_20_seed42,ff9e14d55bd89c537eae826a0d45ad2c300a95a1b84162d89315f96e276a8ac1
Fermi_E,main_and_supplementary,Q_-1,1410,92,-1,train,42,within_Cn_target_quantile_isomer_80_20_seed42,ff9e14d55bd89c537eae826a0d45ad2c300a95a1b84162d89315f96e276a8ac1
Fermi_E,main_and_supplementary,Q_-1,1411,92,-1,train,42,within_Cn_target_quantile_isomer_80_20_seed42,ff9e14d55bd89c537eae826a0d45ad2c300a95a1b84162d89315f96e276a8ac1
Fermi_E,main_and_supplementary,Q_-1,1412,92,-1,train,42,within_Cn_target_quantile_isomer_80_20_seed42,ff9e14d55bd89c537eae826a0d45ad2c300a95a1b84162d89315f96e276a8ac1
Fermi_E,main_and_supplementary,Q_-1,1413,92,-1,train,42,within_Cn_target_quantile_isomer_80_20_seed42,ff9e14d55bd89c537eae826a0d45ad2c300a95a1b84162d89315f96e276a8ac1
Fermi_E,main_and_supplementary,Q_-1,1414,92,-1,train,42,within_Cn_target_quantile_isomer_80_20_seed42,ff9e14d55bd89c537eae826a0d45ad2c300a95a1b84162d89315f96e276a8ac1
Fermi_E,main_and_supplementary,Q_-1,1415,92,-1,train,42,within_Cn_target_quantile_isomer_80_20_seed42,ff9e14d55bd89c537eae826a0d45ad2c300a95a1b84162d89315f96e276a8ac1
Fermi_E,main_and_supplementary,Q_-1,1416,92,-1,train,42,within_Cn_target_quantile_isomer_80_20_seed42,ff9e14d55bd89c537eae826a0d45ad2c300a95a1b84162d89315f96e276a8ac1
Fermi_E,main_and_supplementary,Q_-1,1417,92,-1,train,42,within_Cn_target_quantile_isomer_80_20_seed42,ff9e14d55bd89c537eae826a0d45ad2c300a95a1b84162d89315f96e276a8ac1
Fermi_E,main_and_supplementary,Q_-1,1418,92,-1,train,42,within_Cn_target_quantile_isomer_80_20_seed42,ff9e14d55bd89c537eae826a0d45ad2c300a95a1b84162d89315f96e276a8ac1
Fermi_E,main_and_supplementary,Q_-1,1419,92,-1,train,42,within_Cn_target_quantile_isomer_80_20_seed42,ff9e14d55bd89c537eae826a0d45ad2c300a95a1b84162d89315f96e276a8ac1
Fermi_E,main_and_supplementary,Q_-1,1420,92,-1,train,42,within_Cn_target_quantile_isomer_80_20_seed42,ff9e14d55bd89c537eae826a0d45ad2c300a95a1b84162d89315f96e276a8ac1
Fermi_E,main_and_supplementary,Q_-1,1421,92,-1,train,42,within_Cn_target_quantile_isomer_80_20_seed42,ff9e14d55bd89c537eae826a0d45ad2c300a95a1b84162d89315f96e276a8ac1
Fermi_E,main_and_supplementary,Q_-1,1422,92,-1,train,42,within_Cn_target_quantile_isomer_80_20_seed42,ff9e14d55bd89c537eae826a0d45ad2c300a95a1b84162d89315f96e276a8ac1
Fermi_E,main_and_supplementary,Q_-1,1423,92,-1,train,42,within_Cn_target_quantile_isomer_80_20_seed42,ff9e14d55bd89c537eae826a0d45ad2c300a95a1b84162d89315f96e276a8ac1
Fermi_E,main_and_supplementary,Q_-1,1424,92,-1,train,42,within_Cn_target_quantile_isomer_80_20_seed42,ff9e14d55bd89c537eae826a0d45ad2c300a95a1b84162d89315f96e276a8ac1
Fermi_E,main_and_supplementary,Q_-1,1425,92,-1,train,42,within_Cn_target_quantile_isomer_80_20_seed42,ff9e14d55bd89c537eae826a0d45ad2c300a95a1b84162d89315f96e276a8ac1
Fermi_E,main_and_supplementary,Q_-1,1426,92,-1,train,42,within_Cn_target_quantile_isomer_80_20_seed42,ff9e14d55bd89c537eae826a0d45ad2c300a95a1b84162d89315f96e276a8ac1
Fermi_E,main_and_supplementary,Q_-1,1427,92,-1,train,42,within_Cn_target_quantile_isomer_80_20_seed42,ff9e14d55bd89c537eae826a0d45ad2c300a95a1b84162d89315f96e276a8ac1
Fermi_E,main_and_supplementary,Q_-1,1428,92,-1,train,42,within_Cn_target_quantile_isomer_80_20_seed42,ff9e14d55bd89c537eae826a0d45ad2c300a95a1b84162d89315f96e276a8ac1
Fermi_E,main_and_supplementary,Q_-1,1429,92,-1,train,42,within_Cn_target_quantile_isomer_80_20_seed42,ff9e14d55bd89c537eae826a0d45ad2c300a95a1b84162d89315f96e276a8ac1
Fermi_E,main_and_supplementary,Q_-1,1430,92,-1,train,42,within_Cn_target_quantile_isomer_80_20_seed42,ff9e14d55bd89c537eae826a0d45ad2c300a95a1b84162d89315f96e276a8ac1
Fermi_E,main_and_supplementary,Q_-1,1431,92,-1,train,42,within_Cn_target_quantile_isomer_80_20_seed42,ff9e14d55bd89c537eae826a0d45ad2c300a95a1b84162d89315f96e276a8ac1
Fermi_E,main_and_supplementary,Q_-1,1432,92,-1,train,42,within_Cn_target_quantile_isomer_80_20_seed42,ff9e14d55bd89c537eae826a0d45ad2c300a95a1b84162d89315f96e276a8ac1
Fermi_E,main_and_supplementary,Q_-1,1433,92,-1,train,42,within_Cn_target_quantile_isomer_80_20_seed42,ff9e14d55bd89c537eae826a0d45ad2c300a95a1b84162d89315f96e276a8ac1
Fermi_E,main_and_supplementary,Q_-1,1434,92,-1,train,42,within_Cn_target_quantile_isomer_80_20_seed42,ff9e14d55bd89c537eae826a0d45ad2c300a95a1b84162d89315f96e276a8ac1
Fermi_E,main_and_supplementary,Q_-1,1436,92,-1,train,42,within_Cn_target_quantile_isomer_80_20_seed42,ff9e14d55bd89c537eae826a0d45ad2c300a95a1b84162d89315f96e276a8ac1
Fermi_E,main_and_supplementary,Q_-1,1437,92,-1,train,42,within_Cn_target_quantile_isomer_80_20_seed42,ff9e14d55bd89c537eae826a0d45ad2c300a95a1b84162d89315f96e276a8ac1
Fermi_E,main_and_supplementary,Q_-1,1438,92,-1,train,42,within_Cn_target_quantile_isomer_80_20_seed42,ff9e14d55bd89c537eae826a0d45ad2c300a95a1b84162d89315f96e276a8ac1
Fermi_E,main_and_supplementary,Q_-1,1439,92,-1,train,42,within_Cn_target_quantile_isomer_80_20_seed42,ff9e14d55bd89c537eae826a0d45ad2c300a95a1b84162d89315f96e276a8ac1
Fermi_E,main_and_supplementary,Q_-1,1441,92,-1,train,42,within_Cn_target_quantile_isomer_80_20_seed42,ff9e14d55bd89c537eae826a0d45ad2c300a95a1b84162d89315f96e276a8ac1
Fermi_E,main_and_supplementary,Q_-1,1442,92,-1,train,42,within_Cn_target_quantile_isomer_80_20_seed42,ff9e14d55bd89c537eae826a0d45ad2c300a95a1b84162d89315f96e276a8ac1
Fermi_E,main_and_supplementary,Q_-1,1443,92,-1,train,42,within_Cn_target_quantile_isomer_80_20_seed42,ff9e14d55bd89c537eae826a0d45ad2c300a95a1b84162d89315f96e276a8ac1
Fermi_E,main_and_supplementary,Q_-1,1444,92,-1,train,42,within_Cn_target_quantile_isomer_80_20_seed42,ff9e14d55bd89c537eae826a0d45ad2c300a95a1b84162d89315f96e276a8ac1
Fermi_E,main_and_supplementary,Q_-1,1445,92,-1,train,42,within_Cn_target_quantile_isomer_80_20_seed42,ff9e14d55bd89c537eae826a0d45ad2c300a95a1b84162d89315f96e276a8ac1
Fermi_E,main_and_supplementary,Q_-1,1448,92,-1,train,42,within_Cn_target_quantile_isomer_80_20_seed42,ff9e14d55bd89c537eae826a0d45ad2c300a95a1b84162d89315f96e276a8ac1
Fermi_E,main_and_supplementary,Q_-1,1449,92,-1,train,42,within_Cn_target_quantile_isomer_80_20_seed42,ff9e14d55bd89c537eae826a0d45ad2c300a95a1b84162d89315f96e276a8ac1
Fermi_E,main_and_supplementary,Q_-1,1450,92,-1,train,42,within_Cn_target_quantile_isomer_80_20_seed42,ff9e14d55bd89c537eae826a0d45ad2c300a95a1b84162d89315f96e276a8ac1
Fermi_E,main_and_supplementary,Q_-1,1451,94,-1,train,42,within_Cn_target_quantile_isomer_80_20_seed42,ff9e14d55bd89c537eae826a0d45ad2c300a95a1b84162d89315f96e276a8ac1
Fermi_E,main_and_supplementary,Q_-1,1452,94,-1,train,42,within_Cn_target_quantile_isomer_80_20_seed42,ff9e14d55bd89c537eae826a0d45ad2c300a95a1b84162d89315f96e276a8ac1
Fermi_E,main_and_supplementary,Q_-1,1453,94,-1,train,42,within_Cn_target_quantile_isomer_80_20_seed42,ff9e14d55bd89c537eae826a0d45ad2c300a95a1b84162d89315f96e276a8ac1
Fermi_E,main_and_supplementary,Q_-1,1454,94,-1,train,42,within_Cn_target_quantile_isomer_80_20_seed42,ff9e14d55bd89c537eae826a0d45ad2c300a95a1b84162d89315f96e276a8ac1
Fermi_E,main_and_supplementary,Q_-1,1455,94,-1,train,42,within_Cn_target_quantile_isomer_80_20_seed42,ff9e14d55bd89c537eae826a0d45ad2c300a95a1b84162d89315f96e276a8ac1
Fermi_E,main_and_supplementary,Q_-1,1456,94,-1,train,42,within_Cn_target_quantile_isomer_80_20_seed42,ff9e14d55bd89c537eae826a0d45ad2c300a95a1b84162d89315f96e276a8ac1
Fermi_E,main_and_supplementary,Q_-1,1458,94,-1,train,42,within_Cn_target_quantile_isomer_80_20_seed42,ff9e14d55bd89c537eae826a0d45ad2c300a95a1b84162d89315f96e276a8ac1
Fermi_E,main_and_supplementary,Q_-1,1459,94,-1,train,42,within_Cn_target_quantile_isomer_80_20_seed42,ff9e14d55bd89c537eae826a0d45ad2c300a95a1b84162d89315f96e276a8ac1
Fermi_E,main_and_supplementary,Q_-1,1460,94,-1,train,42,within_Cn_target_quantile_isomer_80_20_seed42,ff9e14d55bd89c537eae826a0d45ad2c300a95a1b84162d89315f96e276a8ac1
Fermi_E,main_and_supplementary,Q_-1,1461,94,-1,train,42,within_Cn_target_quantile_isomer_80_20_seed42,ff9e14d55bd89c537eae826a0d45ad2c300a95a1b84162d89315f96e276a8ac1
Fermi_E,main_and_supplementary,Q_-1,1462,94,-1,train,42,within_Cn_target_quantile_isomer_80_20_seed42,ff9e14d55bd89c537eae826a0d45ad2c300a95a1b84162d89315f96e276a8ac1
Fermi_E,main_and_supplementary,Q_-1,1463,94,-1,train,42,within_Cn_target_quantile_isomer_80_20_seed42,ff9e14d55bd89c537eae826a0d45ad2c300a95a1b84162d89315f96e276a8ac1
Fermi_E,main_and_supplementary,Q_-1,1464,94,-1,train,42,within_Cn_target_quantile_isomer_80_20_seed42,ff9e14d55bd89c537eae826a0d45ad2c300a95a1b84162d89315f96e276a8ac1
Fermi_E,main_and_supplementary,Q_-1,1465,94,-1,train,42,within_Cn_target_quantile_isomer_80_20_seed42,ff9e14d55bd89c537eae826a0d45ad2c300a95a1b84162d89315f96e276a8ac1
Fermi_E,main_and_supplementary,Q_-1,1466,94,-1,train,42,within_Cn_target_quantile_isomer_80_20_seed42,ff9e14d55bd89c537eae826a0d45ad2c300a95a1b84162d89315f96e276a8ac1
Fermi_E,main_and_supplementary,Q_-1,1468,94,-1,train,42,within_Cn_target_quantile_isomer_80_20_seed42,ff9e14d55bd89c537eae826a0d45ad2c300a95a1b84162d89315f96e276a8ac1
Fermi_E,main_and_supplementary,Q_-1,1469,94,-1,train,42,within_Cn_target_quantile_isomer_80_20_seed42,ff9e14d55bd89c537eae826a0d45ad2c300a95a1b84162d89315f96e276a8ac1
Fermi_E,main_and_supplementary,Q_-1,1472,94,-1,train,42,within_Cn_target_quantile_isomer_80_20_seed42,ff9e14d55bd89c537eae826a0d45ad2c300a95a1b84162d89315f96e276a8ac1
Fermi_E,main_and_supplementary,Q_-1,1473,94,-1,train,42,within_Cn_target_quantile_isomer_80_20_seed42,ff9e14d55bd89c537eae826a0d45ad2c300a95a1b84162d89315f96e276a8ac1
Fermi_E,main_and_supplementary,Q_-1,1474,94,-1,train,42,within_Cn_target_quantile_isomer_80_20_seed42,ff9e14d55bd89c537eae826a0d45ad2c300a95a1b84162d89315f96e276a8ac1
Fermi_E,main_and_supplementary,Q_-1,1475,94,-1,train,42,within_Cn_target_quantile_isomer_80_20_seed42,ff9e14d55bd89c537eae826a0d45ad2c300a95a1b84162d89315f96e276a8ac1
Fermi_E,main_and_supplementary,Q_-1,1476,94,-1,train,42,within_Cn_target_quantile_isomer_80_20_seed42,ff9e14d55bd89c537eae826a0d45ad2c300a95a1b84162d89315f96e276a8ac1
Fermi_E,main_and_supplementary,Q_-1,1478,94,-1,train,42,within_Cn_target_quantile_isomer_80_20_seed42,ff9e14d55bd89c537eae826a0d45ad2c300a95a1b84162d89315f96e276a8ac1
Fermi_E,main_and_supplementary,Q_-1,1480,94,-1,train,42,within_Cn_target_quantile_isomer_80_20_seed42,ff9e14d55bd89c537eae826a0d45ad2c300a95a1b84162d89315f96e276a8ac1
Fermi_E,main_and_supplementary,Q_-1,1481,94,-1,train,42,within_Cn_target_quantile_isomer_80_20_seed42,ff9e14d55bd89c537eae826a0d45ad2c300a95a1b84162d89315f96e276a8ac1
Fermi_E,main_and_supplementary,Q_-1,1482,94,-1,train,42,within_Cn_target_quantile_isomer_80_20_seed42,ff9e14d55bd89c537eae826a0d45ad2c300a95a1b84162d89315f96e276a8ac1
Fermi_E,main_and_supplementary,Q_-1,1483,94,-1,train,42,within_Cn_target_quantile_isomer_80_20_seed42,ff9e14d55bd89c537eae826a0d45ad2c300a95a1b84162d89315f96e276a8ac1
Fermi_E,main_and_supplementary,Q_-1,1484,94,-1,train,42,within_Cn_target_quantile_isomer_80_20_seed42,ff9e14d55bd89c537eae826a0d45ad2c300a95a1b84162d89315f96e276a8ac1
Fermi_E,main_and_supplementary,Q_-1,1485,94,-1,train,42,within_Cn_target_quantile_isomer_80_20_seed42,ff9e14d55bd89c537eae826a0d45ad2c300a95a1b84162d89315f96e276a8ac1
Fermi_E,main_and_supplementary,Q_-1,1487,94,-1,train,42,within_Cn_target_quantile_isomer_80_20_seed42,ff9e14d55bd89c537eae826a0d45ad2c300a95a1b84162d89315f96e276a8ac1
Fermi_E,main_and_supplementary,Q_-1,1488,94,-1,train,42,within_Cn_target_quantile_isomer_80_20_seed42,ff9e14d55bd89c537eae826a0d45ad2c300a95a1b84162d89315f96e276a8ac1
Fermi_E,main_and_supplementary,Q_-1,1489,94,-1,train,42,within_Cn_target_quantile_isomer_80_20_seed42,ff9e14d55bd89c537eae826a0d45ad2c300a95a1b84162d89315f96e276a8ac1
Fermi_E,main_and_supplementary,Q_-1,1490,94,-1,train,42,within_Cn_target_quantile_isomer_80_20_seed42,ff9e14d55bd89c537eae826a0d45ad2c300a95a1b84162d89315f96e276a8ac1
Fermi_E,main_and_supplementary,Q_-1,1491,94,-1,train,42,within_Cn_target_quantile_isomer_80_20_seed42,ff9e14d55bd89c537eae826a0d45ad2c300a95a1b84162d89315f96e276a8ac1
Fermi_E,main_and_supplementary,Q_-1,1492,94,-1,train,42,within_Cn_target_quantile_isomer_80_20_seed42,ff9e14d55bd89c537eae826a0d45ad2c300a95a1b84162d89315f96e276a8ac1
Fermi_E,main_and_supplementary,Q_-1,1494,94,-1,train,42,within_Cn_target_quantile_isomer_80_20_seed42,ff9e14d55bd89c537eae826a0d45ad2c300a95a1b84162d89315f96e276a8ac1
Fermi_E,main_and_supplementary,Q_-1,1495,94,-1,train,42,within_Cn_target_quantile_isomer_80_20_seed42,ff9e14d55bd89c537eae826a0d45ad2c300a95a1b84162d89315f96e276a8ac1
Fermi_E,main_and_supplementary,Q_-1,1497,94,-1,train,42,within_Cn_target_quantile_isomer_80_20_seed42,ff9e14d55bd89c537eae826a0d45ad2c300a95a1b84162d89315f96e276a8ac1
Fermi_E,main_and_supplementary,Q_-1,1498,94,-1,train,42,within_Cn_target_quantile_isomer_80_20_seed42,ff9e14d55bd89c537eae826a0d45ad2c300a95a1b84162d89315f96e276a8ac1
Fermi_E,main_and_supplementary,Q_-1,1499,94,-1,train,42,within_Cn_target_quantile_isomer_80_20_seed42,ff9e14d55bd89c537eae826a0d45ad2c300a95a1b84162d89315f96e276a8ac1
Fermi_E,main_and_supplementary,Q_-1,1500,94,-1,train,42,within_Cn_target_quantile_isomer_80_20_seed42,ff9e14d55bd89c537eae826a0d45ad2c300a95a1b84162d89315f96e276a8ac1
Fermi_E,main_and_supplementary,Q_-1,1501,94,-1,train,42,within_Cn_target_quantile_isomer_80_20_seed42,ff9e14d55bd89c537eae826a0d45ad2c300a95a1b84162d89315f96e276a8ac1
Fermi_E,main_and_supplementary,Q_-1,1503,94,-1,train,42,within_Cn_target_quantile_isomer_80_20_seed42,ff9e14d55bd89c537eae826a0d45ad2c300a95a1b84162d89315f96e276a8ac1
Fermi_E,main_and_supplementary,Q_-1,1505,94,-1,train,42,within_Cn_target_quantile_isomer_80_20_seed42,ff9e14d55bd89c537eae826a0d45ad2c300a95a1b84162d89315f96e276a8ac1
Fermi_E,main_and_supplementary,Q_-1,1506,94,-1,train,42,within_Cn_target_quantile_isomer_80_20_seed42,ff9e14d55bd89c537eae826a0d45ad2c300a95a1b84162d89315f96e276a8ac1
Fermi_E,main_and_supplementary,Q_-1,1509,94,-1,train,42,within_Cn_target_quantile_isomer_80_20_seed42,ff9e14d55bd89c537eae826a0d45ad2c300a95a1b84162d89315f96e276a8ac1
Fermi_E,main_and_supplementary,Q_-1,1510,94,-1,train,42,within_Cn_target_quantile_isomer_80_20_seed42,ff9e14d55bd89c537eae826a0d45ad2c300a95a1b84162d89315f96e276a8ac1
Fermi_E,main_and_supplementary,Q_-1,1511,94,-1,train,42,within_Cn_target_quantile_isomer_80_20_seed42,ff9e14d55bd89c537eae826a0d45ad2c300a95a1b84162d89315f96e276a8ac1
Fermi_E,main_and_supplementary,Q_-1,1512,94,-1,train,42,within_Cn_target_quantile_isomer_80_20_seed42,ff9e14d55bd89c537eae826a0d45ad2c300a95a1b84162d89315f96e276a8ac1
Fermi_E,main_and_supplementary,Q_-1,1513,94,-1,train,42,within_Cn_target_quantile_isomer_80_20_seed42,ff9e14d55bd89c537eae826a0d45ad2c300a95a1b84162d89315f96e276a8ac1
Fermi_E,main_and_supplementary,Q_-1,1514,94,-1,train,42,within_Cn_target_quantile_isomer_80_20_seed42,ff9e14d55bd89c537eae826a0d45ad2c300a95a1b84162d89315f96e276a8ac1
Fermi_E,main_and_supplementary,Q_-1,1515,94,-1,train,42,within_Cn_target_quantile_isomer_80_20_seed42,ff9e14d55bd89c537eae826a0d45ad2c300a95a1b84162d89315f96e276a8ac1
Fermi_E,main_and_supplementary,Q_-1,1516,94,-1,train,42,within_Cn_target_quantile_isomer_80_20_seed42,ff9e14d55bd89c537eae826a0d45ad2c300a95a1b84162d89315f96e276a8ac1
Fermi_E,main_and_supplementary,Q_-1,1517,94,-1,train,42,within_Cn_target_quantile_isomer_80_20_seed42,ff9e14d55bd89c537eae826a0d45ad2c300a95a1b84162d89315f96e276a8ac1
Fermi_E,main_and_supplementary,Q_-1,1518,94,-1,train,42,within_Cn_target_quantile_isomer_80_20_seed42,ff9e14d55bd89c537eae826a0d45ad2c300a95a1b84162d89315f96e276a8ac1
Fermi_E,main_and_supplementary,Q_-1,1519,94,-1,train,42,within_Cn_target_quantile_isomer_80_20_seed42,ff9e14d55bd89c537eae826a0d45ad2c300a95a1b84162d89315f96e276a8ac1
Fermi_E,main_and_supplementary,Q_-1,1520,94,-1,train,42,within_Cn_target_quantile_isomer_80_20_seed42,ff9e14d55bd89c537eae826a0d45ad2c300a95a1b84162d89315f96e276a8ac1
Fermi_E,main_and_supplementary,Q_-1,1521,94,-1,train,42,within_Cn_target_quantile_isomer_80_20_seed42,ff9e14d55bd89c537eae826a0d45ad2c300a95a1b84162d89315f96e276a8ac1
Fermi_E,main_and_supplementary,Q_-1,1522,94,-1,train,42,within_Cn_target_quantile_isomer_80_20_seed42,ff9e14d55bd89c537eae826a0d45ad2c300a95a1b84162d89315f96e276a8ac1
Fermi_E,main_and_supplementary,Q_-1,1523,94,-1,train,42,within_Cn_target_quantile_isomer_80_20_seed42,ff9e14d55bd89c537eae826a0d45ad2c300a95a1b84162d89315f96e276a8ac1
Fermi_E,main_and_supplementary,Q_-1,1524,94,-1,train,42,within_Cn_target_quantile_isomer_80_20_seed42,ff9e14d55bd89c537eae826a0d45ad2c300a95a1b84162d89315f96e276a8ac1
Fermi_E,main_and_supplementary,Q_-1,1525,94,-1,train,42,within_Cn_target_quantile_isomer_80_20_seed42,ff9e14d55bd89c537eae826a0d45ad2c300a95a1b84162d89315f96e276a8ac1
Fermi_E,main_and_supplementary,Q_-1,1526,94,-1,train,42,within_Cn_target_quantile_isomer_80_20_seed42,ff9e14d55bd89c537eae826a0d45ad2c300a95a1b84162d89315f96e276a8ac1
Fermi_E,main_and_supplementary,Q_-1,1528,94,-1,train,42,within_Cn_target_quantile_isomer_80_20_seed42,ff9e14d55bd89c537eae826a0d45ad2c300a95a1b84162d89315f96e276a8ac1
Fermi_E,main_and_supplementary,Q_-1,1529,94,-1,train,42,within_Cn_target_quantile_isomer_80_20_seed42,ff9e14d55bd89c537eae826a0d45ad2c300a95a1b84162d89315f96e276a8ac1
Fermi_E,main_and_supplementary,Q_-1,1530,94,-1,train,42,within_Cn_target_quantile_isomer_80_20_seed42,ff9e14d55bd89c537eae826a0d45ad2c300a95a1b84162d89315f96e276a8ac1
Fermi_E,main_and_supplementary,Q_-1,1532,94,-1,train,42,within_Cn_target_quantile_isomer_80_20_seed42,ff9e14d55bd89c537eae826a0d45ad2c300a95a1b84162d89315f96e276a8ac1
Fermi_E,main_and_supplementary,Q_-1,1533,94,-1,train,42,within_Cn_target_quantile_isomer_80_20_seed42,ff9e14d55bd89c537eae826a0d45ad2c300a95a1b84162d89315f96e276a8ac1
Fermi_E,main_and_supplementary,Q_-1,1534,94,-1,train,42,within_Cn_target_quantile_isomer_80_20_seed42,ff9e14d55bd89c537eae826a0d45ad2c300a95a1b84162d89315f96e276a8ac1
Fermi_E,main_and_supplementary,Q_-1,1536,94,-1,train,42,within_Cn_target_quantile_isomer_80_20_seed42,ff9e14d55bd89c537eae826a0d45ad2c300a95a1b84162d89315f96e276a8ac1
Fermi_E,main_and_supplementary,Q_-1,1537,94,-1,train,42,within_Cn_target_quantile_isomer_80_20_seed42,ff9e14d55bd89c537eae826a0d45ad2c300a95a1b84162d89315f96e276a8ac1
Fermi_E,main_and_supplementary,Q_-1,1538,94,-1,train,42,within_Cn_target_quantile_isomer_80_20_seed42,ff9e14d55bd89c537eae826a0d45ad2c300a95a1b84162d89315f96e276a8ac1
Fermi_E,main_and_supplementary,Q_-1,1539,94,-1,train,42,within_Cn_target_quantile_isomer_80_20_seed42,ff9e14d55bd89c537eae826a0d45ad2c300a95a1b84162d89315f96e276a8ac1
Fermi_E,main_and_supplementary,Q_-1,1540,94,-1,train,42,within_Cn_target_quantile_isomer_80_20_seed42,ff9e14d55bd89c537eae826a0d45ad2c300a95a1b84162d89315f96e276a8ac1
Fermi_E,main_and_supplementary,Q_-1,1541,94,-1,train,42,within_Cn_target_quantile_isomer_80_20_seed42,ff9e14d55bd89c537eae826a0d45ad2c300a95a1b84162d89315f96e276a8ac1
Fermi_E,main_and_supplementary,Q_-1,1543,94,-1,train,42,within_Cn_target_quantile_isomer_80_20_seed42,ff9e14d55bd89c537eae826a0d45ad2c300a95a1b84162d89315f96e276a8ac1
Fermi_E,main_and_supplementary,Q_-1,1544,94,-1,train,42,within_Cn_target_quantile_isomer_80_20_seed42,ff9e14d55bd89c537eae826a0d45ad2c300a95a1b84162d89315f96e276a8ac1
Fermi_E,main_and_supplementary,Q_-1,1546,94,-1,train,42,within_Cn_target_quantile_isomer_80_20_seed42,ff9e14d55bd89c537eae826a0d45ad2c300a95a1b84162d89315f96e276a8ac1
Fermi_E,main_and_supplementary,Q_-1,1547,94,-1,train,42,within_Cn_target_quantile_isomer_80_20_seed42,ff9e14d55bd89c537eae826a0d45ad2c300a95a1b84162d89315f96e276a8ac1
Fermi_E,main_and_supplementary,Q_-1,1548,94,-1,train,42,within_Cn_target_quantile_isomer_80_20_seed42,ff9e14d55bd89c537eae826a0d45ad2c300a95a1b84162d89315f96e276a8ac1
Fermi_E,main_and_supplementary,Q_-1,1549,94,-1,train,42,within_Cn_target_quantile_isomer_80_20_seed42,ff9e14d55bd89c537eae826a0d45ad2c300a95a1b84162d89315f96e276a8ac1
Fermi_E,main_and_supplementary,Q_-1,1551,94,-1,train,42,within_Cn_target_quantile_isomer_80_20_seed42,ff9e14d55bd89c537eae826a0d45ad2c300a95a1b84162d89315f96e276a8ac1
Fermi_E,main_and_supplementary,Q_-1,1553,94,-1,train,42,within_Cn_target_quantile_isomer_80_20_seed42,ff9e14d55bd89c537eae826a0d45ad2c300a95a1b84162d89315f96e276a8ac1
Fermi_E,main_and_supplementary,Q_-1,1554,94,-1,train,42,within_Cn_target_quantile_isomer_80_20_seed42,ff9e14d55bd89c537eae826a0d45ad2c300a95a1b84162d89315f96e276a8ac1
Fermi_E,main_and_supplementary,Q_-1,1555,94,-1,train,42,within_Cn_target_quantile_isomer_80_20_seed42,ff9e14d55bd89c537eae826a0d45ad2c300a95a1b84162d89315f96e276a8ac1
Fermi_E,main_and_supplementary,Q_-1,1556,94,-1,train,42,within_Cn_target_quantile_isomer_80_20_seed42,ff9e14d55bd89c537eae826a0d45ad2c300a95a1b84162d89315f96e276a8ac1
Fermi_E,main_and_supplementary,Q_-1,1558,94,-1,train,42,within_Cn_target_quantile_isomer_80_20_seed42,ff9e14d55bd89c537eae826a0d45ad2c300a95a1b84162d89315f96e276a8ac1
Fermi_E,main_and_supplementary,Q_-1,1559,94,-1,train,42,within_Cn_target_quantile_isomer_80_20_seed42,ff9e14d55bd89c537eae826a0d45ad2c300a95a1b84162d89315f96e276a8ac1
Fermi_E,main_and_supplementary,Q_-1,1560,94,-1,train,42,within_Cn_target_quantile_isomer_80_20_seed42,ff9e14d55bd89c537eae826a0d45ad2c300a95a1b84162d89315f96e276a8ac1
Fermi_E,main_and_supplementary,Q_-1,1561,94,-1,train,42,within_Cn_target_quantile_isomer_80_20_seed42,ff9e14d55bd89c537eae826a0d45ad2c300a95a1b84162d89315f96e276a8ac1
Fermi_E,main_and_supplementary,Q_-1,1562,94,-1,train,42,within_Cn_target_quantile_isomer_80_20_seed42,ff9e14d55bd89c537eae826a0d45ad2c300a95a1b84162d89315f96e276a8ac1
Fermi_E,main_and_supplementary,Q_-1,1564,94,-1,train,42,within_Cn_target_quantile_isomer_80_20_seed42,ff9e14d55bd89c537eae826a0d45ad2c300a95a1b84162d89315f96e276a8ac1
Fermi_E,main_and_supplementary,Q_-1,1565,94,-1,train,42,within_Cn_target_quantile_isomer_80_20_seed42,ff9e14d55bd89c537eae826a0d45ad2c300a95a1b84162d89315f96e276a8ac1
Fermi_E,main_and_supplementary,Q_-1,1567,94,-1,train,42,within_Cn_target_quantile_isomer_80_20_seed42,ff9e14d55bd89c537eae826a0d45ad2c300a95a1b84162d89315f96e276a8ac1
Fermi_E,main_and_supplementary,Q_-1,1568,94,-1,train,42,within_Cn_target_quantile_isomer_80_20_seed42,ff9e14d55bd89c537eae826a0d45ad2c300a95a1b84162d89315f96e276a8ac1
Fermi_E,main_and_supplementary,Q_-1,1570,94,-1,train,42,within_Cn_target_quantile_isomer_80_20_seed42,ff9e14d55bd89c537eae826a0d45ad2c300a95a1b84162d89315f96e276a8ac1
Fermi_E,main_and_supplementary,Q_-1,1571,94,-1,train,42,within_Cn_target_quantile_isomer_80_20_seed42,ff9e14d55bd89c537eae826a0d45ad2c300a95a1b84162d89315f96e276a8ac1
Fermi_E,main_and_supplementary,Q_-1,1572,94,-1,train,42,within_Cn_target_quantile_isomer_80_20_seed42,ff9e14d55bd89c537eae826a0d45ad2c300a95a1b84162d89315f96e276a8ac1
Fermi_E,main_and_supplementary,Q_-1,1573,94,-1,train,42,within_Cn_target_quantile_isomer_80_20_seed42,ff9e14d55bd89c537eae826a0d45ad2c300a95a1b84162d89315f96e276a8ac1
Fermi_E,main_and_supplementary,Q_-1,1574,94,-1,train,42,within_Cn_target_quantile_isomer_80_20_seed42,ff9e14d55bd89c537eae826a0d45ad2c300a95a1b84162d89315f96e276a8ac1
Fermi_E,main_and_supplementary,Q_-1,1575,94,-1,train,42,within_Cn_target_quantile_isomer_80_20_seed42,ff9e14d55bd89c537eae826a0d45ad2c300a95a1b84162d89315f96e276a8ac1
Fermi_E,main_and_supplementary,Q_-1,1576,94,-1,train,42,within_Cn_target_quantile_isomer_80_20_seed42,ff9e14d55bd89c537eae826a0d45ad2c300a95a1b84162d89315f96e276a8ac1
Fermi_E,main_and_supplementary,Q_-1,1577,94,-1,train,42,within_Cn_target_quantile_isomer_80_20_seed42,ff9e14d55bd89c537eae826a0d45ad2c300a95a1b84162d89315f96e276a8ac1
Fermi_E,main_and_supplementary,Q_-1,1578,94,-1,train,42,within_Cn_target_quantile_isomer_80_20_seed42,ff9e14d55bd89c537eae826a0d45ad2c300a95a1b84162d89315f96e276a8ac1
Fermi_E,main_and_supplementary,Q_-1,1579,94,-1,train,42,within_Cn_target_quantile_isomer_80_20_seed42,ff9e14d55bd89c537eae826a0d45ad2c300a95a1b84162d89315f96e276a8ac1
Fermi_E,main_and_supplementary,Q_-1,1580,94,-1,train,42,within_Cn_target_quantile_isomer_80_20_seed42,ff9e14d55bd89c537eae826a0d45ad2c300a95a1b84162d89315f96e276a8ac1
Fermi_E,main_and_supplementary,Q_-1,1581,94,-1,train,42,within_Cn_target_quantile_isomer_80_20_seed42,ff9e14d55bd89c537eae826a0d45ad2c300a95a1b84162d89315f96e276a8ac1
Fermi_E,main_and_supplementary,Q_-1,1582,94,-1,train,42,within_Cn_target_quantile_isomer_80_20_seed42,ff9e14d55bd89c537eae826a0d45ad2c300a95a1b84162d89315f96e276a8ac1
Fermi_E,main_and_supplementary,Q_-1,1584,94,-1,train,42,within_Cn_target_quantile_isomer_80_20_seed42,ff9e14d55bd89c537eae826a0d45ad2c300a95a1b84162d89315f96e276a8ac1
Fermi_E,main_and_supplementary,Q_-1,1585,96,-1,train,42,within_Cn_target_quantile_isomer_80_20_seed42,ff9e14d55bd89c537eae826a0d45ad2c300a95a1b84162d89315f96e276a8ac1
Fermi_E,main_and_supplementary,Q_-1,1586,96,-1,train,42,within_Cn_target_quantile_isomer_80_20_seed42,ff9e14d55bd89c537eae826a0d45ad2c300a95a1b84162d89315f96e276a8ac1
Fermi_E,main_and_supplementary,Q_-1,1592,96,-1,train,42,within_Cn_target_quantile_isomer_80_20_seed42,ff9e14d55bd89c537eae826a0d45ad2c300a95a1b84162d89315f96e276a8ac1
Fermi_E,main_and_supplementary,Q_-1,1593,96,-1,train,42,within_Cn_target_quantile_isomer_80_20_seed42,ff9e14d55bd89c537eae826a0d45ad2c300a95a1b84162d89315f96e276a8ac1
Fermi_E,main_and_supplementary,Q_-1,1594,96,-1,train,42,within_Cn_target_quantile_isomer_80_20_seed42,ff9e14d55bd89c537eae826a0d45ad2c300a95a1b84162d89315f96e276a8ac1
Fermi_E,main_and_supplementary,Q_-1,1595,96,-1,train,42,within_Cn_target_quantile_isomer_80_20_seed42,ff9e14d55bd89c537eae826a0d45ad2c300a95a1b84162d89315f96e276a8ac1
Fermi_E,main_and_supplementary,Q_-1,1596,96,-1,train,42,within_Cn_target_quantile_isomer_80_20_seed42,ff9e14d55bd89c537eae826a0d45ad2c300a95a1b84162d89315f96e276a8ac1
Fermi_E,main_and_supplementary,Q_-1,1597,96,-1,train,42,within_Cn_target_quantile_isomer_80_20_seed42,ff9e14d55bd89c537eae826a0d45ad2c300a95a1b84162d89315f96e276a8ac1
Fermi_E,main_and_supplementary,Q_-1,1598,96,-1,train,42,within_Cn_target_quantile_isomer_80_20_seed42,ff9e14d55bd89c537eae826a0d45ad2c300a95a1b84162d89315f96e276a8ac1
Fermi_E,main_and_supplementary,Q_-1,1599,96,-1,train,42,within_Cn_target_quantile_isomer_80_20_seed42,ff9e14d55bd89c537eae826a0d45ad2c300a95a1b84162d89315f96e276a8ac1
Fermi_E,main_and_supplementary,Q_-1,1600,96,-1,train,42,within_Cn_target_quantile_isomer_80_20_seed42,ff9e14d55bd89c537eae826a0d45ad2c300a95a1b84162d89315f96e276a8ac1
Fermi_E,main_and_supplementary,Q_-1,1601,96,-1,train,42,within_Cn_target_quantile_isomer_80_20_seed42,ff9e14d55bd89c537eae826a0d45ad2c300a95a1b84162d89315f96e276a8ac1
Fermi_E,main_and_supplementary,Q_-1,1602,96,-1,train,42,within_Cn_target_quantile_isomer_80_20_seed42,ff9e14d55bd89c537eae826a0d45ad2c300a95a1b84162d89315f96e276a8ac1
Fermi_E,main_and_supplementary,Q_-1,1603,96,-1,train,42,within_Cn_target_quantile_isomer_80_20_seed42,ff9e14d55bd89c537eae826a0d45ad2c300a95a1b84162d89315f96e276a8ac1
Fermi_E,main_and_supplementary,Q_-1,1604,96,-1,train,42,within_Cn_target_quantile_isomer_80_20_seed42,ff9e14d55bd89c537eae826a0d45ad2c300a95a1b84162d89315f96e276a8ac1
Fermi_E,main_and_supplementary,Q_-1,1605,96,-1,train,42,within_Cn_target_quantile_isomer_80_20_seed42,ff9e14d55bd89c537eae826a0d45ad2c300a95a1b84162d89315f96e276a8ac1
Fermi_E,main_and_supplementary,Q_-1,1606,96,-1,train,42,within_Cn_target_quantile_isomer_80_20_seed42,ff9e14d55bd89c537eae826a0d45ad2c300a95a1b84162d89315f96e276a8ac1
Fermi_E,main_and_supplementary,Q_-1,1607,96,-1,train,42,within_Cn_target_quantile_isomer_80_20_seed42,ff9e14d55bd89c537eae826a0d45ad2c300a95a1b84162d89315f96e276a8ac1
Fermi_E,main_and_supplementary,Q_-1,1608,96,-1,train,42,within_Cn_target_quantile_isomer_80_20_seed42,ff9e14d55bd89c537eae826a0d45ad2c300a95a1b84162d89315f96e276a8ac1
Fermi_E,main_and_supplementary,Q_-1,1609,96,-1,train,42,within_Cn_target_quantile_isomer_80_20_seed42,ff9e14d55bd89c537eae826a0d45ad2c300a95a1b84162d89315f96e276a8ac1
Fermi_E,main_and_supplementary,Q_-1,1610,96,-1,train,42,within_Cn_target_quantile_isomer_80_20_seed42,ff9e14d55bd89c537eae826a0d45ad2c300a95a1b84162d89315f96e276a8ac1
Fermi_E,main_and_supplementary,Q_-1,1611,96,-1,train,42,within_Cn_target_quantile_isomer_80_20_seed42,ff9e14d55bd89c537eae826a0d45ad2c300a95a1b84162d89315f96e276a8ac1
Fermi_E,main_and_supplementary,Q_-1,1613,96,-1,train,42,within_Cn_target_quantile_isomer_80_20_seed42,ff9e14d55bd89c537eae826a0d45ad2c300a95a1b84162d89315f96e276a8ac1
Fermi_E,main_and_supplementary,Q_-1,1614,96,-1,train,42,within_Cn_target_quantile_isomer_80_20_seed42,ff9e14d55bd89c537eae826a0d45ad2c300a95a1b84162d89315f96e276a8ac1
Fermi_E,main_and_supplementary,Q_-1,1615,96,-1,train,42,within_Cn_target_quantile_isomer_80_20_seed42,ff9e14d55bd89c537eae826a0d45ad2c300a95a1b84162d89315f96e276a8ac1
Fermi_E,main_and_supplementary,Q_-1,1616,96,-1,train,42,within_Cn_target_quantile_isomer_80_20_seed42,ff9e14d55bd89c537eae826a0d45ad2c300a95a1b84162d89315f96e276a8ac1
Fermi_E,main_and_supplementary,Q_-1,1617,96,-1,train,42,within_Cn_target_quantile_isomer_80_20_seed42,ff9e14d55bd89c537eae826a0d45ad2c300a95a1b84162d89315f96e276a8ac1
Fermi_E,main_and_supplementary,Q_-1,1618,96,-1,train,42,within_Cn_target_quantile_isomer_80_20_seed42,ff9e14d55bd89c537eae826a0d45ad2c300a95a1b84162d89315f96e276a8ac1
Fermi_E,main_and_supplementary,Q_-1,1619,96,-1,train,42,within_Cn_target_quantile_isomer_80_20_seed42,ff9e14d55bd89c537eae826a0d45ad2c300a95a1b84162d89315f96e276a8ac1
Fermi_E,main_and_supplementary,Q_-1,1620,96,-1,train,42,within_Cn_target_quantile_isomer_80_20_seed42,ff9e14d55bd89c537eae826a0d45ad2c300a95a1b84162d89315f96e276a8ac1
Fermi_E,main_and_supplementary,Q_-1,1621,96,-1,train,42,within_Cn_target_quantile_isomer_80_20_seed42,ff9e14d55bd89c537eae826a0d45ad2c300a95a1b84162d89315f96e276a8ac1
Fermi_E,main_and_supplementary,Q_-1,1622,96,-1,train,42,within_Cn_target_quantile_isomer_80_20_seed42,ff9e14d55bd89c537eae826a0d45ad2c300a95a1b84162d89315f96e276a8ac1
Fermi_E,main_and_supplementary,Q_-1,1623,96,-1,train,42,within_Cn_target_quantile_isomer_80_20_seed42,ff9e14d55bd89c537eae826a0d45ad2c300a95a1b84162d89315f96e276a8ac1
Fermi_E,main_and_supplementary,Q_-1,1624,96,-1,train,42,within_Cn_target_quantile_isomer_80_20_seed42,ff9e14d55bd89c537eae826a0d45ad2c300a95a1b84162d89315f96e276a8ac1
Fermi_E,main_and_supplementary,Q_-1,1625,96,-1,train,42,within_Cn_target_quantile_isomer_80_20_seed42,ff9e14d55bd89c537eae826a0d45ad2c300a95a1b84162d89315f96e276a8ac1
Fermi_E,main_and_supplementary,Q_-1,1626,96,-1,train,42,within_Cn_target_quantile_isomer_80_20_seed42,ff9e14d55bd89c537eae826a0d45ad2c300a95a1b84162d89315f96e276a8ac1
Fermi_E,main_and_supplementary,Q_-1,1627,96,-1,train,42,within_Cn_target_quantile_isomer_80_20_seed42,ff9e14d55bd89c537eae826a0d45ad2c300a95a1b84162d89315f96e276a8ac1
Fermi_E,main_and_supplementary,Q_-1,1628,96,-1,train,42,within_Cn_target_quantile_isomer_80_20_seed42,ff9e14d55bd89c537eae826a0d45ad2c300a95a1b84162d89315f96e276a8ac1
Fermi_E,main_and_supplementary,Q_-1,1629,96,-1,train,42,within_Cn_target_quantile_isomer_80_20_seed42,ff9e14d55bd89c537eae826a0d45ad2c300a95a1b84162d89315f96e276a8ac1
Fermi_E,main_and_supplementary,Q_-1,1630,96,-1,train,42,within_Cn_target_quantile_isomer_80_20_seed42,ff9e14d55bd89c537eae826a0d45ad2c300a95a1b84162d89315f96e276a8ac1
Fermi_E,main_and_supplementary,Q_-1,1631,96,-1,train,42,within_Cn_target_quantile_isomer_80_20_seed42,ff9e14d55bd89c537eae826a0d45ad2c300a95a1b84162d89315f96e276a8ac1
Fermi_E,main_and_supplementary,Q_-1,1632,96,-1,train,42,within_Cn_target_quantile_isomer_80_20_seed42,ff9e14d55bd89c537eae826a0d45ad2c300a95a1b84162d89315f96e276a8ac1
Fermi_E,main_and_supplementary,Q_-1,1633,96,-1,train,42,within_Cn_target_quantile_isomer_80_20_seed42,ff9e14d55bd89c537eae826a0d45ad2c300a95a1b84162d89315f96e276a8ac1
Fermi_E,main_and_supplementary,Q_-1,1634,96,-1,train,42,within_Cn_target_quantile_isomer_80_20_seed42,ff9e14d55bd89c537eae826a0d45ad2c300a95a1b84162d89315f96e276a8ac1
Fermi_E,main_and_supplementary,Q_-1,1635,96,-1,train,42,within_Cn_target_quantile_isomer_80_20_seed42,ff9e14d55bd89c537eae826a0d45ad2c300a95a1b84162d89315f96e276a8ac1
Fermi_E,main_and_supplementary,Q_-1,1636,96,-1,train,42,within_Cn_target_quantile_isomer_80_20_seed42,ff9e14d55bd89c537eae826a0d45ad2c300a95a1b84162d89315f96e276a8ac1
Fermi_E,main_and_supplementary,Q_-1,1637,96,-1,train,42,within_Cn_target_quantile_isomer_80_20_seed42,ff9e14d55bd89c537eae826a0d45ad2c300a95a1b84162d89315f96e276a8ac1
Fermi_E,main_and_supplementary,Q_-1,1638,96,-1,train,42,within_Cn_target_quantile_isomer_80_20_seed42,ff9e14d55bd89c537eae826a0d45ad2c300a95a1b84162d89315f96e276a8ac1
Fermi_E,main_and_supplementary,Q_-1,1639,96,-1,train,42,within_Cn_target_quantile_isomer_80_20_seed42,ff9e14d55bd89c537eae826a0d45ad2c300a95a1b84162d89315f96e276a8ac1
Fermi_E,main_and_supplementary,Q_-1,1640,96,-1,train,42,within_Cn_target_quantile_isomer_80_20_seed42,ff9e14d55bd89c537eae826a0d45ad2c300a95a1b84162d89315f96e276a8ac1
Fermi_E,main_and_supplementary,Q_-1,1642,96,-1,train,42,within_Cn_target_quantile_isomer_80_20_seed42,ff9e14d55bd89c537eae826a0d45ad2c300a95a1b84162d89315f96e276a8ac1
Fermi_E,main_and_supplementary,Q_-1,1643,96,-1,train,42,within_Cn_target_quantile_isomer_80_20_seed42,ff9e14d55bd89c537eae826a0d45ad2c300a95a1b84162d89315f96e276a8ac1
Fermi_E,main_and_supplementary,Q_-1,1645,96,-1,train,42,within_Cn_target_quantile_isomer_80_20_seed42,ff9e14d55bd89c537eae826a0d45ad2c300a95a1b84162d89315f96e276a8ac1
Fermi_E,main_and_supplementary,Q_-1,1646,96,-1,train,42,within_Cn_target_quantile_isomer_80_20_seed42,ff9e14d55bd89c537eae826a0d45ad2c300a95a1b84162d89315f96e276a8ac1
Fermi_E,main_and_supplementary,Q_-1,1647,96,-1,train,42,within_Cn_target_quantile_isomer_80_20_seed42,ff9e14d55bd89c537eae826a0d45ad2c300a95a1b84162d89315f96e276a8ac1
Fermi_E,main_and_supplementary,Q_-1,1649,96,-1,train,42,within_Cn_target_quantile_isomer_80_20_seed42,ff9e14d55bd89c537eae826a0d45ad2c300a95a1b84162d89315f96e276a8ac1
Fermi_E,main_and_supplementary,Q_-1,1650,96,-1,train,42,within_Cn_target_quantile_isomer_80_20_seed42,ff9e14d55bd89c537eae826a0d45ad2c300a95a1b84162d89315f96e276a8ac1
Fermi_E,main_and_supplementary,Q_-1,1652,96,-1,train,42,within_Cn_target_quantile_isomer_80_20_seed42,ff9e14d55bd89c537eae826a0d45ad2c300a95a1b84162d89315f96e276a8ac1
Fermi_E,main_and_supplementary,Q_-1,1653,96,-1,train,42,within_Cn_target_quantile_isomer_80_20_seed42,ff9e14d55bd89c537eae826a0d45ad2c300a95a1b84162d89315f96e276a8ac1
Fermi_E,main_and_supplementary,Q_-1,1654,96,-1,train,42,within_Cn_target_quantile_isomer_80_20_seed42,ff9e14d55bd89c537eae826a0d45ad2c300a95a1b84162d89315f96e276a8ac1
Fermi_E,main_and_supplementary,Q_-1,1655,96,-1,train,42,within_Cn_target_quantile_isomer_80_20_seed42,ff9e14d55bd89c537eae826a0d45ad2c300a95a1b84162d89315f96e276a8ac1
Fermi_E,main_and_supplementary,Q_-1,1656,96,-1,train,42,within_Cn_target_quantile_isomer_80_20_seed42,ff9e14d55bd89c537eae826a0d45ad2c300a95a1b84162d89315f96e276a8ac1
Fermi_E,main_and_supplementary,Q_-1,1657,96,-1,train,42,within_Cn_target_quantile_isomer_80_20_seed42,ff9e14d55bd89c537eae826a0d45ad2c300a95a1b84162d89315f96e276a8ac1
Fermi_E,main_and_supplementary,Q_-1,1658,96,-1,train,42,within_Cn_target_quantile_isomer_80_20_seed42,ff9e14d55bd89c537eae826a0d45ad2c300a95a1b84162d89315f96e276a8ac1
Fermi_E,main_and_supplementary,Q_-1,1660,96,-1,train,42,within_Cn_target_quantile_isomer_80_20_seed42,ff9e14d55bd89c537eae826a0d45ad2c300a95a1b84162d89315f96e276a8ac1
Fermi_E,main_and_supplementary,Q_-1,1662,96,-1,train,42,within_Cn_target_quantile_isomer_80_20_seed42,ff9e14d55bd89c537eae826a0d45ad2c300a95a1b84162d89315f96e276a8ac1
Fermi_E,main_and_supplementary,Q_-1,1663,96,-1,train,42,within_Cn_target_quantile_isomer_80_20_seed42,ff9e14d55bd89c537eae826a0d45ad2c300a95a1b84162d89315f96e276a8ac1
Fermi_E,main_and_supplementary,Q_-1,1667,96,-1,train,42,within_Cn_target_quantile_isomer_80_20_seed42,ff9e14d55bd89c537eae826a0d45ad2c300a95a1b84162d89315f96e276a8ac1
Fermi_E,main_and_supplementary,Q_-1,1668,96,-1,train,42,within_Cn_target_quantile_isomer_80_20_seed42,ff9e14d55bd89c537eae826a0d45ad2c300a95a1b84162d89315f96e276a8ac1
Fermi_E,main_and_supplementary,Q_-1,1669,96,-1,train,42,within_Cn_target_quantile_isomer_80_20_seed42,ff9e14d55bd89c537eae826a0d45ad2c300a95a1b84162d89315f96e276a8ac1
Fermi_E,main_and_supplementary,Q_-1,1670,96,-1,train,42,within_Cn_target_quantile_isomer_80_20_seed42,ff9e14d55bd89c537eae826a0d45ad2c300a95a1b84162d89315f96e276a8ac1
Fermi_E,main_and_supplementary,Q_-1,1671,96,-1,train,42,within_Cn_target_quantile_isomer_80_20_seed42,ff9e14d55bd89c537eae826a0d45ad2c300a95a1b84162d89315f96e276a8ac1
Fermi_E,main_and_supplementary,Q_-1,1672,96,-1,train,42,within_Cn_target_quantile_isomer_80_20_seed42,ff9e14d55bd89c537eae826a0d45ad2c300a95a1b84162d89315f96e276a8ac1
Fermi_E,main_and_supplementary,Q_-1,1674,96,-1,train,42,within_Cn_target_quantile_isomer_80_20_seed42,ff9e14d55bd89c537eae826a0d45ad2c300a95a1b84162d89315f96e276a8ac1
Fermi_E,main_and_supplementary,Q_-1,1675,96,-1,train,42,within_Cn_target_quantile_isomer_80_20_seed42,ff9e14d55bd89c537eae826a0d45ad2c300a95a1b84162d89315f96e276a8ac1
Fermi_E,main_and_supplementary,Q_-1,1676,96,-1,train,42,within_Cn_target_quantile_isomer_80_20_seed42,ff9e14d55bd89c537eae826a0d45ad2c300a95a1b84162d89315f96e276a8ac1
Fermi_E,main_and_supplementary,Q_-1,1677,96,-1,train,42,within_Cn_target_quantile_isomer_80_20_seed42,ff9e14d55bd89c537eae826a0d45ad2c300a95a1b84162d89315f96e276a8ac1
Fermi_E,main_and_supplementary,Q_-1,1679,96,-1,train,42,within_Cn_target_quantile_isomer_80_20_seed42,ff9e14d55bd89c537eae826a0d45ad2c300a95a1b84162d89315f96e276a8ac1
Fermi_E,main_and_supplementary,Q_-1,1680,96,-1,train,42,within_Cn_target_quantile_isomer_80_20_seed42,ff9e14d55bd89c537eae826a0d45ad2c300a95a1b84162d89315f96e276a8ac1
Fermi_E,main_and_supplementary,Q_-1,1681,96,-1,train,42,within_Cn_target_quantile_isomer_80_20_seed42,ff9e14d55bd89c537eae826a0d45ad2c300a95a1b84162d89315f96e276a8ac1
Fermi_E,main_and_supplementary,Q_-1,1682,96,-1,train,42,within_Cn_target_quantile_isomer_80_20_seed42,ff9e14d55bd89c537eae826a0d45ad2c300a95a1b84162d89315f96e276a8ac1
Fermi_E,main_and_supplementary,Q_-1,1683,96,-1,train,42,within_Cn_target_quantile_isomer_80_20_seed42,ff9e14d55bd89c537eae826a0d45ad2c300a95a1b84162d89315f96e276a8ac1
Fermi_E,main_and_supplementary,Q_-1,1686,96,-1,train,42,within_Cn_target_quantile_isomer_80_20_seed42,ff9e14d55bd89c537eae826a0d45ad2c300a95a1b84162d89315f96e276a8ac1
Fermi_E,main_and_supplementary,Q_-1,1687,96,-1,train,42,within_Cn_target_quantile_isomer_80_20_seed42,ff9e14d55bd89c537eae826a0d45ad2c300a95a1b84162d89315f96e276a8ac1
Fermi_E,main_and_supplementary,Q_-1,1688,96,-1,train,42,within_Cn_target_quantile_isomer_80_20_seed42,ff9e14d55bd89c537eae826a0d45ad2c300a95a1b84162d89315f96e276a8ac1
Fermi_E,main_and_supplementary,Q_-1,1690,96,-1,train,42,within_Cn_target_quantile_isomer_80_20_seed42,ff9e14d55bd89c537eae826a0d45ad2c300a95a1b84162d89315f96e276a8ac1
Fermi_E,main_and_supplementary,Q_-1,1693,96,-1,train,42,within_Cn_target_quantile_isomer_80_20_seed42,ff9e14d55bd89c537eae826a0d45ad2c300a95a1b84162d89315f96e276a8ac1
Fermi_E,main_and_supplementary,Q_-1,1694,96,-1,train,42,within_Cn_target_quantile_isomer_80_20_seed42,ff9e14d55bd89c537eae826a0d45ad2c300a95a1b84162d89315f96e276a8ac1
Fermi_E,main_and_supplementary,Q_-1,1695,96,-1,train,42,within_Cn_target_quantile_isomer_80_20_seed42,ff9e14d55bd89c537eae826a0d45ad2c300a95a1b84162d89315f96e276a8ac1
Fermi_E,main_and_supplementary,Q_-1,1696,96,-1,train,42,within_Cn_target_quantile_isomer_80_20_seed42,ff9e14d55bd89c537eae826a0d45ad2c300a95a1b84162d89315f96e276a8ac1
Fermi_E,main_and_supplementary,Q_-1,1697,96,-1,train,42,within_Cn_target_quantile_isomer_80_20_seed42,ff9e14d55bd89c537eae826a0d45ad2c300a95a1b84162d89315f96e276a8ac1
Fermi_E,main_and_supplementary,Q_-1,1698,96,-1,train,42,within_Cn_target_quantile_isomer_80_20_seed42,ff9e14d55bd89c537eae826a0d45ad2c300a95a1b84162d89315f96e276a8ac1
Fermi_E,main_and_supplementary,Q_-1,1699,96,-1,train,42,within_Cn_target_quantile_isomer_80_20_seed42,ff9e14d55bd89c537eae826a0d45ad2c300a95a1b84162d89315f96e276a8ac1
Fermi_E,main_and_supplementary,Q_-1,1701,96,-1,train,42,within_Cn_target_quantile_isomer_80_20_seed42,ff9e14d55bd89c537eae826a0d45ad2c300a95a1b84162d89315f96e276a8ac1
Fermi_E,main_and_supplementary,Q_-1,1702,96,-1,train,42,within_Cn_target_quantile_isomer_80_20_seed42,ff9e14d55bd89c537eae826a0d45ad2c300a95a1b84162d89315f96e276a8ac1
Fermi_E,main_and_supplementary,Q_-1,1703,96,-1,train,42,within_Cn_target_quantile_isomer_80_20_seed42,ff9e14d55bd89c537eae826a0d45ad2c300a95a1b84162d89315f96e276a8ac1
Fermi_E,main_and_supplementary,Q_-1,1704,96,-1,train,42,within_Cn_target_quantile_isomer_80_20_seed42,ff9e14d55bd89c537eae826a0d45ad2c300a95a1b84162d89315f96e276a8ac1
Fermi_E,main_and_supplementary,Q_-1,1705,96,-1,train,42,within_Cn_target_quantile_isomer_80_20_seed42,ff9e14d55bd89c537eae826a0d45ad2c300a95a1b84162d89315f96e276a8ac1
Fermi_E,main_and_supplementary,Q_-1,1706,96,-1,train,42,within_Cn_target_quantile_isomer_80_20_seed42,ff9e14d55bd89c537eae826a0d45ad2c300a95a1b84162d89315f96e276a8ac1
Fermi_E,main_and_supplementary,Q_-1,1708,96,-1,train,42,within_Cn_target_quantile_isomer_80_20_seed42,ff9e14d55bd89c537eae826a0d45ad2c300a95a1b84162d89315f96e276a8ac1
Fermi_E,main_and_supplementary,Q_-1,1709,96,-1,train,42,within_Cn_target_quantile_isomer_80_20_seed42,ff9e14d55bd89c537eae826a0d45ad2c300a95a1b84162d89315f96e276a8ac1
Fermi_E,main_and_supplementary,Q_-1,1710,96,-1,train,42,within_Cn_target_quantile_isomer_80_20_seed42,ff9e14d55bd89c537eae826a0d45ad2c300a95a1b84162d89315f96e276a8ac1
Fermi_E,main_and_supplementary,Q_-1,1711,96,-1,train,42,within_Cn_target_quantile_isomer_80_20_seed42,ff9e14d55bd89c537eae826a0d45ad2c300a95a1b84162d89315f96e276a8ac1
Fermi_E,main_and_supplementary,Q_-1,1713,96,-1,train,42,within_Cn_target_quantile_isomer_80_20_seed42,ff9e14d55bd89c537eae826a0d45ad2c300a95a1b84162d89315f96e276a8ac1
Fermi_E,main_and_supplementary,Q_-1,1714,96,-1,train,42,within_Cn_target_quantile_isomer_80_20_seed42,ff9e14d55bd89c537eae826a0d45ad2c300a95a1b84162d89315f96e276a8ac1
Fermi_E,main_and_supplementary,Q_-1,1715,96,-1,train,42,within_Cn_target_quantile_isomer_80_20_seed42,ff9e14d55bd89c537eae826a0d45ad2c300a95a1b84162d89315f96e276a8ac1
Fermi_E,main_and_supplementary,Q_-1,1716,96,-1,train,42,within_Cn_target_quantile_isomer_80_20_seed42,ff9e14d55bd89c537eae826a0d45ad2c300a95a1b84162d89315f96e276a8ac1
Fermi_E,main_and_supplementary,Q_-1,1717,96,-1,train,42,within_Cn_target_quantile_isomer_80_20_seed42,ff9e14d55bd89c537eae826a0d45ad2c300a95a1b84162d89315f96e276a8ac1
Fermi_E,main_and_supplementary,Q_-1,1718,96,-1,train,42,within_Cn_target_quantile_isomer_80_20_seed42,ff9e14d55bd89c537eae826a0d45ad2c300a95a1b84162d89315f96e276a8ac1
Fermi_E,main_and_supplementary,Q_-1,1719,96,-1,train,42,within_Cn_target_quantile_isomer_80_20_seed42,ff9e14d55bd89c537eae826a0d45ad2c300a95a1b84162d89315f96e276a8ac1
Fermi_E,main_and_supplementary,Q_-1,1720,96,-1,train,42,within_Cn_target_quantile_isomer_80_20_seed42,ff9e14d55bd89c537eae826a0d45ad2c300a95a1b84162d89315f96e276a8ac1
Fermi_E,main_and_supplementary,Q_-1,1721,96,-1,train,42,within_Cn_target_quantile_isomer_80_20_seed42,ff9e14d55bd89c537eae826a0d45ad2c300a95a1b84162d89315f96e276a8ac1
Fermi_E,main_and_supplementary,Q_-1,1722,96,-1,train,42,within_Cn_target_quantile_isomer_80_20_seed42,ff9e14d55bd89c537eae826a0d45ad2c300a95a1b84162d89315f96e276a8ac1
Fermi_E,main_and_supplementary,Q_-1,1723,96,-1,train,42,within_Cn_target_quantile_isomer_80_20_seed42,ff9e14d55bd89c537eae826a0d45ad2c300a95a1b84162d89315f96e276a8ac1
Fermi_E,main_and_supplementary,Q_-1,1725,96,-1,train,42,within_Cn_target_quantile_isomer_80_20_seed42,ff9e14d55bd89c537eae826a0d45ad2c300a95a1b84162d89315f96e276a8ac1
Fermi_E,main_and_supplementary,Q_-1,1726,96,-1,train,42,within_Cn_target_quantile_isomer_80_20_seed42,ff9e14d55bd89c537eae826a0d45ad2c300a95a1b84162d89315f96e276a8ac1
Fermi_E,main_and_supplementary,Q_-1,1727,96,-1,train,42,within_Cn_target_quantile_isomer_80_20_seed42,ff9e14d55bd89c537eae826a0d45ad2c300a95a1b84162d89315f96e276a8ac1
Fermi_E,main_and_supplementary,Q_-1,1728,96,-1,train,42,within_Cn_target_quantile_isomer_80_20_seed42,ff9e14d55bd89c537eae826a0d45ad2c300a95a1b84162d89315f96e276a8ac1
Fermi_E,main_and_supplementary,Q_-1,1729,96,-1,train,42,within_Cn_target_quantile_isomer_80_20_seed42,ff9e14d55bd89c537eae826a0d45ad2c300a95a1b84162d89315f96e276a8ac1
Fermi_E,main_and_supplementary,Q_-1,1730,96,-1,train,42,within_Cn_target_quantile_isomer_80_20_seed42,ff9e14d55bd89c537eae826a0d45ad2c300a95a1b84162d89315f96e276a8ac1
Fermi_E,main_and_supplementary,Q_-1,1731,96,-1,train,42,within_Cn_target_quantile_isomer_80_20_seed42,ff9e14d55bd89c537eae826a0d45ad2c300a95a1b84162d89315f96e276a8ac1
Fermi_E,main_and_supplementary,Q_-1,1732,96,-1,train,42,within_Cn_target_quantile_isomer_80_20_seed42,ff9e14d55bd89c537eae826a0d45ad2c300a95a1b84162d89315f96e276a8ac1
Fermi_E,main_and_supplementary,Q_-1,1733,96,-1,train,42,within_Cn_target_quantile_isomer_80_20_seed42,ff9e14d55bd89c537eae826a0d45ad2c300a95a1b84162d89315f96e276a8ac1
Fermi_E,main_and_supplementary,Q_-1,1734,96,-1,train,42,within_Cn_target_quantile_isomer_80_20_seed42,ff9e14d55bd89c537eae826a0d45ad2c300a95a1b84162d89315f96e276a8ac1
Fermi_E,main_and_supplementary,Q_-1,1737,96,-1,train,42,within_Cn_target_quantile_isomer_80_20_seed42,ff9e14d55bd89c537eae826a0d45ad2c300a95a1b84162d89315f96e276a8ac1
Fermi_E,main_and_supplementary,Q_-1,1738,96,-1,train,42,within_Cn_target_quantile_isomer_80_20_seed42,ff9e14d55bd89c537eae826a0d45ad2c300a95a1b84162d89315f96e276a8ac1
Fermi_E,main_and_supplementary,Q_-1,1739,96,-1,train,42,within_Cn_target_quantile_isomer_80_20_seed42,ff9e14d55bd89c537eae826a0d45ad2c300a95a1b84162d89315f96e276a8ac1
Fermi_E,main_and_supplementary,Q_-1,1740,96,-1,train,42,within_Cn_target_quantile_isomer_80_20_seed42,ff9e14d55bd89c537eae826a0d45ad2c300a95a1b84162d89315f96e276a8ac1
Fermi_E,main_and_supplementary,Q_-1,1741,96,-1,train,42,within_Cn_target_quantile_isomer_80_20_seed42,ff9e14d55bd89c537eae826a0d45ad2c300a95a1b84162d89315f96e276a8ac1
Fermi_E,main_and_supplementary,Q_-1,1744,96,-1,train,42,within_Cn_target_quantile_isomer_80_20_seed42,ff9e14d55bd89c537eae826a0d45ad2c300a95a1b84162d89315f96e276a8ac1
Fermi_E,main_and_supplementary,Q_-1,1745,96,-1,train,42,within_Cn_target_quantile_isomer_80_20_seed42,ff9e14d55bd89c537eae826a0d45ad2c300a95a1b84162d89315f96e276a8ac1
Fermi_E,main_and_supplementary,Q_-1,1746,96,-1,train,42,within_Cn_target_quantile_isomer_80_20_seed42,ff9e14d55bd89c537eae826a0d45ad2c300a95a1b84162d89315f96e276a8ac1
Fermi_E,main_and_supplementary,Q_-1,1747,96,-1,train,42,within_Cn_target_quantile_isomer_80_20_seed42,ff9e14d55bd89c537eae826a0d45ad2c300a95a1b84162d89315f96e276a8ac1
Fermi_E,main_and_supplementary,Q_-1,1748,96,-1,train,42,within_Cn_target_quantile_isomer_80_20_seed42,ff9e14d55bd89c537eae826a0d45ad2c300a95a1b84162d89315f96e276a8ac1
Fermi_E,main_and_supplementary,Q_-1,1751,96,-1,train,42,within_Cn_target_quantile_isomer_80_20_seed42,ff9e14d55bd89c537eae826a0d45ad2c300a95a1b84162d89315f96e276a8ac1
Fermi_E,main_and_supplementary,Q_-1,1753,96,-1,train,42,within_Cn_target_quantile_isomer_80_20_seed42,ff9e14d55bd89c537eae826a0d45ad2c300a95a1b84162d89315f96e276a8ac1
Fermi_E,main_and_supplementary,Q_-1,1754,96,-1,train,42,within_Cn_target_quantile_isomer_80_20_seed42,ff9e14d55bd89c537eae826a0d45ad2c300a95a1b84162d89315f96e276a8ac1
Fermi_E,main_and_supplementary,Q_-1,1755,96,-1,train,42,within_Cn_target_quantile_isomer_80_20_seed42,ff9e14d55bd89c537eae826a0d45ad2c300a95a1b84162d89315f96e276a8ac1
Fermi_E,main_and_supplementary,Q_-1,1757,96,-1,train,42,within_Cn_target_quantile_isomer_80_20_seed42,ff9e14d55bd89c537eae826a0d45ad2c300a95a1b84162d89315f96e276a8ac1
Fermi_E,main_and_supplementary,Q_-1,1758,96,-1,train,42,within_Cn_target_quantile_isomer_80_20_seed42,ff9e14d55bd89c537eae826a0d45ad2c300a95a1b84162d89315f96e276a8ac1
Fermi_E,main_and_supplementary,Q_-1,1759,96,-1,train,42,within_Cn_target_quantile_isomer_80_20_seed42,ff9e14d55bd89c537eae826a0d45ad2c300a95a1b84162d89315f96e276a8ac1
Fermi_E,main_and_supplementary,Q_-1,1760,96,-1,train,42,within_Cn_target_quantile_isomer_80_20_seed42,ff9e14d55bd89c537eae826a0d45ad2c300a95a1b84162d89315f96e276a8ac1
Fermi_E,main_and_supplementary,Q_-1,1761,96,-1,train,42,within_Cn_target_quantile_isomer_80_20_seed42,ff9e14d55bd89c537eae826a0d45ad2c300a95a1b84162d89315f96e276a8ac1
Fermi_E,main_and_supplementary,Q_-1,1762,96,-1,train,42,within_Cn_target_quantile_isomer_80_20_seed42,ff9e14d55bd89c537eae826a0d45ad2c300a95a1b84162d89315f96e276a8ac1
Fermi_E,main_and_supplementary,Q_-1,1763,96,-1,train,42,within_Cn_target_quantile_isomer_80_20_seed42,ff9e14d55bd89c537eae826a0d45ad2c300a95a1b84162d89315f96e276a8ac1
Fermi_E,main_and_supplementary,Q_-1,1765,96,-1,train,42,within_Cn_target_quantile_isomer_80_20_seed42,ff9e14d55bd89c537eae826a0d45ad2c300a95a1b84162d89315f96e276a8ac1
Fermi_E,main_and_supplementary,Q_-1,1766,96,-1,train,42,within_Cn_target_quantile_isomer_80_20_seed42,ff9e14d55bd89c537eae826a0d45ad2c300a95a1b84162d89315f96e276a8ac1
Fermi_E,main_and_supplementary,Q_-1,1767,96,-1,train,42,within_Cn_target_quantile_isomer_80_20_seed42,ff9e14d55bd89c537eae826a0d45ad2c300a95a1b84162d89315f96e276a8ac1
Fermi_E,main_and_supplementary,Q_-1,1770,96,-1,train,42,within_Cn_target_quantile_isomer_80_20_seed42,ff9e14d55bd89c537eae826a0d45ad2c300a95a1b84162d89315f96e276a8ac1
Fermi_E,main_and_supplementary,Q_-1,1771,96,-1,train,42,within_Cn_target_quantile_isomer_80_20_seed42,ff9e14d55bd89c537eae826a0d45ad2c300a95a1b84162d89315f96e276a8ac1
Fermi_E,main_and_supplementary,Q_-1,1772,98,-1,train,42,within_Cn_target_quantile_isomer_80_20_seed42,ff9e14d55bd89c537eae826a0d45ad2c300a95a1b84162d89315f96e276a8ac1
Fermi_E,main_and_supplementary,Q_-1,1773,98,-1,train,42,within_Cn_target_quantile_isomer_80_20_seed42,ff9e14d55bd89c537eae826a0d45ad2c300a95a1b84162d89315f96e276a8ac1
Fermi_E,main_and_supplementary,Q_-1,1774,98,-1,train,42,within_Cn_target_quantile_isomer_80_20_seed42,ff9e14d55bd89c537eae826a0d45ad2c300a95a1b84162d89315f96e276a8ac1
Fermi_E,main_and_supplementary,Q_-1,1776,98,-1,train,42,within_Cn_target_quantile_isomer_80_20_seed42,ff9e14d55bd89c537eae826a0d45ad2c300a95a1b84162d89315f96e276a8ac1
Fermi_E,main_and_supplementary,Q_-1,1780,98,-1,train,42,within_Cn_target_quantile_isomer_80_20_seed42,ff9e14d55bd89c537eae826a0d45ad2c300a95a1b84162d89315f96e276a8ac1
Fermi_E,main_and_supplementary,Q_-1,1781,98,-1,train,42,within_Cn_target_quantile_isomer_80_20_seed42,ff9e14d55bd89c537eae826a0d45ad2c300a95a1b84162d89315f96e276a8ac1
Fermi_E,main_and_supplementary,Q_-1,1782,98,-1,train,42,within_Cn_target_quantile_isomer_80_20_seed42,ff9e14d55bd89c537eae826a0d45ad2c300a95a1b84162d89315f96e276a8ac1
Fermi_E,main_and_supplementary,Q_-1,1785,98,-1,train,42,within_Cn_target_quantile_isomer_80_20_seed42,ff9e14d55bd89c537eae826a0d45ad2c300a95a1b84162d89315f96e276a8ac1
Fermi_E,main_and_supplementary,Q_-1,1787,98,-1,train,42,within_Cn_target_quantile_isomer_80_20_seed42,ff9e14d55bd89c537eae826a0d45ad2c300a95a1b84162d89315f96e276a8ac1
Fermi_E,main_and_supplementary,Q_-1,1788,98,-1,train,42,within_Cn_target_quantile_isomer_80_20_seed42,ff9e14d55bd89c537eae826a0d45ad2c300a95a1b84162d89315f96e276a8ac1
Fermi_E,main_and_supplementary,Q_-1,1789,98,-1,train,42,within_Cn_target_quantile_isomer_80_20_seed42,ff9e14d55bd89c537eae826a0d45ad2c300a95a1b84162d89315f96e276a8ac1
Fermi_E,main_and_supplementary,Q_-1,1790,98,-1,train,42,within_Cn_target_quantile_isomer_80_20_seed42,ff9e14d55bd89c537eae826a0d45ad2c300a95a1b84162d89315f96e276a8ac1
Fermi_E,main_and_supplementary,Q_-1,1791,98,-1,train,42,within_Cn_target_quantile_isomer_80_20_seed42,ff9e14d55bd89c537eae826a0d45ad2c300a95a1b84162d89315f96e276a8ac1
Fermi_E,main_and_supplementary,Q_-1,1792,98,-1,train,42,within_Cn_target_quantile_isomer_80_20_seed42,ff9e14d55bd89c537eae826a0d45ad2c300a95a1b84162d89315f96e276a8ac1
Fermi_E,main_and_supplementary,Q_-1,1793,98,-1,train,42,within_Cn_target_quantile_isomer_80_20_seed42,ff9e14d55bd89c537eae826a0d45ad2c300a95a1b84162d89315f96e276a8ac1
Fermi_E,main_and_supplementary,Q_-1,1794,98,-1,train,42,within_Cn_target_quantile_isomer_80_20_seed42,ff9e14d55bd89c537eae826a0d45ad2c300a95a1b84162d89315f96e276a8ac1
Fermi_E,main_and_supplementary,Q_-1,1795,98,-1,train,42,within_Cn_target_quantile_isomer_80_20_seed42,ff9e14d55bd89c537eae826a0d45ad2c300a95a1b84162d89315f96e276a8ac1
Fermi_E,main_and_supplementary,Q_-1,1796,98,-1,train,42,within_Cn_target_quantile_isomer_80_20_seed42,ff9e14d55bd89c537eae826a0d45ad2c300a95a1b84162d89315f96e276a8ac1
Fermi_E,main_and_supplementary,Q_-1,1797,98,-1,train,42,within_Cn_target_quantile_isomer_80_20_seed42,ff9e14d55bd89c537eae826a0d45ad2c300a95a1b84162d89315f96e276a8ac1
Fermi_E,main_and_supplementary,Q_-1,1798,98,-1,train,42,within_Cn_target_quantile_isomer_80_20_seed42,ff9e14d55bd89c537eae826a0d45ad2c300a95a1b84162d89315f96e276a8ac1
Fermi_E,main_and_supplementary,Q_-1,1799,98,-1,train,42,within_Cn_target_quantile_isomer_80_20_seed42,ff9e14d55bd89c537eae826a0d45ad2c300a95a1b84162d89315f96e276a8ac1
Fermi_E,main_and_supplementary,Q_-1,1800,98,-1,train,42,within_Cn_target_quantile_isomer_80_20_seed42,ff9e14d55bd89c537eae826a0d45ad2c300a95a1b84162d89315f96e276a8ac1
Fermi_E,main_and_supplementary,Q_-1,1801,98,-1,train,42,within_Cn_target_quantile_isomer_80_20_seed42,ff9e14d55bd89c537eae826a0d45ad2c300a95a1b84162d89315f96e276a8ac1
Fermi_E,main_and_supplementary,Q_-1,1802,98,-1,train,42,within_Cn_target_quantile_isomer_80_20_seed42,ff9e14d55bd89c537eae826a0d45ad2c300a95a1b84162d89315f96e276a8ac1
Fermi_E,main_and_supplementary,Q_-1,1803,98,-1,train,42,within_Cn_target_quantile_isomer_80_20_seed42,ff9e14d55bd89c537eae826a0d45ad2c300a95a1b84162d89315f96e276a8ac1
Fermi_E,main_and_supplementary,Q_-1,1804,98,-1,train,42,within_Cn_target_quantile_isomer_80_20_seed42,ff9e14d55bd89c537eae826a0d45ad2c300a95a1b84162d89315f96e276a8ac1
Fermi_E,main_and_supplementary,Q_-1,1805,98,-1,train,42,within_Cn_target_quantile_isomer_80_20_seed42,ff9e14d55bd89c537eae826a0d45ad2c300a95a1b84162d89315f96e276a8ac1
Fermi_E,main_and_supplementary,Q_-1,1806,98,-1,train,42,within_Cn_target_quantile_isomer_80_20_seed42,ff9e14d55bd89c537eae826a0d45ad2c300a95a1b84162d89315f96e276a8ac1
Fermi_E,main_and_supplementary,Q_-1,1808,98,-1,train,42,within_Cn_target_quantile_isomer_80_20_seed42,ff9e14d55bd89c537eae826a0d45ad2c300a95a1b84162d89315f96e276a8ac1
Fermi_E,main_and_supplementary,Q_-1,1810,98,-1,train,42,within_Cn_target_quantile_isomer_80_20_seed42,ff9e14d55bd89c537eae826a0d45ad2c300a95a1b84162d89315f96e276a8ac1
Fermi_E,main_and_supplementary,Q_-1,1811,98,-1,train,42,within_Cn_target_quantile_isomer_80_20_seed42,ff9e14d55bd89c537eae826a0d45ad2c300a95a1b84162d89315f96e276a8ac1
Fermi_E,main_and_supplementary,Q_-1,1812,98,-1,train,42,within_Cn_target_quantile_isomer_80_20_seed42,ff9e14d55bd89c537eae826a0d45ad2c300a95a1b84162d89315f96e276a8ac1
Fermi_E,main_and_supplementary,Q_-1,1813,98,-1,train,42,within_Cn_target_quantile_isomer_80_20_seed42,ff9e14d55bd89c537eae826a0d45ad2c300a95a1b84162d89315f96e276a8ac1
Fermi_E,main_and_supplementary,Q_-1,1815,98,-1,train,42,within_Cn_target_quantile_isomer_80_20_seed42,ff9e14d55bd89c537eae826a0d45ad2c300a95a1b84162d89315f96e276a8ac1
Fermi_E,main_and_supplementary,Q_-1,1816,98,-1,train,42,within_Cn_target_quantile_isomer_80_20_seed42,ff9e14d55bd89c537eae826a0d45ad2c300a95a1b84162d89315f96e276a8ac1
Fermi_E,main_and_supplementary,Q_-1,1818,98,-1,train,42,within_Cn_target_quantile_isomer_80_20_seed42,ff9e14d55bd89c537eae826a0d45ad2c300a95a1b84162d89315f96e276a8ac1
Fermi_E,main_and_supplementary,Q_-1,1819,98,-1,train,42,within_Cn_target_quantile_isomer_80_20_seed42,ff9e14d55bd89c537eae826a0d45ad2c300a95a1b84162d89315f96e276a8ac1
Fermi_E,main_and_supplementary,Q_-1,1820,98,-1,train,42,within_Cn_target_quantile_isomer_80_20_seed42,ff9e14d55bd89c537eae826a0d45ad2c300a95a1b84162d89315f96e276a8ac1
Fermi_E,main_and_supplementary,Q_-1,1821,98,-1,train,42,within_Cn_target_quantile_isomer_80_20_seed42,ff9e14d55bd89c537eae826a0d45ad2c300a95a1b84162d89315f96e276a8ac1
Fermi_E,main_and_supplementary,Q_-1,1822,98,-1,train,42,within_Cn_target_quantile_isomer_80_20_seed42,ff9e14d55bd89c537eae826a0d45ad2c300a95a1b84162d89315f96e276a8ac1
Fermi_E,main_and_supplementary,Q_-1,1823,98,-1,train,42,within_Cn_target_quantile_isomer_80_20_seed42,ff9e14d55bd89c537eae826a0d45ad2c300a95a1b84162d89315f96e276a8ac1
Fermi_E,main_and_supplementary,Q_-1,1825,98,-1,train,42,within_Cn_target_quantile_isomer_80_20_seed42,ff9e14d55bd89c537eae826a0d45ad2c300a95a1b84162d89315f96e276a8ac1
Fermi_E,main_and_supplementary,Q_-1,1826,98,-1,train,42,within_Cn_target_quantile_isomer_80_20_seed42,ff9e14d55bd89c537eae826a0d45ad2c300a95a1b84162d89315f96e276a8ac1
Fermi_E,main_and_supplementary,Q_-1,1827,98,-1,train,42,within_Cn_target_quantile_isomer_80_20_seed42,ff9e14d55bd89c537eae826a0d45ad2c300a95a1b84162d89315f96e276a8ac1
Fermi_E,main_and_supplementary,Q_-1,1828,98,-1,train,42,within_Cn_target_quantile_isomer_80_20_seed42,ff9e14d55bd89c537eae826a0d45ad2c300a95a1b84162d89315f96e276a8ac1
Fermi_E,main_and_supplementary,Q_-1,1829,98,-1,train,42,within_Cn_target_quantile_isomer_80_20_seed42,ff9e14d55bd89c537eae826a0d45ad2c300a95a1b84162d89315f96e276a8ac1
Fermi_E,main_and_supplementary,Q_-1,1830,98,-1,train,42,within_Cn_target_quantile_isomer_80_20_seed42,ff9e14d55bd89c537eae826a0d45ad2c300a95a1b84162d89315f96e276a8ac1
Fermi_E,main_and_supplementary,Q_-1,1832,98,-1,train,42,within_Cn_target_quantile_isomer_80_20_seed42,ff9e14d55bd89c537eae826a0d45ad2c300a95a1b84162d89315f96e276a8ac1
Fermi_E,main_and_supplementary,Q_-1,1833,98,-1,train,42,within_Cn_target_quantile_isomer_80_20_seed42,ff9e14d55bd89c537eae826a0d45ad2c300a95a1b84162d89315f96e276a8ac1
Fermi_E,main_and_supplementary,Q_-1,1834,98,-1,train,42,within_Cn_target_quantile_isomer_80_20_seed42,ff9e14d55bd89c537eae826a0d45ad2c300a95a1b84162d89315f96e276a8ac1
Fermi_E,main_and_supplementary,Q_-1,1835,98,-1,train,42,within_Cn_target_quantile_isomer_80_20_seed42,ff9e14d55bd89c537eae826a0d45ad2c300a95a1b84162d89315f96e276a8ac1
Fermi_E,main_and_supplementary,Q_-1,1836,98,-1,train,42,within_Cn_target_quantile_isomer_80_20_seed42,ff9e14d55bd89c537eae826a0d45ad2c300a95a1b84162d89315f96e276a8ac1
Fermi_E,main_and_supplementary,Q_-1,1837,98,-1,train,42,within_Cn_target_quantile_isomer_80_20_seed42,ff9e14d55bd89c537eae826a0d45ad2c300a95a1b84162d89315f96e276a8ac1
Fermi_E,main_and_supplementary,Q_-1,1839,98,-1,train,42,within_Cn_target_quantile_isomer_80_20_seed42,ff9e14d55bd89c537eae826a0d45ad2c300a95a1b84162d89315f96e276a8ac1
Fermi_E,main_and_supplementary,Q_-1,1845,98,-1,train,42,within_Cn_target_quantile_isomer_80_20_seed42,ff9e14d55bd89c537eae826a0d45ad2c300a95a1b84162d89315f96e276a8ac1
Fermi_E,main_and_supplementary,Q_-1,1847,98,-1,train,42,within_Cn_target_quantile_isomer_80_20_seed42,ff9e14d55bd89c537eae826a0d45ad2c300a95a1b84162d89315f96e276a8ac1
Fermi_E,main_and_supplementary,Q_-1,1848,98,-1,train,42,within_Cn_target_quantile_isomer_80_20_seed42,ff9e14d55bd89c537eae826a0d45ad2c300a95a1b84162d89315f96e276a8ac1
Fermi_E,main_and_supplementary,Q_-1,1849,98,-1,train,42,within_Cn_target_quantile_isomer_80_20_seed42,ff9e14d55bd89c537eae826a0d45ad2c300a95a1b84162d89315f96e276a8ac1
Fermi_E,main_and_supplementary,Q_-1,1850,98,-1,train,42,within_Cn_target_quantile_isomer_80_20_seed42,ff9e14d55bd89c537eae826a0d45ad2c300a95a1b84162d89315f96e276a8ac1
Fermi_E,main_and_supplementary,Q_-1,1851,98,-1,train,42,within_Cn_target_quantile_isomer_80_20_seed42,ff9e14d55bd89c537eae826a0d45ad2c300a95a1b84162d89315f96e276a8ac1
Fermi_E,main_and_supplementary,Q_-1,1852,98,-1,train,42,within_Cn_target_quantile_isomer_80_20_seed42,ff9e14d55bd89c537eae826a0d45ad2c300a95a1b84162d89315f96e276a8ac1
Fermi_E,main_and_supplementary,Q_-1,1853,98,-1,train,42,within_Cn_target_quantile_isomer_80_20_seed42,ff9e14d55bd89c537eae826a0d45ad2c300a95a1b84162d89315f96e276a8ac1
Fermi_E,main_and_supplementary,Q_-1,1854,98,-1,train,42,within_Cn_target_quantile_isomer_80_20_seed42,ff9e14d55bd89c537eae826a0d45ad2c300a95a1b84162d89315f96e276a8ac1
Fermi_E,main_and_supplementary,Q_-1,1855,98,-1,train,42,within_Cn_target_quantile_isomer_80_20_seed42,ff9e14d55bd89c537eae826a0d45ad2c300a95a1b84162d89315f96e276a8ac1
Fermi_E,main_and_supplementary,Q_-1,1856,98,-1,train,42,within_Cn_target_quantile_isomer_80_20_seed42,ff9e14d55bd89c537eae826a0d45ad2c300a95a1b84162d89315f96e276a8ac1
Fermi_E,main_and_supplementary,Q_-1,1858,98,-1,train,42,within_Cn_target_quantile_isomer_80_20_seed42,ff9e14d55bd89c537eae826a0d45ad2c300a95a1b84162d89315f96e276a8ac1
Fermi_E,main_and_supplementary,Q_-1,1859,98,-1,train,42,within_Cn_target_quantile_isomer_80_20_seed42,ff9e14d55bd89c537eae826a0d45ad2c300a95a1b84162d89315f96e276a8ac1
Fermi_E,main_and_supplementary,Q_-1,1860,98,-1,train,42,within_Cn_target_quantile_isomer_80_20_seed42,ff9e14d55bd89c537eae826a0d45ad2c300a95a1b84162d89315f96e276a8ac1
Fermi_E,main_and_supplementary,Q_-1,1861,98,-1,train,42,within_Cn_target_quantile_isomer_80_20_seed42,ff9e14d55bd89c537eae826a0d45ad2c300a95a1b84162d89315f96e276a8ac1
Fermi_E,main_and_supplementary,Q_-1,1862,98,-1,train,42,within_Cn_target_quantile_isomer_80_20_seed42,ff9e14d55bd89c537eae826a0d45ad2c300a95a1b84162d89315f96e276a8ac1
Fermi_E,main_and_supplementary,Q_-1,1864,98,-1,train,42,within_Cn_target_quantile_isomer_80_20_seed42,ff9e14d55bd89c537eae826a0d45ad2c300a95a1b84162d89315f96e276a8ac1
Fermi_E,main_and_supplementary,Q_-1,1866,98,-1,train,42,within_Cn_target_quantile_isomer_80_20_seed42,ff9e14d55bd89c537eae826a0d45ad2c300a95a1b84162d89315f96e276a8ac1
Fermi_E,main_and_supplementary,Q_-1,1867,98,-1,train,42,within_Cn_target_quantile_isomer_80_20_seed42,ff9e14d55bd89c537eae826a0d45ad2c300a95a1b84162d89315f96e276a8ac1
Fermi_E,main_and_supplementary,Q_-1,1868,98,-1,train,42,within_Cn_target_quantile_isomer_80_20_seed42,ff9e14d55bd89c537eae826a0d45ad2c300a95a1b84162d89315f96e276a8ac1
Fermi_E,main_and_supplementary,Q_-1,1869,98,-1,train,42,within_Cn_target_quantile_isomer_80_20_seed42,ff9e14d55bd89c537eae826a0d45ad2c300a95a1b84162d89315f96e276a8ac1
Fermi_E,main_and_supplementary,Q_-1,1870,98,-1,train,42,within_Cn_target_quantile_isomer_80_20_seed42,ff9e14d55bd89c537eae826a0d45ad2c300a95a1b84162d89315f96e276a8ac1
Fermi_E,main_and_supplementary,Q_-1,1871,98,-1,train,42,within_Cn_target_quantile_isomer_80_20_seed42,ff9e14d55bd89c537eae826a0d45ad2c300a95a1b84162d89315f96e276a8ac1
Fermi_E,main_and_supplementary,Q_-1,1872,98,-1,train,42,within_Cn_target_quantile_isomer_80_20_seed42,ff9e14d55bd89c537eae826a0d45ad2c300a95a1b84162d89315f96e276a8ac1
Fermi_E,main_and_supplementary,Q_-1,1873,98,-1,train,42,within_Cn_target_quantile_isomer_80_20_seed42,ff9e14d55bd89c537eae826a0d45ad2c300a95a1b84162d89315f96e276a8ac1
Fermi_E,main_and_supplementary,Q_-1,1875,98,-1,train,42,within_Cn_target_quantile_isomer_80_20_seed42,ff9e14d55bd89c537eae826a0d45ad2c300a95a1b84162d89315f96e276a8ac1
Fermi_E,main_and_supplementary,Q_-1,1876,98,-1,train,42,within_Cn_target_quantile_isomer_80_20_seed42,ff9e14d55bd89c537eae826a0d45ad2c300a95a1b84162d89315f96e276a8ac1
Fermi_E,main_and_supplementary,Q_-1,1877,98,-1,train,42,within_Cn_target_quantile_isomer_80_20_seed42,ff9e14d55bd89c537eae826a0d45ad2c300a95a1b84162d89315f96e276a8ac1
Fermi_E,main_and_supplementary,Q_-1,1878,98,-1,train,42,within_Cn_target_quantile_isomer_80_20_seed42,ff9e14d55bd89c537eae826a0d45ad2c300a95a1b84162d89315f96e276a8ac1
Fermi_E,main_and_supplementary,Q_-1,1879,98,-1,train,42,within_Cn_target_quantile_isomer_80_20_seed42,ff9e14d55bd89c537eae826a0d45ad2c300a95a1b84162d89315f96e276a8ac1
Fermi_E,main_and_supplementary,Q_-1,1880,98,-1,train,42,within_Cn_target_quantile_isomer_80_20_seed42,ff9e14d55bd89c537eae826a0d45ad2c300a95a1b84162d89315f96e276a8ac1
Fermi_E,main_and_supplementary,Q_-1,1881,98,-1,train,42,within_Cn_target_quantile_isomer_80_20_seed42,ff9e14d55bd89c537eae826a0d45ad2c300a95a1b84162d89315f96e276a8ac1
Fermi_E,main_and_supplementary,Q_-1,1883,98,-1,train,42,within_Cn_target_quantile_isomer_80_20_seed42,ff9e14d55bd89c537eae826a0d45ad2c300a95a1b84162d89315f96e276a8ac1
Fermi_E,main_and_supplementary,Q_-1,1884,98,-1,train,42,within_Cn_target_quantile_isomer_80_20_seed42,ff9e14d55bd89c537eae826a0d45ad2c300a95a1b84162d89315f96e276a8ac1
Fermi_E,main_and_supplementary,Q_-1,1885,98,-1,train,42,within_Cn_target_quantile_isomer_80_20_seed42,ff9e14d55bd89c537eae826a0d45ad2c300a95a1b84162d89315f96e276a8ac1
Fermi_E,main_and_supplementary,Q_-1,1887,98,-1,train,42,within_Cn_target_quantile_isomer_80_20_seed42,ff9e14d55bd89c537eae826a0d45ad2c300a95a1b84162d89315f96e276a8ac1
Fermi_E,main_and_supplementary,Q_-1,1888,98,-1,train,42,within_Cn_target_quantile_isomer_80_20_seed42,ff9e14d55bd89c537eae826a0d45ad2c300a95a1b84162d89315f96e276a8ac1
Fermi_E,main_and_supplementary,Q_-1,1889,98,-1,train,42,within_Cn_target_quantile_isomer_80_20_seed42,ff9e14d55bd89c537eae826a0d45ad2c300a95a1b84162d89315f96e276a8ac1
Fermi_E,main_and_supplementary,Q_-1,1891,98,-1,train,42,within_Cn_target_quantile_isomer_80_20_seed42,ff9e14d55bd89c537eae826a0d45ad2c300a95a1b84162d89315f96e276a8ac1
Fermi_E,main_and_supplementary,Q_-1,1892,98,-1,train,42,within_Cn_target_quantile_isomer_80_20_seed42,ff9e14d55bd89c537eae826a0d45ad2c300a95a1b84162d89315f96e276a8ac1
Fermi_E,main_and_supplementary,Q_-1,1894,98,-1,train,42,within_Cn_target_quantile_isomer_80_20_seed42,ff9e14d55bd89c537eae826a0d45ad2c300a95a1b84162d89315f96e276a8ac1
Fermi_E,main_and_supplementary,Q_-1,1895,98,-1,train,42,within_Cn_target_quantile_isomer_80_20_seed42,ff9e14d55bd89c537eae826a0d45ad2c300a95a1b84162d89315f96e276a8ac1
Fermi_E,main_and_supplementary,Q_-1,1896,98,-1,train,42,within_Cn_target_quantile_isomer_80_20_seed42,ff9e14d55bd89c537eae826a0d45ad2c300a95a1b84162d89315f96e276a8ac1
Fermi_E,main_and_supplementary,Q_-1,1897,98,-1,train,42,within_Cn_target_quantile_isomer_80_20_seed42,ff9e14d55bd89c537eae826a0d45ad2c300a95a1b84162d89315f96e276a8ac1
Fermi_E,main_and_supplementary,Q_-1,1898,98,-1,train,42,within_Cn_target_quantile_isomer_80_20_seed42,ff9e14d55bd89c537eae826a0d45ad2c300a95a1b84162d89315f96e276a8ac1
Fermi_E,main_and_supplementary,Q_-1,1899,98,-1,train,42,within_Cn_target_quantile_isomer_80_20_seed42,ff9e14d55bd89c537eae826a0d45ad2c300a95a1b84162d89315f96e276a8ac1
Fermi_E,main_and_supplementary,Q_-1,1900,98,-1,train,42,within_Cn_target_quantile_isomer_80_20_seed42,ff9e14d55bd89c537eae826a0d45ad2c300a95a1b84162d89315f96e276a8ac1
Fermi_E,main_and_supplementary,Q_-1,1901,98,-1,train,42,within_Cn_target_quantile_isomer_80_20_seed42,ff9e14d55bd89c537eae826a0d45ad2c300a95a1b84162d89315f96e276a8ac1
Fermi_E,main_and_supplementary,Q_-1,1903,98,-1,train,42,within_Cn_target_quantile_isomer_80_20_seed42,ff9e14d55bd89c537eae826a0d45ad2c300a95a1b84162d89315f96e276a8ac1
Fermi_E,main_and_supplementary,Q_-1,1904,98,-1,train,42,within_Cn_target_quantile_isomer_80_20_seed42,ff9e14d55bd89c537eae826a0d45ad2c300a95a1b84162d89315f96e276a8ac1
Fermi_E,main_and_supplementary,Q_-1,1905,98,-1,train,42,within_Cn_target_quantile_isomer_80_20_seed42,ff9e14d55bd89c537eae826a0d45ad2c300a95a1b84162d89315f96e276a8ac1
Fermi_E,main_and_supplementary,Q_-1,1906,98,-1,train,42,within_Cn_target_quantile_isomer_80_20_seed42,ff9e14d55bd89c537eae826a0d45ad2c300a95a1b84162d89315f96e276a8ac1
Fermi_E,main_and_supplementary,Q_-1,1907,98,-1,train,42,within_Cn_target_quantile_isomer_80_20_seed42,ff9e14d55bd89c537eae826a0d45ad2c300a95a1b84162d89315f96e276a8ac1
Fermi_E,main_and_supplementary,Q_-1,1908,98,-1,train,42,within_Cn_target_quantile_isomer_80_20_seed42,ff9e14d55bd89c537eae826a0d45ad2c300a95a1b84162d89315f96e276a8ac1
Fermi_E,main_and_supplementary,Q_-1,1909,98,-1,train,42,within_Cn_target_quantile_isomer_80_20_seed42,ff9e14d55bd89c537eae826a0d45ad2c300a95a1b84162d89315f96e276a8ac1
Fermi_E,main_and_supplementary,Q_-1,1910,98,-1,train,42,within_Cn_target_quantile_isomer_80_20_seed42,ff9e14d55bd89c537eae826a0d45ad2c300a95a1b84162d89315f96e276a8ac1
Fermi_E,main_and_supplementary,Q_-1,1911,98,-1,train,42,within_Cn_target_quantile_isomer_80_20_seed42,ff9e14d55bd89c537eae826a0d45ad2c300a95a1b84162d89315f96e276a8ac1
Fermi_E,main_and_supplementary,Q_-1,1912,98,-1,train,42,within_Cn_target_quantile_isomer_80_20_seed42,ff9e14d55bd89c537eae826a0d45ad2c300a95a1b84162d89315f96e276a8ac1
Fermi_E,main_and_supplementary,Q_-1,1913,98,-1,train,42,within_Cn_target_quantile_isomer_80_20_seed42,ff9e14d55bd89c537eae826a0d45ad2c300a95a1b84162d89315f96e276a8ac1
Fermi_E,main_and_supplementary,Q_-1,1914,98,-1,train,42,within_Cn_target_quantile_isomer_80_20_seed42,ff9e14d55bd89c537eae826a0d45ad2c300a95a1b84162d89315f96e276a8ac1
Fermi_E,main_and_supplementary,Q_-1,1915,98,-1,train,42,within_Cn_target_quantile_isomer_80_20_seed42,ff9e14d55bd89c537eae826a0d45ad2c300a95a1b84162d89315f96e276a8ac1
Fermi_E,main_and_supplementary,Q_-1,1916,98,-1,train,42,within_Cn_target_quantile_isomer_80_20_seed42,ff9e14d55bd89c537eae826a0d45ad2c300a95a1b84162d89315f96e276a8ac1
Fermi_E,main_and_supplementary,Q_-1,1917,98,-1,train,42,within_Cn_target_quantile_isomer_80_20_seed42,ff9e14d55bd89c537eae826a0d45ad2c300a95a1b84162d89315f96e276a8ac1
Fermi_E,main_and_supplementary,Q_-1,1918,98,-1,train,42,within_Cn_target_quantile_isomer_80_20_seed42,ff9e14d55bd89c537eae826a0d45ad2c300a95a1b84162d89315f96e276a8ac1
Fermi_E,main_and_supplementary,Q_-1,1919,98,-1,train,42,within_Cn_target_quantile_isomer_80_20_seed42,ff9e14d55bd89c537eae826a0d45ad2c300a95a1b84162d89315f96e276a8ac1
Fermi_E,main_and_supplementary,Q_-1,1920,98,-1,train,42,within_Cn_target_quantile_isomer_80_20_seed42,ff9e14d55bd89c537eae826a0d45ad2c300a95a1b84162d89315f96e276a8ac1
Fermi_E,main_and_supplementary,Q_-1,1921,98,-1,train,42,within_Cn_target_quantile_isomer_80_20_seed42,ff9e14d55bd89c537eae826a0d45ad2c300a95a1b84162d89315f96e276a8ac1
Fermi_E,main_and_supplementary,Q_-1,1922,98,-1,train,42,within_Cn_target_quantile_isomer_80_20_seed42,ff9e14d55bd89c537eae826a0d45ad2c300a95a1b84162d89315f96e276a8ac1
Fermi_E,main_and_supplementary,Q_-1,1923,98,-1,train,42,within_Cn_target_quantile_isomer_80_20_seed42,ff9e14d55bd89c537eae826a0d45ad2c300a95a1b84162d89315f96e276a8ac1
Fermi_E,main_and_supplementary,Q_-1,1924,98,-1,train,42,within_Cn_target_quantile_isomer_80_20_seed42,ff9e14d55bd89c537eae826a0d45ad2c300a95a1b84162d89315f96e276a8ac1
Fermi_E,main_and_supplementary,Q_-1,1925,98,-1,train,42,within_Cn_target_quantile_isomer_80_20_seed42,ff9e14d55bd89c537eae826a0d45ad2c300a95a1b84162d89315f96e276a8ac1
Fermi_E,main_and_supplementary,Q_-1,1927,98,-1,train,42,within_Cn_target_quantile_isomer_80_20_seed42,ff9e14d55bd89c537eae826a0d45ad2c300a95a1b84162d89315f96e276a8ac1
Fermi_E,main_and_supplementary,Q_-1,1928,98,-1,train,42,within_Cn_target_quantile_isomer_80_20_seed42,ff9e14d55bd89c537eae826a0d45ad2c300a95a1b84162d89315f96e276a8ac1
Fermi_E,main_and_supplementary,Q_-1,1929,98,-1,train,42,within_Cn_target_quantile_isomer_80_20_seed42,ff9e14d55bd89c537eae826a0d45ad2c300a95a1b84162d89315f96e276a8ac1
Fermi_E,main_and_supplementary,Q_-1,1932,98,-1,train,42,within_Cn_target_quantile_isomer_80_20_seed42,ff9e14d55bd89c537eae826a0d45ad2c300a95a1b84162d89315f96e276a8ac1
Fermi_E,main_and_supplementary,Q_-1,1933,98,-1,train,42,within_Cn_target_quantile_isomer_80_20_seed42,ff9e14d55bd89c537eae826a0d45ad2c300a95a1b84162d89315f96e276a8ac1
Fermi_E,main_and_supplementary,Q_-1,1935,98,-1,train,42,within_Cn_target_quantile_isomer_80_20_seed42,ff9e14d55bd89c537eae826a0d45ad2c300a95a1b84162d89315f96e276a8ac1
Fermi_E,main_and_supplementary,Q_-1,1936,98,-1,train,42,within_Cn_target_quantile_isomer_80_20_seed42,ff9e14d55bd89c537eae826a0d45ad2c300a95a1b84162d89315f96e276a8ac1
Fermi_E,main_and_supplementary,Q_-1,1937,98,-1,train,42,within_Cn_target_quantile_isomer_80_20_seed42,ff9e14d55bd89c537eae826a0d45ad2c300a95a1b84162d89315f96e276a8ac1
Fermi_E,main_and_supplementary,Q_-1,1938,98,-1,train,42,within_Cn_target_quantile_isomer_80_20_seed42,ff9e14d55bd89c537eae826a0d45ad2c300a95a1b84162d89315f96e276a8ac1
Fermi_E,main_and_supplementary,Q_-1,1939,98,-1,train,42,within_Cn_target_quantile_isomer_80_20_seed42,ff9e14d55bd89c537eae826a0d45ad2c300a95a1b84162d89315f96e276a8ac1
Fermi_E,main_and_supplementary,Q_-1,1940,98,-1,train,42,within_Cn_target_quantile_isomer_80_20_seed42,ff9e14d55bd89c537eae826a0d45ad2c300a95a1b84162d89315f96e276a8ac1
Fermi_E,main_and_supplementary,Q_-1,1941,98,-1,train,42,within_Cn_target_quantile_isomer_80_20_seed42,ff9e14d55bd89c537eae826a0d45ad2c300a95a1b84162d89315f96e276a8ac1
Fermi_E,main_and_supplementary,Q_-1,1942,98,-1,train,42,within_Cn_target_quantile_isomer_80_20_seed42,ff9e14d55bd89c537eae826a0d45ad2c300a95a1b84162d89315f96e276a8ac1
Fermi_E,main_and_supplementary,Q_-1,1943,98,-1,train,42,within_Cn_target_quantile_isomer_80_20_seed42,ff9e14d55bd89c537eae826a0d45ad2c300a95a1b84162d89315f96e276a8ac1
Fermi_E,main_and_supplementary,Q_-1,1944,98,-1,train,42,within_Cn_target_quantile_isomer_80_20_seed42,ff9e14d55bd89c537eae826a0d45ad2c300a95a1b84162d89315f96e276a8ac1
Fermi_E,main_and_supplementary,Q_-1,1945,98,-1,train,42,within_Cn_target_quantile_isomer_80_20_seed42,ff9e14d55bd89c537eae826a0d45ad2c300a95a1b84162d89315f96e276a8ac1
Fermi_E,main_and_supplementary,Q_-1,1946,98,-1,train,42,within_Cn_target_quantile_isomer_80_20_seed42,ff9e14d55bd89c537eae826a0d45ad2c300a95a1b84162d89315f96e276a8ac1
Fermi_E,main_and_supplementary,Q_-1,1947,98,-1,train,42,within_Cn_target_quantile_isomer_80_20_seed42,ff9e14d55bd89c537eae826a0d45ad2c300a95a1b84162d89315f96e276a8ac1
Fermi_E,main_and_supplementary,Q_-1,1948,98,-1,train,42,within_Cn_target_quantile_isomer_80_20_seed42,ff9e14d55bd89c537eae826a0d45ad2c300a95a1b84162d89315f96e276a8ac1
Fermi_E,main_and_supplementary,Q_-1,1949,98,-1,train,42,within_Cn_target_quantile_isomer_80_20_seed42,ff9e14d55bd89c537eae826a0d45ad2c300a95a1b84162d89315f96e276a8ac1
Fermi_E,main_and_supplementary,Q_-1,1950,98,-1,train,42,within_Cn_target_quantile_isomer_80_20_seed42,ff9e14d55bd89c537eae826a0d45ad2c300a95a1b84162d89315f96e276a8ac1
Fermi_E,main_and_supplementary,Q_-1,1952,98,-1,train,42,within_Cn_target_quantile_isomer_80_20_seed42,ff9e14d55bd89c537eae826a0d45ad2c300a95a1b84162d89315f96e276a8ac1
Fermi_E,main_and_supplementary,Q_-1,1954,98,-1,train,42,within_Cn_target_quantile_isomer_80_20_seed42,ff9e14d55bd89c537eae826a0d45ad2c300a95a1b84162d89315f96e276a8ac1
Fermi_E,main_and_supplementary,Q_-1,1955,98,-1,train,42,within_Cn_target_quantile_isomer_80_20_seed42,ff9e14d55bd89c537eae826a0d45ad2c300a95a1b84162d89315f96e276a8ac1
Fermi_E,main_and_supplementary,Q_-1,1956,98,-1,train,42,within_Cn_target_quantile_isomer_80_20_seed42,ff9e14d55bd89c537eae826a0d45ad2c300a95a1b84162d89315f96e276a8ac1
Fermi_E,main_and_supplementary,Q_-1,1957,98,-1,train,42,within_Cn_target_quantile_isomer_80_20_seed42,ff9e14d55bd89c537eae826a0d45ad2c300a95a1b84162d89315f96e276a8ac1
Fermi_E,main_and_supplementary,Q_-1,1958,98,-1,train,42,within_Cn_target_quantile_isomer_80_20_seed42,ff9e14d55bd89c537eae826a0d45ad2c300a95a1b84162d89315f96e276a8ac1
Fermi_E,main_and_supplementary,Q_-1,1959,98,-1,train,42,within_Cn_target_quantile_isomer_80_20_seed42,ff9e14d55bd89c537eae826a0d45ad2c300a95a1b84162d89315f96e276a8ac1
Fermi_E,main_and_supplementary,Q_-1,1960,98,-1,train,42,within_Cn_target_quantile_isomer_80_20_seed42,ff9e14d55bd89c537eae826a0d45ad2c300a95a1b84162d89315f96e276a8ac1
Fermi_E,main_and_supplementary,Q_-1,1961,98,-1,train,42,within_Cn_target_quantile_isomer_80_20_seed42,ff9e14d55bd89c537eae826a0d45ad2c300a95a1b84162d89315f96e276a8ac1
Fermi_E,main_and_supplementary,Q_-1,1962,98,-1,train,42,within_Cn_target_quantile_isomer_80_20_seed42,ff9e14d55bd89c537eae826a0d45ad2c300a95a1b84162d89315f96e276a8ac1
Fermi_E,main_and_supplementary,Q_-1,1963,98,-1,train,42,within_Cn_target_quantile_isomer_80_20_seed42,ff9e14d55bd89c537eae826a0d45ad2c300a95a1b84162d89315f96e276a8ac1
Fermi_E,main_and_supplementary,Q_-1,1964,98,-1,train,42,within_Cn_target_quantile_isomer_80_20_seed42,ff9e14d55bd89c537eae826a0d45ad2c300a95a1b84162d89315f96e276a8ac1
Fermi_E,main_and_supplementary,Q_-1,1965,98,-1,train,42,within_Cn_target_quantile_isomer_80_20_seed42,ff9e14d55bd89c537eae826a0d45ad2c300a95a1b84162d89315f96e276a8ac1
Fermi_E,main_and_supplementary,Q_-1,1966,98,-1,train,42,within_Cn_target_quantile_isomer_80_20_seed42,ff9e14d55bd89c537eae826a0d45ad2c300a95a1b84162d89315f96e276a8ac1
Fermi_E,main_and_supplementary,Q_-1,1967,98,-1,train,42,within_Cn_target_quantile_isomer_80_20_seed42,ff9e14d55bd89c537eae826a0d45ad2c300a95a1b84162d89315f96e276a8ac1
Fermi_E,main_and_supplementary,Q_-1,1968,98,-1,train,42,within_Cn_target_quantile_isomer_80_20_seed42,ff9e14d55bd89c537eae826a0d45ad2c300a95a1b84162d89315f96e276a8ac1
Fermi_E,main_and_supplementary,Q_-1,1969,98,-1,train,42,within_Cn_target_quantile_isomer_80_20_seed42,ff9e14d55bd89c537eae826a0d45ad2c300a95a1b84162d89315f96e276a8ac1
Fermi_E,main_and_supplementary,Q_-1,1970,98,-1,train,42,within_Cn_target_quantile_isomer_80_20_seed42,ff9e14d55bd89c537eae826a0d45ad2c300a95a1b84162d89315f96e276a8ac1
Fermi_E,main_and_supplementary,Q_-1,1971,98,-1,train,42,within_Cn_target_quantile_isomer_80_20_seed42,ff9e14d55bd89c537eae826a0d45ad2c300a95a1b84162d89315f96e276a8ac1
Fermi_E,main_and_supplementary,Q_-1,1972,98,-1,train,42,within_Cn_target_quantile_isomer_80_20_seed42,ff9e14d55bd89c537eae826a0d45ad2c300a95a1b84162d89315f96e276a8ac1
Fermi_E,main_and_supplementary,Q_-1,1974,98,-1,train,42,within_Cn_target_quantile_isomer_80_20_seed42,ff9e14d55bd89c537eae826a0d45ad2c300a95a1b84162d89315f96e276a8ac1
Fermi_E,main_and_supplementary,Q_-1,1975,98,-1,train,42,within_Cn_target_quantile_isomer_80_20_seed42,ff9e14d55bd89c537eae826a0d45ad2c300a95a1b84162d89315f96e276a8ac1
Fermi_E,main_and_supplementary,Q_-1,1976,98,-1,train,42,within_Cn_target_quantile_isomer_80_20_seed42,ff9e14d55bd89c537eae826a0d45ad2c300a95a1b84162d89315f96e276a8ac1
Fermi_E,main_and_supplementary,Q_-1,1978,98,-1,train,42,within_Cn_target_quantile_isomer_80_20_seed42,ff9e14d55bd89c537eae826a0d45ad2c300a95a1b84162d89315f96e276a8ac1
Fermi_E,main_and_supplementary,Q_-1,1980,98,-1,train,42,within_Cn_target_quantile_isomer_80_20_seed42,ff9e14d55bd89c537eae826a0d45ad2c300a95a1b84162d89315f96e276a8ac1
Fermi_E,main_and_supplementary,Q_-1,1982,98,-1,train,42,within_Cn_target_quantile_isomer_80_20_seed42,ff9e14d55bd89c537eae826a0d45ad2c300a95a1b84162d89315f96e276a8ac1
Fermi_E,main_and_supplementary,Q_-1,1983,98,-1,train,42,within_Cn_target_quantile_isomer_80_20_seed42,ff9e14d55bd89c537eae826a0d45ad2c300a95a1b84162d89315f96e276a8ac1
Fermi_E,main_and_supplementary,Q_-1,1984,98,-1,train,42,within_Cn_target_quantile_isomer_80_20_seed42,ff9e14d55bd89c537eae826a0d45ad2c300a95a1b84162d89315f96e276a8ac1
Fermi_E,main_and_supplementary,Q_-1,1986,98,-1,train,42,within_Cn_target_quantile_isomer_80_20_seed42,ff9e14d55bd89c537eae826a0d45ad2c300a95a1b84162d89315f96e276a8ac1
Fermi_E,main_and_supplementary,Q_-1,1987,98,-1,train,42,within_Cn_target_quantile_isomer_80_20_seed42,ff9e14d55bd89c537eae826a0d45ad2c300a95a1b84162d89315f96e276a8ac1
Fermi_E,main_and_supplementary,Q_-1,1988,98,-1,train,42,within_Cn_target_quantile_isomer_80_20_seed42,ff9e14d55bd89c537eae826a0d45ad2c300a95a1b84162d89315f96e276a8ac1
Fermi_E,main_and_supplementary,Q_-1,1990,98,-1,train,42,within_Cn_target_quantile_isomer_80_20_seed42,ff9e14d55bd89c537eae826a0d45ad2c300a95a1b84162d89315f96e276a8ac1
Fermi_E,main_and_supplementary,Q_-1,1991,98,-1,train,42,within_Cn_target_quantile_isomer_80_20_seed42,ff9e14d55bd89c537eae826a0d45ad2c300a95a1b84162d89315f96e276a8ac1
Fermi_E,main_and_supplementary,Q_-1,1993,98,-1,train,42,within_Cn_target_quantile_isomer_80_20_seed42,ff9e14d55bd89c537eae826a0d45ad2c300a95a1b84162d89315f96e276a8ac1
Fermi_E,main_and_supplementary,Q_-1,1994,98,-1,train,42,within_Cn_target_quantile_isomer_80_20_seed42,ff9e14d55bd89c537eae826a0d45ad2c300a95a1b84162d89315f96e276a8ac1
Fermi_E,main_and_supplementary,Q_-1,1995,98,-1,train,42,within_Cn_target_quantile_isomer_80_20_seed42,ff9e14d55bd89c537eae826a0d45ad2c300a95a1b84162d89315f96e276a8ac1
Fermi_E,main_and_supplementary,Q_-1,1996,98,-1,train,42,within_Cn_target_quantile_isomer_80_20_seed42,ff9e14d55bd89c537eae826a0d45ad2c300a95a1b84162d89315f96e276a8ac1
Fermi_E,main_and_supplementary,Q_-1,1997,98,-1,train,42,within_Cn_target_quantile_isomer_80_20_seed42,ff9e14d55bd89c537eae826a0d45ad2c300a95a1b84162d89315f96e276a8ac1
Fermi_E,main_and_supplementary,Q_-1,1999,98,-1,train,42,within_Cn_target_quantile_isomer_80_20_seed42,ff9e14d55bd89c537eae826a0d45ad2c300a95a1b84162d89315f96e276a8ac1
Fermi_E,main_and_supplementary,Q_-1,2000,98,-1,train,42,within_Cn_target_quantile_isomer_80_20_seed42,ff9e14d55bd89c537eae826a0d45ad2c300a95a1b84162d89315f96e276a8ac1
Fermi_E,main_and_supplementary,Q_-1,2001,98,-1,train,42,within_Cn_target_quantile_isomer_80_20_seed42,ff9e14d55bd89c537eae826a0d45ad2c300a95a1b84162d89315f96e276a8ac1
Fermi_E,main_and_supplementary,Q_-1,2002,98,-1,train,42,within_Cn_target_quantile_isomer_80_20_seed42,ff9e14d55bd89c537eae826a0d45ad2c300a95a1b84162d89315f96e276a8ac1
Fermi_E,main_and_supplementary,Q_-1,2003,98,-1,train,42,within_Cn_target_quantile_isomer_80_20_seed42,ff9e14d55bd89c537eae826a0d45ad2c300a95a1b84162d89315f96e276a8ac1
Fermi_E,main_and_supplementary,Q_-1,2004,98,-1,train,42,within_Cn_target_quantile_isomer_80_20_seed42,ff9e14d55bd89c537eae826a0d45ad2c300a95a1b84162d89315f96e276a8ac1
Fermi_E,main_and_supplementary,Q_-1,2005,98,-1,train,42,within_Cn_target_quantile_isomer_80_20_seed42,ff9e14d55bd89c537eae826a0d45ad2c300a95a1b84162d89315f96e276a8ac1
Fermi_E,main_and_supplementary,Q_-1,2006,98,-1,train,42,within_Cn_target_quantile_isomer_80_20_seed42,ff9e14d55bd89c537eae826a0d45ad2c300a95a1b84162d89315f96e276a8ac1
Fermi_E,main_and_supplementary,Q_-1,2007,98,-1,train,42,within_Cn_target_quantile_isomer_80_20_seed42,ff9e14d55bd89c537eae826a0d45ad2c300a95a1b84162d89315f96e276a8ac1
Fermi_E,main_and_supplementary,Q_-1,2008,98,-1,train,42,within_Cn_target_quantile_isomer_80_20_seed42,ff9e14d55bd89c537eae826a0d45ad2c300a95a1b84162d89315f96e276a8ac1
Fermi_E,main_and_supplementary,Q_-1,2009,98,-1,train,42,within_Cn_target_quantile_isomer_80_20_seed42,ff9e14d55bd89c537eae826a0d45ad2c300a95a1b84162d89315f96e276a8ac1
Fermi_E,main_and_supplementary,Q_-1,2010,98,-1,train,42,within_Cn_target_quantile_isomer_80_20_seed42,ff9e14d55bd89c537eae826a0d45ad2c300a95a1b84162d89315f96e276a8ac1
Fermi_E,main_and_supplementary,Q_-1,2012,98,-1,train,42,within_Cn_target_quantile_isomer_80_20_seed42,ff9e14d55bd89c537eae826a0d45ad2c300a95a1b84162d89315f96e276a8ac1
Fermi_E,main_and_supplementary,Q_-1,2014,98,-1,train,42,within_Cn_target_quantile_isomer_80_20_seed42,ff9e14d55bd89c537eae826a0d45ad2c300a95a1b84162d89315f96e276a8ac1
Fermi_E,main_and_supplementary,Q_-1,2015,98,-1,train,42,within_Cn_target_quantile_isomer_80_20_seed42,ff9e14d55bd89c537eae826a0d45ad2c300a95a1b84162d89315f96e276a8ac1
Fermi_E,main_and_supplementary,Q_-1,2016,98,-1,train,42,within_Cn_target_quantile_isomer_80_20_seed42,ff9e14d55bd89c537eae826a0d45ad2c300a95a1b84162d89315f96e276a8ac1
Fermi_E,main_and_supplementary,Q_-1,2017,98,-1,train,42,within_Cn_target_quantile_isomer_80_20_seed42,ff9e14d55bd89c537eae826a0d45ad2c300a95a1b84162d89315f96e276a8ac1
Fermi_E,main_and_supplementary,Q_-1,2018,98,-1,train,42,within_Cn_target_quantile_isomer_80_20_seed42,ff9e14d55bd89c537eae826a0d45ad2c300a95a1b84162d89315f96e276a8ac1
Fermi_E,main_and_supplementary,Q_-1,2021,98,-1,train,42,within_Cn_target_quantile_isomer_80_20_seed42,ff9e14d55bd89c537eae826a0d45ad2c300a95a1b84162d89315f96e276a8ac1
Fermi_E,main_and_supplementary,Q_-1,2023,98,-1,train,42,within_Cn_target_quantile_isomer_80_20_seed42,ff9e14d55bd89c537eae826a0d45ad2c300a95a1b84162d89315f96e276a8ac1
Fermi_E,main_and_supplementary,Q_-1,2024,98,-1,train,42,within_Cn_target_quantile_isomer_80_20_seed42,ff9e14d55bd89c537eae826a0d45ad2c300a95a1b84162d89315f96e276a8ac1
Fermi_E,main_and_supplementary,Q_-1,2026,98,-1,train,42,within_Cn_target_quantile_isomer_80_20_seed42,ff9e14d55bd89c537eae826a0d45ad2c300a95a1b84162d89315f96e276a8ac1
Fermi_E,main_and_supplementary,Q_-1,2027,98,-1,train,42,within_Cn_target_quantile_isomer_80_20_seed42,ff9e14d55bd89c537eae826a0d45ad2c300a95a1b84162d89315f96e276a8ac1
Fermi_E,main_and_supplementary,Q_-1,2029,98,-1,train,42,within_Cn_target_quantile_isomer_80_20_seed42,ff9e14d55bd89c537eae826a0d45ad2c300a95a1b84162d89315f96e276a8ac1
Fermi_E,main_and_supplementary,Q_-1,2030,98,-1,train,42,within_Cn_target_quantile_isomer_80_20_seed42,ff9e14d55bd89c537eae826a0d45ad2c300a95a1b84162d89315f96e276a8ac1
Fermi_E,main_and_supplementary,Q_-1,2031,100,-1,train,42,within_Cn_target_quantile_isomer_80_20_seed42,ff9e14d55bd89c537eae826a0d45ad2c300a95a1b84162d89315f96e276a8ac1
Fermi_E,main_and_supplementary,Q_-1,2032,100,-1,train,42,within_Cn_target_quantile_isomer_80_20_seed42,ff9e14d55bd89c537eae826a0d45ad2c300a95a1b84162d89315f96e276a8ac1
Fermi_E,main_and_supplementary,Q_-1,2033,100,-1,train,42,within_Cn_target_quantile_isomer_80_20_seed42,ff9e14d55bd89c537eae826a0d45ad2c300a95a1b84162d89315f96e276a8ac1
Fermi_E,main_and_supplementary,Q_-1,2036,100,-1,train,42,within_Cn_target_quantile_isomer_80_20_seed42,ff9e14d55bd89c537eae826a0d45ad2c300a95a1b84162d89315f96e276a8ac1
Fermi_E,main_and_supplementary,Q_-1,2037,100,-1,train,42,within_Cn_target_quantile_isomer_80_20_seed42,ff9e14d55bd89c537eae826a0d45ad2c300a95a1b84162d89315f96e276a8ac1
Fermi_E,main_and_supplementary,Q_-1,2039,100,-1,train,42,within_Cn_target_quantile_isomer_80_20_seed42,ff9e14d55bd89c537eae826a0d45ad2c300a95a1b84162d89315f96e276a8ac1
Fermi_E,main_and_supplementary,Q_-1,2040,100,-1,train,42,within_Cn_target_quantile_isomer_80_20_seed42,ff9e14d55bd89c537eae826a0d45ad2c300a95a1b84162d89315f96e276a8ac1
Fermi_E,main_and_supplementary,Q_-1,2042,100,-1,train,42,within_Cn_target_quantile_isomer_80_20_seed42,ff9e14d55bd89c537eae826a0d45ad2c300a95a1b84162d89315f96e276a8ac1
Fermi_E,main_and_supplementary,Q_-1,2043,100,-1,train,42,within_Cn_target_quantile_isomer_80_20_seed42,ff9e14d55bd89c537eae826a0d45ad2c300a95a1b84162d89315f96e276a8ac1
Fermi_E,main_and_supplementary,Q_-1,2045,100,-1,train,42,within_Cn_target_quantile_isomer_80_20_seed42,ff9e14d55bd89c537eae826a0d45ad2c300a95a1b84162d89315f96e276a8ac1
Fermi_E,main_and_supplementary,Q_-1,2047,100,-1,train,42,within_Cn_target_quantile_isomer_80_20_seed42,ff9e14d55bd89c537eae826a0d45ad2c300a95a1b84162d89315f96e276a8ac1
Fermi_E,main_and_supplementary,Q_-1,2048,100,-1,train,42,within_Cn_target_quantile_isomer_80_20_seed42,ff9e14d55bd89c537eae826a0d45ad2c300a95a1b84162d89315f96e276a8ac1
Fermi_E,main_and_supplementary,Q_-1,2050,100,-1,train,42,within_Cn_target_quantile_isomer_80_20_seed42,ff9e14d55bd89c537eae826a0d45ad2c300a95a1b84162d89315f96e276a8ac1
Fermi_E,main_and_supplementary,Q_-1,2051,100,-1,train,42,within_Cn_target_quantile_isomer_80_20_seed42,ff9e14d55bd89c537eae826a0d45ad2c300a95a1b84162d89315f96e276a8ac1
Fermi_E,main_and_supplementary,Q_-1,2052,100,-1,train,42,within_Cn_target_quantile_isomer_80_20_seed42,ff9e14d55bd89c537eae826a0d45ad2c300a95a1b84162d89315f96e276a8ac1
Fermi_E,main_and_supplementary,Q_-1,2053,100,-1,train,42,within_Cn_target_quantile_isomer_80_20_seed42,ff9e14d55bd89c537eae826a0d45ad2c300a95a1b84162d89315f96e276a8ac1
Fermi_E,main_and_supplementary,Q_-1,2055,100,-1,train,42,within_Cn_target_quantile_isomer_80_20_seed42,ff9e14d55bd89c537eae826a0d45ad2c300a95a1b84162d89315f96e276a8ac1
Fermi_E,main_and_supplementary,Q_-1,2056,100,-1,train,42,within_Cn_target_quantile_isomer_80_20_seed42,ff9e14d55bd89c537eae826a0d45ad2c300a95a1b84162d89315f96e276a8ac1
Fermi_E,main_and_supplementary,Q_-1,2058,100,-1,train,42,within_Cn_target_quantile_isomer_80_20_seed42,ff9e14d55bd89c537eae826a0d45ad2c300a95a1b84162d89315f96e276a8ac1
Fermi_E,main_and_supplementary,Q_-1,2059,100,-1,train,42,within_Cn_target_quantile_isomer_80_20_seed42,ff9e14d55bd89c537eae826a0d45ad2c300a95a1b84162d89315f96e276a8ac1
Fermi_E,main_and_supplementary,Q_-1,2060,100,-1,train,42,within_Cn_target_quantile_isomer_80_20_seed42,ff9e14d55bd89c537eae826a0d45ad2c300a95a1b84162d89315f96e276a8ac1
Fermi_E,main_and_supplementary,Q_-1,2061,100,-1,train,42,within_Cn_target_quantile_isomer_80_20_seed42,ff9e14d55bd89c537eae826a0d45ad2c300a95a1b84162d89315f96e276a8ac1
Fermi_E,main_and_supplementary,Q_-1,2062,100,-1,train,42,within_Cn_target_quantile_isomer_80_20_seed42,ff9e14d55bd89c537eae826a0d45ad2c300a95a1b84162d89315f96e276a8ac1
Fermi_E,main_and_supplementary,Q_-1,2063,100,-1,train,42,within_Cn_target_quantile_isomer_80_20_seed42,ff9e14d55bd89c537eae826a0d45ad2c300a95a1b84162d89315f96e276a8ac1
Fermi_E,main_and_supplementary,Q_-1,2065,100,-1,train,42,within_Cn_target_quantile_isomer_80_20_seed42,ff9e14d55bd89c537eae826a0d45ad2c300a95a1b84162d89315f96e276a8ac1
Fermi_E,main_and_supplementary,Q_-1,2066,100,-1,train,42,within_Cn_target_quantile_isomer_80_20_seed42,ff9e14d55bd89c537eae826a0d45ad2c300a95a1b84162d89315f96e276a8ac1
Fermi_E,main_and_supplementary,Q_-1,2067,100,-1,train,42,within_Cn_target_quantile_isomer_80_20_seed42,ff9e14d55bd89c537eae826a0d45ad2c300a95a1b84162d89315f96e276a8ac1
Fermi_E,main_and_supplementary,Q_-1,2068,100,-1,train,42,within_Cn_target_quantile_isomer_80_20_seed42,ff9e14d55bd89c537eae826a0d45ad2c300a95a1b84162d89315f96e276a8ac1
Fermi_E,main_and_supplementary,Q_-1,2069,100,-1,train,42,within_Cn_target_quantile_isomer_80_20_seed42,ff9e14d55bd89c537eae826a0d45ad2c300a95a1b84162d89315f96e276a8ac1
Fermi_E,main_and_supplementary,Q_-1,2070,100,-1,train,42,within_Cn_target_quantile_isomer_80_20_seed42,ff9e14d55bd89c537eae826a0d45ad2c300a95a1b84162d89315f96e276a8ac1
Fermi_E,main_and_supplementary,Q_-1,2071,100,-1,train,42,within_Cn_target_quantile_isomer_80_20_seed42,ff9e14d55bd89c537eae826a0d45ad2c300a95a1b84162d89315f96e276a8ac1
Fermi_E,main_and_supplementary,Q_-1,2074,100,-1,train,42,within_Cn_target_quantile_isomer_80_20_seed42,ff9e14d55bd89c537eae826a0d45ad2c300a95a1b84162d89315f96e276a8ac1
Fermi_E,main_and_supplementary,Q_-1,2075,100,-1,train,42,within_Cn_target_quantile_isomer_80_20_seed42,ff9e14d55bd89c537eae826a0d45ad2c300a95a1b84162d89315f96e276a8ac1
Fermi_E,main_and_supplementary,Q_-1,2076,100,-1,train,42,within_Cn_target_quantile_isomer_80_20_seed42,ff9e14d55bd89c537eae826a0d45ad2c300a95a1b84162d89315f96e276a8ac1
Fermi_E,main_and_supplementary,Q_-1,2077,100,-1,train,42,within_Cn_target_quantile_isomer_80_20_seed42,ff9e14d55bd89c537eae826a0d45ad2c300a95a1b84162d89315f96e276a8ac1
Fermi_E,main_and_supplementary,Q_-1,2079,100,-1,train,42,within_Cn_target_quantile_isomer_80_20_seed42,ff9e14d55bd89c537eae826a0d45ad2c300a95a1b84162d89315f96e276a8ac1
Fermi_E,main_and_supplementary,Q_-1,2080,100,-1,train,42,within_Cn_target_quantile_isomer_80_20_seed42,ff9e14d55bd89c537eae826a0d45ad2c300a95a1b84162d89315f96e276a8ac1
Fermi_E,main_and_supplementary,Q_-1,2081,100,-1,train,42,within_Cn_target_quantile_isomer_80_20_seed42,ff9e14d55bd89c537eae826a0d45ad2c300a95a1b84162d89315f96e276a8ac1
Fermi_E,main_and_supplementary,Q_-1,2084,100,-1,train,42,within_Cn_target_quantile_isomer_80_20_seed42,ff9e14d55bd89c537eae826a0d45ad2c300a95a1b84162d89315f96e276a8ac1
Fermi_E,main_and_supplementary,Q_-1,2085,100,-1,train,42,within_Cn_target_quantile_isomer_80_20_seed42,ff9e14d55bd89c537eae826a0d45ad2c300a95a1b84162d89315f96e276a8ac1
Fermi_E,main_and_supplementary,Q_-1,2086,100,-1,train,42,within_Cn_target_quantile_isomer_80_20_seed42,ff9e14d55bd89c537eae826a0d45ad2c300a95a1b84162d89315f96e276a8ac1
Fermi_E,main_and_supplementary,Q_-1,2087,100,-1,train,42,within_Cn_target_quantile_isomer_80_20_seed42,ff9e14d55bd89c537eae826a0d45ad2c300a95a1b84162d89315f96e276a8ac1
Fermi_E,main_and_supplementary,Q_-1,2088,100,-1,train,42,within_Cn_target_quantile_isomer_80_20_seed42,ff9e14d55bd89c537eae826a0d45ad2c300a95a1b84162d89315f96e276a8ac1
Fermi_E,main_and_supplementary,Q_-1,2089,100,-1,train,42,within_Cn_target_quantile_isomer_80_20_seed42,ff9e14d55bd89c537eae826a0d45ad2c300a95a1b84162d89315f96e276a8ac1
Fermi_E,main_and_supplementary,Q_-1,2090,100,-1,train,42,within_Cn_target_quantile_isomer_80_20_seed42,ff9e14d55bd89c537eae826a0d45ad2c300a95a1b84162d89315f96e276a8ac1
Fermi_E,main_and_supplementary,Q_-1,2091,100,-1,train,42,within_Cn_target_quantile_isomer_80_20_seed42,ff9e14d55bd89c537eae826a0d45ad2c300a95a1b84162d89315f96e276a8ac1
Fermi_E,main_and_supplementary,Q_-1,2092,100,-1,train,42,within_Cn_target_quantile_isomer_80_20_seed42,ff9e14d55bd89c537eae826a0d45ad2c300a95a1b84162d89315f96e276a8ac1
Fermi_E,main_and_supplementary,Q_-1,2093,100,-1,train,42,within_Cn_target_quantile_isomer_80_20_seed42,ff9e14d55bd89c537eae826a0d45ad2c300a95a1b84162d89315f96e276a8ac1
Fermi_E,main_and_supplementary,Q_-1,2095,100,-1,train,42,within_Cn_target_quantile_isomer_80_20_seed42,ff9e14d55bd89c537eae826a0d45ad2c300a95a1b84162d89315f96e276a8ac1
Fermi_E,main_and_supplementary,Q_-1,2098,100,-1,train,42,within_Cn_target_quantile_isomer_80_20_seed42,ff9e14d55bd89c537eae826a0d45ad2c300a95a1b84162d89315f96e276a8ac1
Fermi_E,main_and_supplementary,Q_-1,2099,100,-1,train,42,within_Cn_target_quantile_isomer_80_20_seed42,ff9e14d55bd89c537eae826a0d45ad2c300a95a1b84162d89315f96e276a8ac1
Fermi_E,main_and_supplementary,Q_-1,2101,100,-1,train,42,within_Cn_target_quantile_isomer_80_20_seed42,ff9e14d55bd89c537eae826a0d45ad2c300a95a1b84162d89315f96e276a8ac1
Fermi_E,main_and_supplementary,Q_-1,2102,100,-1,train,42,within_Cn_target_quantile_isomer_80_20_seed42,ff9e14d55bd89c537eae826a0d45ad2c300a95a1b84162d89315f96e276a8ac1
Fermi_E,main_and_supplementary,Q_-1,2103,100,-1,train,42,within_Cn_target_quantile_isomer_80_20_seed42,ff9e14d55bd89c537eae826a0d45ad2c300a95a1b84162d89315f96e276a8ac1
Fermi_E,main_and_supplementary,Q_-1,2104,100,-1,train,42,within_Cn_target_quantile_isomer_80_20_seed42,ff9e14d55bd89c537eae826a0d45ad2c300a95a1b84162d89315f96e276a8ac1
Fermi_E,main_and_supplementary,Q_-1,2105,100,-1,train,42,within_Cn_target_quantile_isomer_80_20_seed42,ff9e14d55bd89c537eae826a0d45ad2c300a95a1b84162d89315f96e276a8ac1
Fermi_E,main_and_supplementary,Q_-1,2106,100,-1,train,42,within_Cn_target_quantile_isomer_80_20_seed42,ff9e14d55bd89c537eae826a0d45ad2c300a95a1b84162d89315f96e276a8ac1
Fermi_E,main_and_supplementary,Q_-1,2107,100,-1,train,42,within_Cn_target_quantile_isomer_80_20_seed42,ff9e14d55bd89c537eae826a0d45ad2c300a95a1b84162d89315f96e276a8ac1
Fermi_E,main_and_supplementary,Q_-1,2108,100,-1,train,42,within_Cn_target_quantile_isomer_80_20_seed42,ff9e14d55bd89c537eae826a0d45ad2c300a95a1b84162d89315f96e276a8ac1
Fermi_E,main_and_supplementary,Q_-1,2109,100,-1,train,42,within_Cn_target_quantile_isomer_80_20_seed42,ff9e14d55bd89c537eae826a0d45ad2c300a95a1b84162d89315f96e276a8ac1
Fermi_E,main_and_supplementary,Q_-1,2110,100,-1,train,42,within_Cn_target_quantile_isomer_80_20_seed42,ff9e14d55bd89c537eae826a0d45ad2c300a95a1b84162d89315f96e276a8ac1
Fermi_E,main_and_supplementary,Q_-1,2111,100,-1,train,42,within_Cn_target_quantile_isomer_80_20_seed42,ff9e14d55bd89c537eae826a0d45ad2c300a95a1b84162d89315f96e276a8ac1
Fermi_E,main_and_supplementary,Q_-1,2112,100,-1,train,42,within_Cn_target_quantile_isomer_80_20_seed42,ff9e14d55bd89c537eae826a0d45ad2c300a95a1b84162d89315f96e276a8ac1
Fermi_E,main_and_supplementary,Q_-1,2113,100,-1,train,42,within_Cn_target_quantile_isomer_80_20_seed42,ff9e14d55bd89c537eae826a0d45ad2c300a95a1b84162d89315f96e276a8ac1
Fermi_E,main_and_supplementary,Q_-1,2116,100,-1,train,42,within_Cn_target_quantile_isomer_80_20_seed42,ff9e14d55bd89c537eae826a0d45ad2c300a95a1b84162d89315f96e276a8ac1
Fermi_E,main_and_supplementary,Q_-1,2117,100,-1,train,42,within_Cn_target_quantile_isomer_80_20_seed42,ff9e14d55bd89c537eae826a0d45ad2c300a95a1b84162d89315f96e276a8ac1
Fermi_E,main_and_supplementary,Q_-1,2118,100,-1,train,42,within_Cn_target_quantile_isomer_80_20_seed42,ff9e14d55bd89c537eae826a0d45ad2c300a95a1b84162d89315f96e276a8ac1
Fermi_E,main_and_supplementary,Q_-1,2119,100,-1,train,42,within_Cn_target_quantile_isomer_80_20_seed42,ff9e14d55bd89c537eae826a0d45ad2c300a95a1b84162d89315f96e276a8ac1
Fermi_E,main_and_supplementary,Q_-1,2120,100,-1,train,42,within_Cn_target_quantile_isomer_80_20_seed42,ff9e14d55bd89c537eae826a0d45ad2c300a95a1b84162d89315f96e276a8ac1
Fermi_E,main_and_supplementary,Q_-1,2121,100,-1,train,42,within_Cn_target_quantile_isomer_80_20_seed42,ff9e14d55bd89c537eae826a0d45ad2c300a95a1b84162d89315f96e276a8ac1
Fermi_E,main_and_supplementary,Q_-1,2122,100,-1,train,42,within_Cn_target_quantile_isomer_80_20_seed42,ff9e14d55bd89c537eae826a0d45ad2c300a95a1b84162d89315f96e276a8ac1
Fermi_E,main_and_supplementary,Q_-1,2123,100,-1,train,42,within_Cn_target_quantile_isomer_80_20_seed42,ff9e14d55bd89c537eae826a0d45ad2c300a95a1b84162d89315f96e276a8ac1
Fermi_E,main_and_supplementary,Q_-1,2124,100,-1,train,42,within_Cn_target_quantile_isomer_80_20_seed42,ff9e14d55bd89c537eae826a0d45ad2c300a95a1b84162d89315f96e276a8ac1
Fermi_E,main_and_supplementary,Q_-1,2126,100,-1,train,42,within_Cn_target_quantile_isomer_80_20_seed42,ff9e14d55bd89c537eae826a0d45ad2c300a95a1b84162d89315f96e276a8ac1
Fermi_E,main_and_supplementary,Q_-1,2127,100,-1,train,42,within_Cn_target_quantile_isomer_80_20_seed42,ff9e14d55bd89c537eae826a0d45ad2c300a95a1b84162d89315f96e276a8ac1
Fermi_E,main_and_supplementary,Q_-1,2128,100,-1,train,42,within_Cn_target_quantile_isomer_80_20_seed42,ff9e14d55bd89c537eae826a0d45ad2c300a95a1b84162d89315f96e276a8ac1
Fermi_E,main_and_supplementary,Q_-1,2129,100,-1,train,42,within_Cn_target_quantile_isomer_80_20_seed42,ff9e14d55bd89c537eae826a0d45ad2c300a95a1b84162d89315f96e276a8ac1
Fermi_E,main_and_supplementary,Q_-1,2130,100,-1,train,42,within_Cn_target_quantile_isomer_80_20_seed42,ff9e14d55bd89c537eae826a0d45ad2c300a95a1b84162d89315f96e276a8ac1
Fermi_E,main_and_supplementary,Q_-1,2132,100,-1,train,42,within_Cn_target_quantile_isomer_80_20_seed42,ff9e14d55bd89c537eae826a0d45ad2c300a95a1b84162d89315f96e276a8ac1
Fermi_E,main_and_supplementary,Q_-1,2133,100,-1,train,42,within_Cn_target_quantile_isomer_80_20_seed42,ff9e14d55bd89c537eae826a0d45ad2c300a95a1b84162d89315f96e276a8ac1
Fermi_E,main_and_supplementary,Q_-1,2134,100,-1,train,42,within_Cn_target_quantile_isomer_80_20_seed42,ff9e14d55bd89c537eae826a0d45ad2c300a95a1b84162d89315f96e276a8ac1
Fermi_E,main_and_supplementary,Q_-1,2135,100,-1,train,42,within_Cn_target_quantile_isomer_80_20_seed42,ff9e14d55bd89c537eae826a0d45ad2c300a95a1b84162d89315f96e276a8ac1
Fermi_E,main_and_supplementary,Q_-1,2136,100,-1,train,42,within_Cn_target_quantile_isomer_80_20_seed42,ff9e14d55bd89c537eae826a0d45ad2c300a95a1b84162d89315f96e276a8ac1
Fermi_E,main_and_supplementary,Q_-1,2138,100,-1,train,42,within_Cn_target_quantile_isomer_80_20_seed42,ff9e14d55bd89c537eae826a0d45ad2c300a95a1b84162d89315f96e276a8ac1
Fermi_E,main_and_supplementary,Q_-1,2139,100,-1,train,42,within_Cn_target_quantile_isomer_80_20_seed42,ff9e14d55bd89c537eae826a0d45ad2c300a95a1b84162d89315f96e276a8ac1
Fermi_E,main_and_supplementary,Q_-1,2141,100,-1,train,42,within_Cn_target_quantile_isomer_80_20_seed42,ff9e14d55bd89c537eae826a0d45ad2c300a95a1b84162d89315f96e276a8ac1
Fermi_E,main_and_supplementary,Q_-1,2142,100,-1,train,42,within_Cn_target_quantile_isomer_80_20_seed42,ff9e14d55bd89c537eae826a0d45ad2c300a95a1b84162d89315f96e276a8ac1
Fermi_E,main_and_supplementary,Q_-1,2143,100,-1,train,42,within_Cn_target_quantile_isomer_80_20_seed42,ff9e14d55bd89c537eae826a0d45ad2c300a95a1b84162d89315f96e276a8ac1
Fermi_E,main_and_supplementary,Q_-1,2144,100,-1,train,42,within_Cn_target_quantile_isomer_80_20_seed42,ff9e14d55bd89c537eae826a0d45ad2c300a95a1b84162d89315f96e276a8ac1
Fermi_E,main_and_supplementary,Q_-1,2145,100,-1,train,42,within_Cn_target_quantile_isomer_80_20_seed42,ff9e14d55bd89c537eae826a0d45ad2c300a95a1b84162d89315f96e276a8ac1
Fermi_E,main_and_supplementary,Q_-1,2146,100,-1,train,42,within_Cn_target_quantile_isomer_80_20_seed42,ff9e14d55bd89c537eae826a0d45ad2c300a95a1b84162d89315f96e276a8ac1
Fermi_E,main_and_supplementary,Q_-1,2147,100,-1,train,42,within_Cn_target_quantile_isomer_80_20_seed42,ff9e14d55bd89c537eae826a0d45ad2c300a95a1b84162d89315f96e276a8ac1
Fermi_E,main_and_supplementary,Q_-1,2149,100,-1,train,42,within_Cn_target_quantile_isomer_80_20_seed42,ff9e14d55bd89c537eae826a0d45ad2c300a95a1b84162d89315f96e276a8ac1
Fermi_E,main_and_supplementary,Q_-1,2150,100,-1,train,42,within_Cn_target_quantile_isomer_80_20_seed42,ff9e14d55bd89c537eae826a0d45ad2c300a95a1b84162d89315f96e276a8ac1
Fermi_E,main_and_supplementary,Q_-1,2151,100,-1,train,42,within_Cn_target_quantile_isomer_80_20_seed42,ff9e14d55bd89c537eae826a0d45ad2c300a95a1b84162d89315f96e276a8ac1
Fermi_E,main_and_supplementary,Q_-1,2152,100,-1,train,42,within_Cn_target_quantile_isomer_80_20_seed42,ff9e14d55bd89c537eae826a0d45ad2c300a95a1b84162d89315f96e276a8ac1
Fermi_E,main_and_supplementary,Q_-1,2153,100,-1,train,42,within_Cn_target_quantile_isomer_80_20_seed42,ff9e14d55bd89c537eae826a0d45ad2c300a95a1b84162d89315f96e276a8ac1
Fermi_E,main_and_supplementary,Q_-1,2154,100,-1,train,42,within_Cn_target_quantile_isomer_80_20_seed42,ff9e14d55bd89c537eae826a0d45ad2c300a95a1b84162d89315f96e276a8ac1
Fermi_E,main_and_supplementary,Q_-1,2155,100,-1,train,42,within_Cn_target_quantile_isomer_80_20_seed42,ff9e14d55bd89c537eae826a0d45ad2c300a95a1b84162d89315f96e276a8ac1
Fermi_E,main_and_supplementary,Q_-1,2156,100,-1,train,42,within_Cn_target_quantile_isomer_80_20_seed42,ff9e14d55bd89c537eae826a0d45ad2c300a95a1b84162d89315f96e276a8ac1
Fermi_E,main_and_supplementary,Q_-1,2157,100,-1,train,42,within_Cn_target_quantile_isomer_80_20_seed42,ff9e14d55bd89c537eae826a0d45ad2c300a95a1b84162d89315f96e276a8ac1
Fermi_E,main_and_supplementary,Q_-1,2158,100,-1,train,42,within_Cn_target_quantile_isomer_80_20_seed42,ff9e14d55bd89c537eae826a0d45ad2c300a95a1b84162d89315f96e276a8ac1
Fermi_E,main_and_supplementary,Q_-1,2159,100,-1,train,42,within_Cn_target_quantile_isomer_80_20_seed42,ff9e14d55bd89c537eae826a0d45ad2c300a95a1b84162d89315f96e276a8ac1
Fermi_E,main_and_supplementary,Q_-1,2160,100,-1,train,42,within_Cn_target_quantile_isomer_80_20_seed42,ff9e14d55bd89c537eae826a0d45ad2c300a95a1b84162d89315f96e276a8ac1
Fermi_E,main_and_supplementary,Q_-1,2163,100,-1,train,42,within_Cn_target_quantile_isomer_80_20_seed42,ff9e14d55bd89c537eae826a0d45ad2c300a95a1b84162d89315f96e276a8ac1
Fermi_E,main_and_supplementary,Q_-1,2165,100,-1,train,42,within_Cn_target_quantile_isomer_80_20_seed42,ff9e14d55bd89c537eae826a0d45ad2c300a95a1b84162d89315f96e276a8ac1
Fermi_E,main_and_supplementary,Q_-1,2166,100,-1,train,42,within_Cn_target_quantile_isomer_80_20_seed42,ff9e14d55bd89c537eae826a0d45ad2c300a95a1b84162d89315f96e276a8ac1
Fermi_E,main_and_supplementary,Q_-1,2168,100,-1,train,42,within_Cn_target_quantile_isomer_80_20_seed42,ff9e14d55bd89c537eae826a0d45ad2c300a95a1b84162d89315f96e276a8ac1
Fermi_E,main_and_supplementary,Q_-1,2169,100,-1,train,42,within_Cn_target_quantile_isomer_80_20_seed42,ff9e14d55bd89c537eae826a0d45ad2c300a95a1b84162d89315f96e276a8ac1
Fermi_E,main_and_supplementary,Q_-1,2170,100,-1,train,42,within_Cn_target_quantile_isomer_80_20_seed42,ff9e14d55bd89c537eae826a0d45ad2c300a95a1b84162d89315f96e276a8ac1
Fermi_E,main_and_supplementary,Q_-1,2171,100,-1,train,42,within_Cn_target_quantile_isomer_80_20_seed42,ff9e14d55bd89c537eae826a0d45ad2c300a95a1b84162d89315f96e276a8ac1
Fermi_E,main_and_supplementary,Q_-1,2172,100,-1,train,42,within_Cn_target_quantile_isomer_80_20_seed42,ff9e14d55bd89c537eae826a0d45ad2c300a95a1b84162d89315f96e276a8ac1
Fermi_E,main_and_supplementary,Q_-1,2176,100,-1,train,42,within_Cn_target_quantile_isomer_80_20_seed42,ff9e14d55bd89c537eae826a0d45ad2c300a95a1b84162d89315f96e276a8ac1
Fermi_E,main_and_supplementary,Q_-1,2177,100,-1,train,42,within_Cn_target_quantile_isomer_80_20_seed42,ff9e14d55bd89c537eae826a0d45ad2c300a95a1b84162d89315f96e276a8ac1
Fermi_E,main_and_supplementary,Q_-1,2178,100,-1,train,42,within_Cn_target_quantile_isomer_80_20_seed42,ff9e14d55bd89c537eae826a0d45ad2c300a95a1b84162d89315f96e276a8ac1
Fermi_E,main_and_supplementary,Q_-1,2180,100,-1,train,42,within_Cn_target_quantile_isomer_80_20_seed42,ff9e14d55bd89c537eae826a0d45ad2c300a95a1b84162d89315f96e276a8ac1
Fermi_E,main_and_supplementary,Q_-1,2181,100,-1,train,42,within_Cn_target_quantile_isomer_80_20_seed42,ff9e14d55bd89c537eae826a0d45ad2c300a95a1b84162d89315f96e276a8ac1
Fermi_E,main_and_supplementary,Q_-1,2182,100,-1,train,42,within_Cn_target_quantile_isomer_80_20_seed42,ff9e14d55bd89c537eae826a0d45ad2c300a95a1b84162d89315f96e276a8ac1
Fermi_E,main_and_supplementary,Q_-1,2183,100,-1,train,42,within_Cn_target_quantile_isomer_80_20_seed42,ff9e14d55bd89c537eae826a0d45ad2c300a95a1b84162d89315f96e276a8ac1
Fermi_E,main_and_supplementary,Q_-1,2184,100,-1,train,42,within_Cn_target_quantile_isomer_80_20_seed42,ff9e14d55bd89c537eae826a0d45ad2c300a95a1b84162d89315f96e276a8ac1
Fermi_E,main_and_supplementary,Q_-1,2185,100,-1,train,42,within_Cn_target_quantile_isomer_80_20_seed42,ff9e14d55bd89c537eae826a0d45ad2c300a95a1b84162d89315f96e276a8ac1
Fermi_E,main_and_supplementary,Q_-1,2186,100,-1,train,42,within_Cn_target_quantile_isomer_80_20_seed42,ff9e14d55bd89c537eae826a0d45ad2c300a95a1b84162d89315f96e276a8ac1
Fermi_E,main_and_supplementary,Q_-1,2187,100,-1,train,42,within_Cn_target_quantile_isomer_80_20_seed42,ff9e14d55bd89c537eae826a0d45ad2c300a95a1b84162d89315f96e276a8ac1
Fermi_E,main_and_supplementary,Q_-1,2188,100,-1,train,42,within_Cn_target_quantile_isomer_80_20_seed42,ff9e14d55bd89c537eae826a0d45ad2c300a95a1b84162d89315f96e276a8ac1
Fermi_E,main_and_supplementary,Q_-1,2189,100,-1,train,42,within_Cn_target_quantile_isomer_80_20_seed42,ff9e14d55bd89c537eae826a0d45ad2c300a95a1b84162d89315f96e276a8ac1
Fermi_E,main_and_supplementary,Q_-1,2191,100,-1,train,42,within_Cn_target_quantile_isomer_80_20_seed42,ff9e14d55bd89c537eae826a0d45ad2c300a95a1b84162d89315f96e276a8ac1
Fermi_E,main_and_supplementary,Q_-1,2192,100,-1,train,42,within_Cn_target_quantile_isomer_80_20_seed42,ff9e14d55bd89c537eae826a0d45ad2c300a95a1b84162d89315f96e276a8ac1
Fermi_E,main_and_supplementary,Q_-1,2193,100,-1,train,42,within_Cn_target_quantile_isomer_80_20_seed42,ff9e14d55bd89c537eae826a0d45ad2c300a95a1b84162d89315f96e276a8ac1
Fermi_E,main_and_supplementary,Q_-1,2194,100,-1,train,42,within_Cn_target_quantile_isomer_80_20_seed42,ff9e14d55bd89c537eae826a0d45ad2c300a95a1b84162d89315f96e276a8ac1
Fermi_E,main_and_supplementary,Q_-1,2195,100,-1,train,42,within_Cn_target_quantile_isomer_80_20_seed42,ff9e14d55bd89c537eae826a0d45ad2c300a95a1b84162d89315f96e276a8ac1
Fermi_E,main_and_supplementary,Q_-1,2196,100,-1,train,42,within_Cn_target_quantile_isomer_80_20_seed42,ff9e14d55bd89c537eae826a0d45ad2c300a95a1b84162d89315f96e276a8ac1
Fermi_E,main_and_supplementary,Q_-1,2197,100,-1,train,42,within_Cn_target_quantile_isomer_80_20_seed42,ff9e14d55bd89c537eae826a0d45ad2c300a95a1b84162d89315f96e276a8ac1
Fermi_E,main_and_supplementary,Q_-1,2198,100,-1,train,42,within_Cn_target_quantile_isomer_80_20_seed42,ff9e14d55bd89c537eae826a0d45ad2c300a95a1b84162d89315f96e276a8ac1
Fermi_E,main_and_supplementary,Q_-1,2199,100,-1,train,42,within_Cn_target_quantile_isomer_80_20_seed42,ff9e14d55bd89c537eae826a0d45ad2c300a95a1b84162d89315f96e276a8ac1
Fermi_E,main_and_supplementary,Q_-1,2200,100,-1,train,42,within_Cn_target_quantile_isomer_80_20_seed42,ff9e14d55bd89c537eae826a0d45ad2c300a95a1b84162d89315f96e276a8ac1
Fermi_E,main_and_supplementary,Q_-1,2201,100,-1,train,42,within_Cn_target_quantile_isomer_80_20_seed42,ff9e14d55bd89c537eae826a0d45ad2c300a95a1b84162d89315f96e276a8ac1
Fermi_E,main_and_supplementary,Q_-1,2202,100,-1,train,42,within_Cn_target_quantile_isomer_80_20_seed42,ff9e14d55bd89c537eae826a0d45ad2c300a95a1b84162d89315f96e276a8ac1
Fermi_E,main_and_supplementary,Q_-1,2204,100,-1,train,42,within_Cn_target_quantile_isomer_80_20_seed42,ff9e14d55bd89c537eae826a0d45ad2c300a95a1b84162d89315f96e276a8ac1
Fermi_E,main_and_supplementary,Q_-1,2205,100,-1,train,42,within_Cn_target_quantile_isomer_80_20_seed42,ff9e14d55bd89c537eae826a0d45ad2c300a95a1b84162d89315f96e276a8ac1
Fermi_E,main_and_supplementary,Q_-1,2206,100,-1,train,42,within_Cn_target_quantile_isomer_80_20_seed42,ff9e14d55bd89c537eae826a0d45ad2c300a95a1b84162d89315f96e276a8ac1
Fermi_E,main_and_supplementary,Q_-1,2207,100,-1,train,42,within_Cn_target_quantile_isomer_80_20_seed42,ff9e14d55bd89c537eae826a0d45ad2c300a95a1b84162d89315f96e276a8ac1
Fermi_E,main_and_supplementary,Q_-1,2208,100,-1,train,42,within_Cn_target_quantile_isomer_80_20_seed42,ff9e14d55bd89c537eae826a0d45ad2c300a95a1b84162d89315f96e276a8ac1
Fermi_E,main_and_supplementary,Q_-1,2209,100,-1,train,42,within_Cn_target_quantile_isomer_80_20_seed42,ff9e14d55bd89c537eae826a0d45ad2c300a95a1b84162d89315f96e276a8ac1
Fermi_E,main_and_supplementary,Q_-1,2210,100,-1,train,42,within_Cn_target_quantile_isomer_80_20_seed42,ff9e14d55bd89c537eae826a0d45ad2c300a95a1b84162d89315f96e276a8ac1
Fermi_E,main_and_supplementary,Q_-1,2211,100,-1,train,42,within_Cn_target_quantile_isomer_80_20_seed42,ff9e14d55bd89c537eae826a0d45ad2c300a95a1b84162d89315f96e276a8ac1
Fermi_E,main_and_supplementary,Q_-1,2212,100,-1,train,42,within_Cn_target_quantile_isomer_80_20_seed42,ff9e14d55bd89c537eae826a0d45ad2c300a95a1b84162d89315f96e276a8ac1
Fermi_E,main_and_supplementary,Q_-1,2213,100,-1,train,42,within_Cn_target_quantile_isomer_80_20_seed42,ff9e14d55bd89c537eae826a0d45ad2c300a95a1b84162d89315f96e276a8ac1
Fermi_E,main_and_supplementary,Q_-1,2214,100,-1,train,42,within_Cn_target_quantile_isomer_80_20_seed42,ff9e14d55bd89c537eae826a0d45ad2c300a95a1b84162d89315f96e276a8ac1
Fermi_E,main_and_supplementary,Q_-1,2215,100,-1,train,42,within_Cn_target_quantile_isomer_80_20_seed42,ff9e14d55bd89c537eae826a0d45ad2c300a95a1b84162d89315f96e276a8ac1
Fermi_E,main_and_supplementary,Q_-1,2216,100,-1,train,42,within_Cn_target_quantile_isomer_80_20_seed42,ff9e14d55bd89c537eae826a0d45ad2c300a95a1b84162d89315f96e276a8ac1
Fermi_E,main_and_supplementary,Q_-1,2218,100,-1,train,42,within_Cn_target_quantile_isomer_80_20_seed42,ff9e14d55bd89c537eae826a0d45ad2c300a95a1b84162d89315f96e276a8ac1
Fermi_E,main_and_supplementary,Q_-1,2219,100,-1,train,42,within_Cn_target_quantile_isomer_80_20_seed42,ff9e14d55bd89c537eae826a0d45ad2c300a95a1b84162d89315f96e276a8ac1
Fermi_E,main_and_supplementary,Q_-1,2221,100,-1,train,42,within_Cn_target_quantile_isomer_80_20_seed42,ff9e14d55bd89c537eae826a0d45ad2c300a95a1b84162d89315f96e276a8ac1
Fermi_E,main_and_supplementary,Q_-1,2222,100,-1,train,42,within_Cn_target_quantile_isomer_80_20_seed42,ff9e14d55bd89c537eae826a0d45ad2c300a95a1b84162d89315f96e276a8ac1
Fermi_E,main_and_supplementary,Q_-1,2223,100,-1,train,42,within_Cn_target_quantile_isomer_80_20_seed42,ff9e14d55bd89c537eae826a0d45ad2c300a95a1b84162d89315f96e276a8ac1
Fermi_E,main_and_supplementary,Q_-1,2224,100,-1,train,42,within_Cn_target_quantile_isomer_80_20_seed42,ff9e14d55bd89c537eae826a0d45ad2c300a95a1b84162d89315f96e276a8ac1
Fermi_E,main_and_supplementary,Q_-1,2225,100,-1,train,42,within_Cn_target_quantile_isomer_80_20_seed42,ff9e14d55bd89c537eae826a0d45ad2c300a95a1b84162d89315f96e276a8ac1
Fermi_E,main_and_supplementary,Q_-1,2226,100,-1,train,42,within_Cn_target_quantile_isomer_80_20_seed42,ff9e14d55bd89c537eae826a0d45ad2c300a95a1b84162d89315f96e276a8ac1
Fermi_E,main_and_supplementary,Q_-1,2228,100,-1,train,42,within_Cn_target_quantile_isomer_80_20_seed42,ff9e14d55bd89c537eae826a0d45ad2c300a95a1b84162d89315f96e276a8ac1
Fermi_E,main_and_supplementary,Q_-1,2229,100,-1,train,42,within_Cn_target_quantile_isomer_80_20_seed42,ff9e14d55bd89c537eae826a0d45ad2c300a95a1b84162d89315f96e276a8ac1
Fermi_E,main_and_supplementary,Q_-1,2230,100,-1,train,42,within_Cn_target_quantile_isomer_80_20_seed42,ff9e14d55bd89c537eae826a0d45ad2c300a95a1b84162d89315f96e276a8ac1
Fermi_E,main_and_supplementary,Q_-1,2231,100,-1,train,42,within_Cn_target_quantile_isomer_80_20_seed42,ff9e14d55bd89c537eae826a0d45ad2c300a95a1b84162d89315f96e276a8ac1
Fermi_E,main_and_supplementary,Q_-1,2233,100,-1,train,42,within_Cn_target_quantile_isomer_80_20_seed42,ff9e14d55bd89c537eae826a0d45ad2c300a95a1b84162d89315f96e276a8ac1
Fermi_E,main_and_supplementary,Q_-1,2234,100,-1,train,42,within_Cn_target_quantile_isomer_80_20_seed42,ff9e14d55bd89c537eae826a0d45ad2c300a95a1b84162d89315f96e276a8ac1
Fermi_E,main_and_supplementary,Q_-1,2235,100,-1,train,42,within_Cn_target_quantile_isomer_80_20_seed42,ff9e14d55bd89c537eae826a0d45ad2c300a95a1b84162d89315f96e276a8ac1
Fermi_E,main_and_supplementary,Q_-1,2236,100,-1,train,42,within_Cn_target_quantile_isomer_80_20_seed42,ff9e14d55bd89c537eae826a0d45ad2c300a95a1b84162d89315f96e276a8ac1
Fermi_E,main_and_supplementary,Q_-1,2238,100,-1,train,42,within_Cn_target_quantile_isomer_80_20_seed42,ff9e14d55bd89c537eae826a0d45ad2c300a95a1b84162d89315f96e276a8ac1
Fermi_E,main_and_supplementary,Q_-1,2239,100,-1,train,42,within_Cn_target_quantile_isomer_80_20_seed42,ff9e14d55bd89c537eae826a0d45ad2c300a95a1b84162d89315f96e276a8ac1
Fermi_E,main_and_supplementary,Q_-1,2241,100,-1,train,42,within_Cn_target_quantile_isomer_80_20_seed42,ff9e14d55bd89c537eae826a0d45ad2c300a95a1b84162d89315f96e276a8ac1
Fermi_E,main_and_supplementary,Q_-1,2242,100,-1,train,42,within_Cn_target_quantile_isomer_80_20_seed42,ff9e14d55bd89c537eae826a0d45ad2c300a95a1b84162d89315f96e276a8ac1
Fermi_E,main_and_supplementary,Q_-1,2243,100,-1,train,42,within_Cn_target_quantile_isomer_80_20_seed42,ff9e14d55bd89c537eae826a0d45ad2c300a95a1b84162d89315f96e276a8ac1
Fermi_E,main_and_supplementary,Q_-1,2244,100,-1,train,42,within_Cn_target_quantile_isomer_80_20_seed42,ff9e14d55bd89c537eae826a0d45ad2c300a95a1b84162d89315f96e276a8ac1
Fermi_E,main_and_supplementary,Q_-1,2245,100,-1,train,42,within_Cn_target_quantile_isomer_80_20_seed42,ff9e14d55bd89c537eae826a0d45ad2c300a95a1b84162d89315f96e276a8ac1
Fermi_E,main_and_supplementary,Q_-1,2246,100,-1,train,42,within_Cn_target_quantile_isomer_80_20_seed42,ff9e14d55bd89c537eae826a0d45ad2c300a95a1b84162d89315f96e276a8ac1
Fermi_E,main_and_supplementary,Q_-1,2247,100,-1,train,42,within_Cn_target_quantile_isomer_80_20_seed42,ff9e14d55bd89c537eae826a0d45ad2c300a95a1b84162d89315f96e276a8ac1
Fermi_E,main_and_supplementary,Q_-1,2248,100,-1,train,42,within_Cn_target_quantile_isomer_80_20_seed42,ff9e14d55bd89c537eae826a0d45ad2c300a95a1b84162d89315f96e276a8ac1
Fermi_E,main_and_supplementary,Q_-1,2249,100,-1,train,42,within_Cn_target_quantile_isomer_80_20_seed42,ff9e14d55bd89c537eae826a0d45ad2c300a95a1b84162d89315f96e276a8ac1
Fermi_E,main_and_supplementary,Q_-1,2250,100,-1,train,42,within_Cn_target_quantile_isomer_80_20_seed42,ff9e14d55bd89c537eae826a0d45ad2c300a95a1b84162d89315f96e276a8ac1
Fermi_E,main_and_supplementary,Q_-1,2251,100,-1,train,42,within_Cn_target_quantile_isomer_80_20_seed42,ff9e14d55bd89c537eae826a0d45ad2c300a95a1b84162d89315f96e276a8ac1
Fermi_E,main_and_supplementary,Q_-1,2252,100,-1,train,42,within_Cn_target_quantile_isomer_80_20_seed42,ff9e14d55bd89c537eae826a0d45ad2c300a95a1b84162d89315f96e276a8ac1
Fermi_E,main_and_supplementary,Q_-1,2254,100,-1,train,42,within_Cn_target_quantile_isomer_80_20_seed42,ff9e14d55bd89c537eae826a0d45ad2c300a95a1b84162d89315f96e276a8ac1
Fermi_E,main_and_supplementary,Q_-1,2255,100,-1,train,42,within_Cn_target_quantile_isomer_80_20_seed42,ff9e14d55bd89c537eae826a0d45ad2c300a95a1b84162d89315f96e276a8ac1
Fermi_E,main_and_supplementary,Q_-1,2256,100,-1,train,42,within_Cn_target_quantile_isomer_80_20_seed42,ff9e14d55bd89c537eae826a0d45ad2c300a95a1b84162d89315f96e276a8ac1
Fermi_E,main_and_supplementary,Q_-1,2259,100,-1,train,42,within_Cn_target_quantile_isomer_80_20_seed42,ff9e14d55bd89c537eae826a0d45ad2c300a95a1b84162d89315f96e276a8ac1
Fermi_E,main_and_supplementary,Q_-1,2260,100,-1,train,42,within_Cn_target_quantile_isomer_80_20_seed42,ff9e14d55bd89c537eae826a0d45ad2c300a95a1b84162d89315f96e276a8ac1
Fermi_E,main_and_supplementary,Q_-1,2261,100,-1,train,42,within_Cn_target_quantile_isomer_80_20_seed42,ff9e14d55bd89c537eae826a0d45ad2c300a95a1b84162d89315f96e276a8ac1
Fermi_E,main_and_supplementary,Q_-1,2262,100,-1,train,42,within_Cn_target_quantile_isomer_80_20_seed42,ff9e14d55bd89c537eae826a0d45ad2c300a95a1b84162d89315f96e276a8ac1
Fermi_E,main_and_supplementary,Q_-1,2263,100,-1,train,42,within_Cn_target_quantile_isomer_80_20_seed42,ff9e14d55bd89c537eae826a0d45ad2c300a95a1b84162d89315f96e276a8ac1
Fermi_E,main_and_supplementary,Q_-1,2264,100,-1,train,42,within_Cn_target_quantile_isomer_80_20_seed42,ff9e14d55bd89c537eae826a0d45ad2c300a95a1b84162d89315f96e276a8ac1
Fermi_E,main_and_supplementary,Q_-1,2265,100,-1,train,42,within_Cn_target_quantile_isomer_80_20_seed42,ff9e14d55bd89c537eae826a0d45ad2c300a95a1b84162d89315f96e276a8ac1
Fermi_E,main_and_supplementary,Q_-1,2267,100,-1,train,42,within_Cn_target_quantile_isomer_80_20_seed42,ff9e14d55bd89c537eae826a0d45ad2c300a95a1b84162d89315f96e276a8ac1
Fermi_E,main_and_supplementary,Q_-1,2268,100,-1,train,42,within_Cn_target_quantile_isomer_80_20_seed42,ff9e14d55bd89c537eae826a0d45ad2c300a95a1b84162d89315f96e276a8ac1
Fermi_E,main_and_supplementary,Q_-1,2269,100,-1,train,42,within_Cn_target_quantile_isomer_80_20_seed42,ff9e14d55bd89c537eae826a0d45ad2c300a95a1b84162d89315f96e276a8ac1
Fermi_E,main_and_supplementary,Q_-1,2271,100,-1,train,42,within_Cn_target_quantile_isomer_80_20_seed42,ff9e14d55bd89c537eae826a0d45ad2c300a95a1b84162d89315f96e276a8ac1
Fermi_E,main_and_supplementary,Q_-1,2273,100,-1,train,42,within_Cn_target_quantile_isomer_80_20_seed42,ff9e14d55bd89c537eae826a0d45ad2c300a95a1b84162d89315f96e276a8ac1
Fermi_E,main_and_supplementary,Q_-1,2274,100,-1,train,42,within_Cn_target_quantile_isomer_80_20_seed42,ff9e14d55bd89c537eae826a0d45ad2c300a95a1b84162d89315f96e276a8ac1
Fermi_E,main_and_supplementary,Q_-1,2275,100,-1,train,42,within_Cn_target_quantile_isomer_80_20_seed42,ff9e14d55bd89c537eae826a0d45ad2c300a95a1b84162d89315f96e276a8ac1
Fermi_E,main_and_supplementary,Q_-1,2276,100,-1,train,42,within_Cn_target_quantile_isomer_80_20_seed42,ff9e14d55bd89c537eae826a0d45ad2c300a95a1b84162d89315f96e276a8ac1
Fermi_E,main_and_supplementary,Q_-1,2278,100,-1,train,42,within_Cn_target_quantile_isomer_80_20_seed42,ff9e14d55bd89c537eae826a0d45ad2c300a95a1b84162d89315f96e276a8ac1
Fermi_E,main_and_supplementary,Q_-1,2279,100,-1,train,42,within_Cn_target_quantile_isomer_80_20_seed42,ff9e14d55bd89c537eae826a0d45ad2c300a95a1b84162d89315f96e276a8ac1
Fermi_E,main_and_supplementary,Q_-1,2281,100,-1,train,42,within_Cn_target_quantile_isomer_80_20_seed42,ff9e14d55bd89c537eae826a0d45ad2c300a95a1b84162d89315f96e276a8ac1
Fermi_E,main_and_supplementary,Q_-1,2282,100,-1,train,42,within_Cn_target_quantile_isomer_80_20_seed42,ff9e14d55bd89c537eae826a0d45ad2c300a95a1b84162d89315f96e276a8ac1
Fermi_E,main_and_supplementary,Q_-1,2284,100,-1,train,42,within_Cn_target_quantile_isomer_80_20_seed42,ff9e14d55bd89c537eae826a0d45ad2c300a95a1b84162d89315f96e276a8ac1
Fermi_E,main_and_supplementary,Q_-1,2285,100,-1,train,42,within_Cn_target_quantile_isomer_80_20_seed42,ff9e14d55bd89c537eae826a0d45ad2c300a95a1b84162d89315f96e276a8ac1
Fermi_E,main_and_supplementary,Q_-1,2286,100,-1,train,42,within_Cn_target_quantile_isomer_80_20_seed42,ff9e14d55bd89c537eae826a0d45ad2c300a95a1b84162d89315f96e276a8ac1
Fermi_E,main_and_supplementary,Q_-1,2288,100,-1,train,42,within_Cn_target_quantile_isomer_80_20_seed42,ff9e14d55bd89c537eae826a0d45ad2c300a95a1b84162d89315f96e276a8ac1
Fermi_E,main_and_supplementary,Q_-1,2289,100,-1,train,42,within_Cn_target_quantile_isomer_80_20_seed42,ff9e14d55bd89c537eae826a0d45ad2c300a95a1b84162d89315f96e276a8ac1
Fermi_E,main_and_supplementary,Q_-1,2291,100,-1,train,42,within_Cn_target_quantile_isomer_80_20_seed42,ff9e14d55bd89c537eae826a0d45ad2c300a95a1b84162d89315f96e276a8ac1
Fermi_E,main_and_supplementary,Q_-1,2292,100,-1,train,42,within_Cn_target_quantile_isomer_80_20_seed42,ff9e14d55bd89c537eae826a0d45ad2c300a95a1b84162d89315f96e276a8ac1
Fermi_E,main_and_supplementary,Q_-1,2293,100,-1,train,42,within_Cn_target_quantile_isomer_80_20_seed42,ff9e14d55bd89c537eae826a0d45ad2c300a95a1b84162d89315f96e276a8ac1
Fermi_E,main_and_supplementary,Q_-1,2294,100,-1,train,42,within_Cn_target_quantile_isomer_80_20_seed42,ff9e14d55bd89c537eae826a0d45ad2c300a95a1b84162d89315f96e276a8ac1
Fermi_E,main_and_supplementary,Q_-1,2295,100,-1,train,42,within_Cn_target_quantile_isomer_80_20_seed42,ff9e14d55bd89c537eae826a0d45ad2c300a95a1b84162d89315f96e276a8ac1
Fermi_E,main_and_supplementary,Q_-1,2296,100,-1,train,42,within_Cn_target_quantile_isomer_80_20_seed42,ff9e14d55bd89c537eae826a0d45ad2c300a95a1b84162d89315f96e276a8ac1
Fermi_E,main_and_supplementary,Q_-1,2297,100,-1,train,42,within_Cn_target_quantile_isomer_80_20_seed42,ff9e14d55bd89c537eae826a0d45ad2c300a95a1b84162d89315f96e276a8ac1
Fermi_E,main_and_supplementary,Q_-1,2298,100,-1,train,42,within_Cn_target_quantile_isomer_80_20_seed42,ff9e14d55bd89c537eae826a0d45ad2c300a95a1b84162d89315f96e276a8ac1
Fermi_E,main_and_supplementary,Q_-1,2299,100,-1,train,42,within_Cn_target_quantile_isomer_80_20_seed42,ff9e14d55bd89c537eae826a0d45ad2c300a95a1b84162d89315f96e276a8ac1
Fermi_E,main_and_supplementary,Q_-1,2300,100,-1,train,42,within_Cn_target_quantile_isomer_80_20_seed42,ff9e14d55bd89c537eae826a0d45ad2c300a95a1b84162d89315f96e276a8ac1
Fermi_E,main_and_supplementary,Q_-1,2301,100,-1,train,42,within_Cn_target_quantile_isomer_80_20_seed42,ff9e14d55bd89c537eae826a0d45ad2c300a95a1b84162d89315f96e276a8ac1
Fermi_E,main_and_supplementary,Q_-1,2302,100,-1,train,42,within_Cn_target_quantile_isomer_80_20_seed42,ff9e14d55bd89c537eae826a0d45ad2c300a95a1b84162d89315f96e276a8ac1
Fermi_E,main_and_supplementary,Q_-1,2304,100,-1,train,42,within_Cn_target_quantile_isomer_80_20_seed42,ff9e14d55bd89c537eae826a0d45ad2c300a95a1b84162d89315f96e276a8ac1
Fermi_E,main_and_supplementary,Q_-1,2308,100,-1,train,42,within_Cn_target_quantile_isomer_80_20_seed42,ff9e14d55bd89c537eae826a0d45ad2c300a95a1b84162d89315f96e276a8ac1
Fermi_E,main_and_supplementary,Q_-1,2309,100,-1,train,42,within_Cn_target_quantile_isomer_80_20_seed42,ff9e14d55bd89c537eae826a0d45ad2c300a95a1b84162d89315f96e276a8ac1
Fermi_E,main_and_supplementary,Q_-1,2310,100,-1,train,42,within_Cn_target_quantile_isomer_80_20_seed42,ff9e14d55bd89c537eae826a0d45ad2c300a95a1b84162d89315f96e276a8ac1
Fermi_E,main_and_supplementary,Q_-1,2311,100,-1,train,42,within_Cn_target_quantile_isomer_80_20_seed42,ff9e14d55bd89c537eae826a0d45ad2c300a95a1b84162d89315f96e276a8ac1
Fermi_E,main_and_supplementary,Q_-1,2312,100,-1,train,42,within_Cn_target_quantile_isomer_80_20_seed42,ff9e14d55bd89c537eae826a0d45ad2c300a95a1b84162d89315f96e276a8ac1
Fermi_E,main_and_supplementary,Q_-1,2313,100,-1,train,42,within_Cn_target_quantile_isomer_80_20_seed42,ff9e14d55bd89c537eae826a0d45ad2c300a95a1b84162d89315f96e276a8ac1
Fermi_E,main_and_supplementary,Q_-1,2314,100,-1,train,42,within_Cn_target_quantile_isomer_80_20_seed42,ff9e14d55bd89c537eae826a0d45ad2c300a95a1b84162d89315f96e276a8ac1
Fermi_E,main_and_supplementary,Q_-1,2315,100,-1,train,42,within_Cn_target_quantile_isomer_80_20_seed42,ff9e14d55bd89c537eae826a0d45ad2c300a95a1b84162d89315f96e276a8ac1
Fermi_E,main_and_supplementary,Q_-1,2317,100,-1,train,42,within_Cn_target_quantile_isomer_80_20_seed42,ff9e14d55bd89c537eae826a0d45ad2c300a95a1b84162d89315f96e276a8ac1
Fermi_E,main_and_supplementary,Q_-1,2318,100,-1,train,42,within_Cn_target_quantile_isomer_80_20_seed42,ff9e14d55bd89c537eae826a0d45ad2c300a95a1b84162d89315f96e276a8ac1
Fermi_E,main_and_supplementary,Q_-1,2319,100,-1,train,42,within_Cn_target_quantile_isomer_80_20_seed42,ff9e14d55bd89c537eae826a0d45ad2c300a95a1b84162d89315f96e276a8ac1
Fermi_E,main_and_supplementary,Q_-1,2320,100,-1,train,42,within_Cn_target_quantile_isomer_80_20_seed42,ff9e14d55bd89c537eae826a0d45ad2c300a95a1b84162d89315f96e276a8ac1
Fermi_E,main_and_supplementary,Q_-1,2321,100,-1,train,42,within_Cn_target_quantile_isomer_80_20_seed42,ff9e14d55bd89c537eae826a0d45ad2c300a95a1b84162d89315f96e276a8ac1
Fermi_E,main_and_supplementary,Q_-1,2323,100,-1,train,42,within_Cn_target_quantile_isomer_80_20_seed42,ff9e14d55bd89c537eae826a0d45ad2c300a95a1b84162d89315f96e276a8ac1
Fermi_E,main_and_supplementary,Q_-1,2324,100,-1,train,42,within_Cn_target_quantile_isomer_80_20_seed42,ff9e14d55bd89c537eae826a0d45ad2c300a95a1b84162d89315f96e276a8ac1
Fermi_E,main_and_supplementary,Q_-1,2325,100,-1,train,42,within_Cn_target_quantile_isomer_80_20_seed42,ff9e14d55bd89c537eae826a0d45ad2c300a95a1b84162d89315f96e276a8ac1
Fermi_E,main_and_supplementary,Q_-1,2327,100,-1,train,42,within_Cn_target_quantile_isomer_80_20_seed42,ff9e14d55bd89c537eae826a0d45ad2c300a95a1b84162d89315f96e276a8ac1
Fermi_E,main_and_supplementary,Q_-1,2328,100,-1,train,42,within_Cn_target_quantile_isomer_80_20_seed42,ff9e14d55bd89c537eae826a0d45ad2c300a95a1b84162d89315f96e276a8ac1
Fermi_E,main_and_supplementary,Q_-1,2329,100,-1,train,42,within_Cn_target_quantile_isomer_80_20_seed42,ff9e14d55bd89c537eae826a0d45ad2c300a95a1b84162d89315f96e276a8ac1
Fermi_E,main_and_supplementary,Q_-1,2330,100,-1,train,42,within_Cn_target_quantile_isomer_80_20_seed42,ff9e14d55bd89c537eae826a0d45ad2c300a95a1b84162d89315f96e276a8ac1
Fermi_E,main_and_supplementary,Q_-1,2331,100,-1,train,42,within_Cn_target_quantile_isomer_80_20_seed42,ff9e14d55bd89c537eae826a0d45ad2c300a95a1b84162d89315f96e276a8ac1
Fermi_E,main_and_supplementary,Q_-1,2332,100,-1,train,42,within_Cn_target_quantile_isomer_80_20_seed42,ff9e14d55bd89c537eae826a0d45ad2c300a95a1b84162d89315f96e276a8ac1
Fermi_E,main_and_supplementary,Q_-1,2333,100,-1,train,42,within_Cn_target_quantile_isomer_80_20_seed42,ff9e14d55bd89c537eae826a0d45ad2c300a95a1b84162d89315f96e276a8ac1
Fermi_E,main_and_supplementary,Q_-1,2334,100,-1,train,42,within_Cn_target_quantile_isomer_80_20_seed42,ff9e14d55bd89c537eae826a0d45ad2c300a95a1b84162d89315f96e276a8ac1
Fermi_E,main_and_supplementary,Q_-1,2335,100,-1,train,42,within_Cn_target_quantile_isomer_80_20_seed42,ff9e14d55bd89c537eae826a0d45ad2c300a95a1b84162d89315f96e276a8ac1
Fermi_E,main_and_supplementary,Q_-1,2336,100,-1,train,42,within_Cn_target_quantile_isomer_80_20_seed42,ff9e14d55bd89c537eae826a0d45ad2c300a95a1b84162d89315f96e276a8ac1
Fermi_E,main_and_supplementary,Q_-1,2337,100,-1,train,42,within_Cn_target_quantile_isomer_80_20_seed42,ff9e14d55bd89c537eae826a0d45ad2c300a95a1b84162d89315f96e276a8ac1
Fermi_E,main_and_supplementary,Q_-1,2338,100,-1,train,42,within_Cn_target_quantile_isomer_80_20_seed42,ff9e14d55bd89c537eae826a0d45ad2c300a95a1b84162d89315f96e276a8ac1
Fermi_E,main_and_supplementary,Q_-1,2339,100,-1,train,42,within_Cn_target_quantile_isomer_80_20_seed42,ff9e14d55bd89c537eae826a0d45ad2c300a95a1b84162d89315f96e276a8ac1
Fermi_E,main_and_supplementary,Q_-1,2340,100,-1,train,42,within_Cn_target_quantile_isomer_80_20_seed42,ff9e14d55bd89c537eae826a0d45ad2c300a95a1b84162d89315f96e276a8ac1
Fermi_E,main_and_supplementary,Q_-1,2342,100,-1,train,42,within_Cn_target_quantile_isomer_80_20_seed42,ff9e14d55bd89c537eae826a0d45ad2c300a95a1b84162d89315f96e276a8ac1
Fermi_E,main_and_supplementary,Q_-1,2343,100,-1,train,42,within_Cn_target_quantile_isomer_80_20_seed42,ff9e14d55bd89c537eae826a0d45ad2c300a95a1b84162d89315f96e276a8ac1
Fermi_E,main_and_supplementary,Q_-1,2344,100,-1,train,42,within_Cn_target_quantile_isomer_80_20_seed42,ff9e14d55bd89c537eae826a0d45ad2c300a95a1b84162d89315f96e276a8ac1
Fermi_E,main_and_supplementary,Q_-1,2346,100,-1,train,42,within_Cn_target_quantile_isomer_80_20_seed42,ff9e14d55bd89c537eae826a0d45ad2c300a95a1b84162d89315f96e276a8ac1
Fermi_E,main_and_supplementary,Q_-1,2347,100,-1,train,42,within_Cn_target_quantile_isomer_80_20_seed42,ff9e14d55bd89c537eae826a0d45ad2c300a95a1b84162d89315f96e276a8ac1
Fermi_E,main_and_supplementary,Q_-1,2348,100,-1,train,42,within_Cn_target_quantile_isomer_80_20_seed42,ff9e14d55bd89c537eae826a0d45ad2c300a95a1b84162d89315f96e276a8ac1
Fermi_E,main_and_supplementary,Q_-1,2349,100,-1,train,42,within_Cn_target_quantile_isomer_80_20_seed42,ff9e14d55bd89c537eae826a0d45ad2c300a95a1b84162d89315f96e276a8ac1
Fermi_E,main_and_supplementary,Q_-1,2350,100,-1,train,42,within_Cn_target_quantile_isomer_80_20_seed42,ff9e14d55bd89c537eae826a0d45ad2c300a95a1b84162d89315f96e276a8ac1
Fermi_E,main_and_supplementary,Q_-1,2352,100,-1,train,42,within_Cn_target_quantile_isomer_80_20_seed42,ff9e14d55bd89c537eae826a0d45ad2c300a95a1b84162d89315f96e276a8ac1
Fermi_E,main_and_supplementary,Q_-1,2355,100,-1,train,42,within_Cn_target_quantile_isomer_80_20_seed42,ff9e14d55bd89c537eae826a0d45ad2c300a95a1b84162d89315f96e276a8ac1
Fermi_E,main_and_supplementary,Q_-1,2356,100,-1,train,42,within_Cn_target_quantile_isomer_80_20_seed42,ff9e14d55bd89c537eae826a0d45ad2c300a95a1b84162d89315f96e276a8ac1
Fermi_E,main_and_supplementary,Q_-1,2357,100,-1,train,42,within_Cn_target_quantile_isomer_80_20_seed42,ff9e14d55bd89c537eae826a0d45ad2c300a95a1b84162d89315f96e276a8ac1
Fermi_E,main_and_supplementary,Q_-1,2358,100,-1,train,42,within_Cn_target_quantile_isomer_80_20_seed42,ff9e14d55bd89c537eae826a0d45ad2c300a95a1b84162d89315f96e276a8ac1
Fermi_E,main_and_supplementary,Q_-1,2359,100,-1,train,42,within_Cn_target_quantile_isomer_80_20_seed42,ff9e14d55bd89c537eae826a0d45ad2c300a95a1b84162d89315f96e276a8ac1
Fermi_E,main_and_supplementary,Q_-1,2360,100,-1,train,42,within_Cn_target_quantile_isomer_80_20_seed42,ff9e14d55bd89c537eae826a0d45ad2c300a95a1b84162d89315f96e276a8ac1
Fermi_E,main_and_supplementary,Q_-1,2361,100,-1,train,42,within_Cn_target_quantile_isomer_80_20_seed42,ff9e14d55bd89c537eae826a0d45ad2c300a95a1b84162d89315f96e276a8ac1
Fermi_E,main_and_supplementary,Q_-1,2362,100,-1,train,42,within_Cn_target_quantile_isomer_80_20_seed42,ff9e14d55bd89c537eae826a0d45ad2c300a95a1b84162d89315f96e276a8ac1
Fermi_E,main_and_supplementary,Q_-1,2363,100,-1,train,42,within_Cn_target_quantile_isomer_80_20_seed42,ff9e14d55bd89c537eae826a0d45ad2c300a95a1b84162d89315f96e276a8ac1
Fermi_E,main_and_supplementary,Q_-1,2364,100,-1,train,42,within_Cn_target_quantile_isomer_80_20_seed42,ff9e14d55bd89c537eae826a0d45ad2c300a95a1b84162d89315f96e276a8ac1
Fermi_E,main_and_supplementary,Q_-1,2365,100,-1,train,42,within_Cn_target_quantile_isomer_80_20_seed42,ff9e14d55bd89c537eae826a0d45ad2c300a95a1b84162d89315f96e276a8ac1
Fermi_E,main_and_supplementary,Q_-1,2366,100,-1,train,42,within_Cn_target_quantile_isomer_80_20_seed42,ff9e14d55bd89c537eae826a0d45ad2c300a95a1b84162d89315f96e276a8ac1
Fermi_E,main_and_supplementary,Q_-1,2367,100,-1,train,42,within_Cn_target_quantile_isomer_80_20_seed42,ff9e14d55bd89c537eae826a0d45ad2c300a95a1b84162d89315f96e276a8ac1
Fermi_E,main_and_supplementary,Q_-1,2369,100,-1,train,42,within_Cn_target_quantile_isomer_80_20_seed42,ff9e14d55bd89c537eae826a0d45ad2c300a95a1b84162d89315f96e276a8ac1
Fermi_E,main_and_supplementary,Q_-1,2370,100,-1,train,42,within_Cn_target_quantile_isomer_80_20_seed42,ff9e14d55bd89c537eae826a0d45ad2c300a95a1b84162d89315f96e276a8ac1
Fermi_E,main_and_supplementary,Q_-1,2372,100,-1,train,42,within_Cn_target_quantile_isomer_80_20_seed42,ff9e14d55bd89c537eae826a0d45ad2c300a95a1b84162d89315f96e276a8ac1
Fermi_E,main_and_supplementary,Q_-1,2373,100,-1,train,42,within_Cn_target_quantile_isomer_80_20_seed42,ff9e14d55bd89c537eae826a0d45ad2c300a95a1b84162d89315f96e276a8ac1
Fermi_E,main_and_supplementary,Q_-1,2374,100,-1,train,42,within_Cn_target_quantile_isomer_80_20_seed42,ff9e14d55bd89c537eae826a0d45ad2c300a95a1b84162d89315f96e276a8ac1
Fermi_E,main_and_supplementary,Q_-1,2375,100,-1,train,42,within_Cn_target_quantile_isomer_80_20_seed42,ff9e14d55bd89c537eae826a0d45ad2c300a95a1b84162d89315f96e276a8ac1
Fermi_E,main_and_supplementary,Q_-1,2376,100,-1,train,42,within_Cn_target_quantile_isomer_80_20_seed42,ff9e14d55bd89c537eae826a0d45ad2c300a95a1b84162d89315f96e276a8ac1
Fermi_E,main_and_supplementary,Q_-1,2377,100,-1,train,42,within_Cn_target_quantile_isomer_80_20_seed42,ff9e14d55bd89c537eae826a0d45ad2c300a95a1b84162d89315f96e276a8ac1
Fermi_E,main_and_supplementary,Q_-1,2378,100,-1,train,42,within_Cn_target_quantile_isomer_80_20_seed42,ff9e14d55bd89c537eae826a0d45ad2c300a95a1b84162d89315f96e276a8ac1
Fermi_E,main_and_supplementary,Q_-1,2379,100,-1,train,42,within_Cn_target_quantile_isomer_80_20_seed42,ff9e14d55bd89c537eae826a0d45ad2c300a95a1b84162d89315f96e276a8ac1
Fermi_E,main_and_supplementary,Q_-1,2380,100,-1,train,42,within_Cn_target_quantile_isomer_80_20_seed42,ff9e14d55bd89c537eae826a0d45ad2c300a95a1b84162d89315f96e276a8ac1
Fermi_E,main_and_supplementary,Q_-1,2381,100,-1,train,42,within_Cn_target_quantile_isomer_80_20_seed42,ff9e14d55bd89c537eae826a0d45ad2c300a95a1b84162d89315f96e276a8ac1
Fermi_E,main_and_supplementary,Q_-1,2382,100,-1,train,42,within_Cn_target_quantile_isomer_80_20_seed42,ff9e14d55bd89c537eae826a0d45ad2c300a95a1b84162d89315f96e276a8ac1
Fermi_E,main_and_supplementary,Q_-1,2383,100,-1,train,42,within_Cn_target_quantile_isomer_80_20_seed42,ff9e14d55bd89c537eae826a0d45ad2c300a95a1b84162d89315f96e276a8ac1
Fermi_E,main_and_supplementary,Q_-1,2384,100,-1,train,42,within_Cn_target_quantile_isomer_80_20_seed42,ff9e14d55bd89c537eae826a0d45ad2c300a95a1b84162d89315f96e276a8ac1
Fermi_E,main_and_supplementary,Q_-1,2385,100,-1,train,42,within_Cn_target_quantile_isomer_80_20_seed42,ff9e14d55bd89c537eae826a0d45ad2c300a95a1b84162d89315f96e276a8ac1
Fermi_E,main_and_supplementary,Q_-1,2387,100,-1,train,42,within_Cn_target_quantile_isomer_80_20_seed42,ff9e14d55bd89c537eae826a0d45ad2c300a95a1b84162d89315f96e276a8ac1
Fermi_E,main_and_supplementary,Q_-1,2388,100,-1,train,42,within_Cn_target_quantile_isomer_80_20_seed42,ff9e14d55bd89c537eae826a0d45ad2c300a95a1b84162d89315f96e276a8ac1
Fermi_E,main_and_supplementary,Q_-1,2391,100,-1,train,42,within_Cn_target_quantile_isomer_80_20_seed42,ff9e14d55bd89c537eae826a0d45ad2c300a95a1b84162d89315f96e276a8ac1
Fermi_E,main_and_supplementary,Q_-1,2392,100,-1,train,42,within_Cn_target_quantile_isomer_80_20_seed42,ff9e14d55bd89c537eae826a0d45ad2c300a95a1b84162d89315f96e276a8ac1
Fermi_E,main_and_supplementary,Q_-1,2393,100,-1,train,42,within_Cn_target_quantile_isomer_80_20_seed42,ff9e14d55bd89c537eae826a0d45ad2c300a95a1b84162d89315f96e276a8ac1
Fermi_E,main_and_supplementary,Q_-1,2395,100,-1,train,42,within_Cn_target_quantile_isomer_80_20_seed42,ff9e14d55bd89c537eae826a0d45ad2c300a95a1b84162d89315f96e276a8ac1
Fermi_E,main_and_supplementary,Q_-1,2396,100,-1,train,42,within_Cn_target_quantile_isomer_80_20_seed42,ff9e14d55bd89c537eae826a0d45ad2c300a95a1b84162d89315f96e276a8ac1
Fermi_E,main_and_supplementary,Q_-1,2397,100,-1,train,42,within_Cn_target_quantile_isomer_80_20_seed42,ff9e14d55bd89c537eae826a0d45ad2c300a95a1b84162d89315f96e276a8ac1
Fermi_E,main_and_supplementary,Q_-1,2398,100,-1,train,42,within_Cn_target_quantile_isomer_80_20_seed42,ff9e14d55bd89c537eae826a0d45ad2c300a95a1b84162d89315f96e276a8ac1
Fermi_E,main_and_supplementary,Q_-1,2399,100,-1,train,42,within_Cn_target_quantile_isomer_80_20_seed42,ff9e14d55bd89c537eae826a0d45ad2c300a95a1b84162d89315f96e276a8ac1
Fermi_E,main_and_supplementary,Q_-1,2401,100,-1,train,42,within_Cn_target_quantile_isomer_80_20_seed42,ff9e14d55bd89c537eae826a0d45ad2c300a95a1b84162d89315f96e276a8ac1
Fermi_E,main_and_supplementary,Q_-1,2402,100,-1,train,42,within_Cn_target_quantile_isomer_80_20_seed42,ff9e14d55bd89c537eae826a0d45ad2c300a95a1b84162d89315f96e276a8ac1
Fermi_E,main_and_supplementary,Q_-1,2403,100,-1,train,42,within_Cn_target_quantile_isomer_80_20_seed42,ff9e14d55bd89c537eae826a0d45ad2c300a95a1b84162d89315f96e276a8ac1
Fermi_E,main_and_supplementary,Q_-1,2404,100,-1,train,42,within_Cn_target_quantile_isomer_80_20_seed42,ff9e14d55bd89c537eae826a0d45ad2c300a95a1b84162d89315f96e276a8ac1
Fermi_E,main_and_supplementary,Q_-1,2405,100,-1,train,42,within_Cn_target_quantile_isomer_80_20_seed42,ff9e14d55bd89c537eae826a0d45ad2c300a95a1b84162d89315f96e276a8ac1
Fermi_E,main_and_supplementary,Q_-1,2406,100,-1,train,42,within_Cn_target_quantile_isomer_80_20_seed42,ff9e14d55bd89c537eae826a0d45ad2c300a95a1b84162d89315f96e276a8ac1
Fermi_E,main_and_supplementary,Q_-1,2409,100,-1,train,42,within_Cn_target_quantile_isomer_80_20_seed42,ff9e14d55bd89c537eae826a0d45ad2c300a95a1b84162d89315f96e276a8ac1
Fermi_E,main_and_supplementary,Q_-1,2410,100,-1,train,42,within_Cn_target_quantile_isomer_80_20_seed42,ff9e14d55bd89c537eae826a0d45ad2c300a95a1b84162d89315f96e276a8ac1
Fermi_E,main_and_supplementary,Q_-1,2413,100,-1,train,42,within_Cn_target_quantile_isomer_80_20_seed42,ff9e14d55bd89c537eae826a0d45ad2c300a95a1b84162d89315f96e276a8ac1
Fermi_E,main_and_supplementary,Q_-1,2414,100,-1,train,42,within_Cn_target_quantile_isomer_80_20_seed42,ff9e14d55bd89c537eae826a0d45ad2c300a95a1b84162d89315f96e276a8ac1
Fermi_E,main_and_supplementary,Q_-1,2416,100,-1,train,42,within_Cn_target_quantile_isomer_80_20_seed42,ff9e14d55bd89c537eae826a0d45ad2c300a95a1b84162d89315f96e276a8ac1
Fermi_E,main_and_supplementary,Q_-1,2417,100,-1,train,42,within_Cn_target_quantile_isomer_80_20_seed42,ff9e14d55bd89c537eae826a0d45ad2c300a95a1b84162d89315f96e276a8ac1
Fermi_E,main_and_supplementary,Q_-1,2421,100,-1,train,42,within_Cn_target_quantile_isomer_80_20_seed42,ff9e14d55bd89c537eae826a0d45ad2c300a95a1b84162d89315f96e276a8ac1
Fermi_E,main_and_supplementary,Q_-1,2422,100,-1,train,42,within_Cn_target_quantile_isomer_80_20_seed42,ff9e14d55bd89c537eae826a0d45ad2c300a95a1b84162d89315f96e276a8ac1
Fermi_E,main_and_supplementary,Q_-1,2424,100,-1,train,42,within_Cn_target_quantile_isomer_80_20_seed42,ff9e14d55bd89c537eae826a0d45ad2c300a95a1b84162d89315f96e276a8ac1
Fermi_E,main_and_supplementary,Q_-1,2425,100,-1,train,42,within_Cn_target_quantile_isomer_80_20_seed42,ff9e14d55bd89c537eae826a0d45ad2c300a95a1b84162d89315f96e276a8ac1
Fermi_E,main_and_supplementary,Q_-1,2426,100,-1,train,42,within_Cn_target_quantile_isomer_80_20_seed42,ff9e14d55bd89c537eae826a0d45ad2c300a95a1b84162d89315f96e276a8ac1
Fermi_E,main_and_supplementary,Q_-1,2427,100,-1,train,42,within_Cn_target_quantile_isomer_80_20_seed42,ff9e14d55bd89c537eae826a0d45ad2c300a95a1b84162d89315f96e276a8ac1
Fermi_E,main_and_supplementary,Q_-1,2428,100,-1,train,42,within_Cn_target_quantile_isomer_80_20_seed42,ff9e14d55bd89c537eae826a0d45ad2c300a95a1b84162d89315f96e276a8ac1
Fermi_E,main_and_supplementary,Q_-1,2430,100,-1,train,42,within_Cn_target_quantile_isomer_80_20_seed42,ff9e14d55bd89c537eae826a0d45ad2c300a95a1b84162d89315f96e276a8ac1
Fermi_E,main_and_supplementary,Q_-1,2431,100,-1,train,42,within_Cn_target_quantile_isomer_80_20_seed42,ff9e14d55bd89c537eae826a0d45ad2c300a95a1b84162d89315f96e276a8ac1
Fermi_E,main_and_supplementary,Q_-1,2433,100,-1,train,42,within_Cn_target_quantile_isomer_80_20_seed42,ff9e14d55bd89c537eae826a0d45ad2c300a95a1b84162d89315f96e276a8ac1
Fermi_E,main_and_supplementary,Q_-1,2434,100,-1,train,42,within_Cn_target_quantile_isomer_80_20_seed42,ff9e14d55bd89c537eae826a0d45ad2c300a95a1b84162d89315f96e276a8ac1
Fermi_E,main_and_supplementary,Q_-1,2435,100,-1,train,42,within_Cn_target_quantile_isomer_80_20_seed42,ff9e14d55bd89c537eae826a0d45ad2c300a95a1b84162d89315f96e276a8ac1
Fermi_E,main_and_supplementary,Q_-1,2436,100,-1,train,42,within_Cn_target_quantile_isomer_80_20_seed42,ff9e14d55bd89c537eae826a0d45ad2c300a95a1b84162d89315f96e276a8ac1
Fermi_E,main_and_supplementary,Q_-1,2438,100,-1,train,42,within_Cn_target_quantile_isomer_80_20_seed42,ff9e14d55bd89c537eae826a0d45ad2c300a95a1b84162d89315f96e276a8ac1
Fermi_E,main_and_supplementary,Q_-1,2439,100,-1,train,42,within_Cn_target_quantile_isomer_80_20_seed42,ff9e14d55bd89c537eae826a0d45ad2c300a95a1b84162d89315f96e276a8ac1
Fermi_E,main_and_supplementary,Q_-1,2440,100,-1,train,42,within_Cn_target_quantile_isomer_80_20_seed42,ff9e14d55bd89c537eae826a0d45ad2c300a95a1b84162d89315f96e276a8ac1
Fermi_E,main_and_supplementary,Q_-1,2442,100,-1,train,42,within_Cn_target_quantile_isomer_80_20_seed42,ff9e14d55bd89c537eae826a0d45ad2c300a95a1b84162d89315f96e276a8ac1
Fermi_E,main_and_supplementary,Q_-1,2443,100,-1,train,42,within_Cn_target_quantile_isomer_80_20_seed42,ff9e14d55bd89c537eae826a0d45ad2c300a95a1b84162d89315f96e276a8ac1
Fermi_E,main_and_supplementary,Q_-1,2446,100,-1,train,42,within_Cn_target_quantile_isomer_80_20_seed42,ff9e14d55bd89c537eae826a0d45ad2c300a95a1b84162d89315f96e276a8ac1
Fermi_E,main_and_supplementary,Q_-1,2447,100,-1,train,42,within_Cn_target_quantile_isomer_80_20_seed42,ff9e14d55bd89c537eae826a0d45ad2c300a95a1b84162d89315f96e276a8ac1
Fermi_E,main_and_supplementary,Q_-1,2448,100,-1,train,42,within_Cn_target_quantile_isomer_80_20_seed42,ff9e14d55bd89c537eae826a0d45ad2c300a95a1b84162d89315f96e276a8ac1
Fermi_E,main_and_supplementary,Q_-1,2449,100,-1,train,42,within_Cn_target_quantile_isomer_80_20_seed42,ff9e14d55bd89c537eae826a0d45ad2c300a95a1b84162d89315f96e276a8ac1
Fermi_E,main_and_supplementary,Q_-1,2450,100,-1,train,42,within_Cn_target_quantile_isomer_80_20_seed42,ff9e14d55bd89c537eae826a0d45ad2c300a95a1b84162d89315f96e276a8ac1
Fermi_E,main_and_supplementary,Q_-1,2451,100,-1,train,42,within_Cn_target_quantile_isomer_80_20_seed42,ff9e14d55bd89c537eae826a0d45ad2c300a95a1b84162d89315f96e276a8ac1
Fermi_E,main_and_supplementary,Q_-1,2452,100,-1,train,42,within_Cn_target_quantile_isomer_80_20_seed42,ff9e14d55bd89c537eae826a0d45ad2c300a95a1b84162d89315f96e276a8ac1
Fermi_E,main_and_supplementary,Q_-1,2453,100,-1,train,42,within_Cn_target_quantile_isomer_80_20_seed42,ff9e14d55bd89c537eae826a0d45ad2c300a95a1b84162d89315f96e276a8ac1
Fermi_E,main_and_supplementary,Q_-1,2454,100,-1,train,42,within_Cn_target_quantile_isomer_80_20_seed42,ff9e14d55bd89c537eae826a0d45ad2c300a95a1b84162d89315f96e276a8ac1
Fermi_E,main_and_supplementary,Q_-1,2455,100,-1,train,42,within_Cn_target_quantile_isomer_80_20_seed42,ff9e14d55bd89c537eae826a0d45ad2c300a95a1b84162d89315f96e276a8ac1
Fermi_E,main_and_supplementary,Q_-1,2456,100,-1,train,42,within_Cn_target_quantile_isomer_80_20_seed42,ff9e14d55bd89c537eae826a0d45ad2c300a95a1b84162d89315f96e276a8ac1
Fermi_E,main_and_supplementary,Q_-1,2457,100,-1,train,42,within_Cn_target_quantile_isomer_80_20_seed42,ff9e14d55bd89c537eae826a0d45ad2c300a95a1b84162d89315f96e276a8ac1
Fermi_E,main_and_supplementary,Q_-1,2458,100,-1,train,42,within_Cn_target_quantile_isomer_80_20_seed42,ff9e14d55bd89c537eae826a0d45ad2c300a95a1b84162d89315f96e276a8ac1
Fermi_E,main_and_supplementary,Q_-1,2459,100,-1,train,42,within_Cn_target_quantile_isomer_80_20_seed42,ff9e14d55bd89c537eae826a0d45ad2c300a95a1b84162d89315f96e276a8ac1
Fermi_E,main_and_supplementary,Q_-1,2460,100,-1,train,42,within_Cn_target_quantile_isomer_80_20_seed42,ff9e14d55bd89c537eae826a0d45ad2c300a95a1b84162d89315f96e276a8ac1
Fermi_E,main_and_supplementary,Q_-1,2461,100,-1,train,42,within_Cn_target_quantile_isomer_80_20_seed42,ff9e14d55bd89c537eae826a0d45ad2c300a95a1b84162d89315f96e276a8ac1
Fermi_E,main_and_supplementary,Q_-1,2463,100,-1,train,42,within_Cn_target_quantile_isomer_80_20_seed42,ff9e14d55bd89c537eae826a0d45ad2c300a95a1b84162d89315f96e276a8ac1
Fermi_E,main_and_supplementary,Q_-1,2464,100,-1,train,42,within_Cn_target_quantile_isomer_80_20_seed42,ff9e14d55bd89c537eae826a0d45ad2c300a95a1b84162d89315f96e276a8ac1
Fermi_E,main_and_supplementary,Q_-1,2465,100,-1,train,42,within_Cn_target_quantile_isomer_80_20_seed42,ff9e14d55bd89c537eae826a0d45ad2c300a95a1b84162d89315f96e276a8ac1
Fermi_E,main_and_supplementary,Q_-1,2466,100,-1,train,42,within_Cn_target_quantile_isomer_80_20_seed42,ff9e14d55bd89c537eae826a0d45ad2c300a95a1b84162d89315f96e276a8ac1
Fermi_E,main_and_supplementary,Q_-1,2467,100,-1,train,42,within_Cn_target_quantile_isomer_80_20_seed42,ff9e14d55bd89c537eae826a0d45ad2c300a95a1b84162d89315f96e276a8ac1
Fermi_E,main_and_supplementary,Q_-1,2468,100,-1,train,42,within_Cn_target_quantile_isomer_80_20_seed42,ff9e14d55bd89c537eae826a0d45ad2c300a95a1b84162d89315f96e276a8ac1
Fermi_E,main_and_supplementary,Q_-1,2469,100,-1,train,42,within_Cn_target_quantile_isomer_80_20_seed42,ff9e14d55bd89c537eae826a0d45ad2c300a95a1b84162d89315f96e276a8ac1
Fermi_E,main_and_supplementary,Q_-1,2470,100,-1,train,42,within_Cn_target_quantile_isomer_80_20_seed42,ff9e14d55bd89c537eae826a0d45ad2c300a95a1b84162d89315f96e276a8ac1
Fermi_E,main_and_supplementary,Q_-1,2471,100,-1,train,42,within_Cn_target_quantile_isomer_80_20_seed42,ff9e14d55bd89c537eae826a0d45ad2c300a95a1b84162d89315f96e276a8ac1
Fermi_E,main_and_supplementary,Q_-1,2473,100,-1,train,42,within_Cn_target_quantile_isomer_80_20_seed42,ff9e14d55bd89c537eae826a0d45ad2c300a95a1b84162d89315f96e276a8ac1
Fermi_E,main_and_supplementary,Q_-1,2474,100,-1,train,42,within_Cn_target_quantile_isomer_80_20_seed42,ff9e14d55bd89c537eae826a0d45ad2c300a95a1b84162d89315f96e276a8ac1
Fermi_E,main_and_supplementary,Q_-1,2475,100,-1,train,42,within_Cn_target_quantile_isomer_80_20_seed42,ff9e14d55bd89c537eae826a0d45ad2c300a95a1b84162d89315f96e276a8ac1
Fermi_E,main_and_supplementary,Q_-1,2478,100,-1,train,42,within_Cn_target_quantile_isomer_80_20_seed42,ff9e14d55bd89c537eae826a0d45ad2c300a95a1b84162d89315f96e276a8ac1
Fermi_E,main_and_supplementary,Q_-1,2479,100,-1,train,42,within_Cn_target_quantile_isomer_80_20_seed42,ff9e14d55bd89c537eae826a0d45ad2c300a95a1b84162d89315f96e276a8ac1
Fermi_E,main_and_supplementary,Q_-1,2480,100,-1,train,42,within_Cn_target_quantile_isomer_80_20_seed42,ff9e14d55bd89c537eae826a0d45ad2c300a95a1b84162d89315f96e276a8ac1
Fermi_E,main_and_supplementary,Q_-1,2481,180,-1,train,42,within_Cn_target_quantile_isomer_80_20_seed42,ff9e14d55bd89c537eae826a0d45ad2c300a95a1b84162d89315f96e276a8ac1
Fermi_E,main_and_supplementary,Q_-1,2482,240,-1,train,42,within_Cn_target_quantile_isomer_80_20_seed42,ff9e14d55bd89c537eae826a0d45ad2c300a95a1b84162d89315f96e276a8ac1
Fermi_E,main_and_supplementary,Q_-1,2483,260,-1,train,42,within_Cn_target_quantile_isomer_80_20_seed42,ff9e14d55bd89c537eae826a0d45ad2c300a95a1b84162d89315f96e276a8ac1
Fermi_E,main_and_supplementary,Q_-1,2484,320,-1,train,42,within_Cn_target_quantile_isomer_80_20_seed42,ff9e14d55bd89c537eae826a0d45ad2c300a95a1b84162d89315f96e276a8ac1
Fermi_E,main_and_supplementary,Q_-1,2485,500,-1,train,42,within_Cn_target_quantile_isomer_80_20_seed42,ff9e14d55bd89c537eae826a0d45ad2c300a95a1b84162d89315f96e276a8ac1
Fermi_E,main_and_supplementary,Q_-1,2486,540,-1,train,42,within_Cn_target_quantile_isomer_80_20_seed42,ff9e14d55bd89c537eae826a0d45ad2c300a95a1b84162d89315f96e276a8ac1
Fermi_E,main_and_supplementary,Q_-1,2487,720,-1,train,42,within_Cn_target_quantile_isomer_80_20_seed42,ff9e14d55bd89c537eae826a0d45ad2c300a95a1b84162d89315f96e276a8ac1
Fermi_E,main_and_supplementary,Q_-1,5,28,-1,test,42,within_Cn_target_quantile_isomer_80_20_seed42,49228dd8187e4d064168b21650b25e7d39a41971515ea637e8871f716874e48d
Fermi_E,main_and_supplementary,Q_-1,6,30,-1,test,42,within_Cn_target_quantile_isomer_80_20_seed42,49228dd8187e4d064168b21650b25e7d39a41971515ea637e8871f716874e48d
Fermi_E,main_and_supplementary,Q_-1,9,32,-1,test,42,within_Cn_target_quantile_isomer_80_20_seed42,49228dd8187e4d064168b21650b25e7d39a41971515ea637e8871f716874e48d
Fermi_E,main_and_supplementary,Q_-1,10,32,-1,test,42,within_Cn_target_quantile_isomer_80_20_seed42,49228dd8187e4d064168b21650b25e7d39a41971515ea637e8871f716874e48d
Fermi_E,main_and_supplementary,Q_-1,14,32,-1,test,42,within_Cn_target_quantile_isomer_80_20_seed42,49228dd8187e4d064168b21650b25e7d39a41971515ea637e8871f716874e48d
Fermi_E,main_and_supplementary,Q_-1,15,34,-1,test,42,within_Cn_target_quantile_isomer_80_20_seed42,49228dd8187e4d064168b21650b25e7d39a41971515ea637e8871f716874e48d
Fermi_E,main_and_supplementary,Q_-1,17,34,-1,test,42,within_Cn_target_quantile_isomer_80_20_seed42,49228dd8187e4d064168b21650b25e7d39a41971515ea637e8871f716874e48d
Fermi_E,main_and_supplementary,Q_-1,18,34,-1,test,42,within_Cn_target_quantile_isomer_80_20_seed42,49228dd8187e4d064168b21650b25e7d39a41971515ea637e8871f716874e48d
Fermi_E,main_and_supplementary,Q_-1,24,36,-1,test,42,within_Cn_target_quantile_isomer_80_20_seed42,49228dd8187e4d064168b21650b25e7d39a41971515ea637e8871f716874e48d
Fermi_E,main_and_supplementary,Q_-1,28,36,-1,test,42,within_Cn_target_quantile_isomer_80_20_seed42,49228dd8187e4d064168b21650b25e7d39a41971515ea637e8871f716874e48d
Fermi_E,main_and_supplementary,Q_-1,29,36,-1,test,42,within_Cn_target_quantile_isomer_80_20_seed42,49228dd8187e4d064168b21650b25e7d39a41971515ea637e8871f716874e48d
Fermi_E,main_and_supplementary,Q_-1,30,36,-1,test,42,within_Cn_target_quantile_isomer_80_20_seed42,49228dd8187e4d064168b21650b25e7d39a41971515ea637e8871f716874e48d
Fermi_E,main_and_supplementary,Q_-1,32,36,-1,test,42,within_Cn_target_quantile_isomer_80_20_seed42,49228dd8187e4d064168b21650b25e7d39a41971515ea637e8871f716874e48d
Fermi_E,main_and_supplementary,Q_-1,37,38,-1,test,42,within_Cn_target_quantile_isomer_80_20_seed42,49228dd8187e4d064168b21650b25e7d39a41971515ea637e8871f716874e48d
Fermi_E,main_and_supplementary,Q_-1,39,38,-1,test,42,within_Cn_target_quantile_isomer_80_20_seed42,49228dd8187e4d064168b21650b25e7d39a41971515ea637e8871f716874e48d
Fermi_E,main_and_supplementary,Q_-1,42,38,-1,test,42,within_Cn_target_quantile_isomer_80_20_seed42,49228dd8187e4d064168b21650b25e7d39a41971515ea637e8871f716874e48d
Fermi_E,main_and_supplementary,Q_-1,43,38,-1,test,42,within_Cn_target_quantile_isomer_80_20_seed42,49228dd8187e4d064168b21650b25e7d39a41971515ea637e8871f716874e48d
Fermi_E,main_and_supplementary,Q_-1,46,38,-1,test,42,within_Cn_target_quantile_isomer_80_20_seed42,49228dd8187e4d064168b21650b25e7d39a41971515ea637e8871f716874e48d
Fermi_E,main_and_supplementary,Q_-1,53,40,-1,test,42,within_Cn_target_quantile_isomer_80_20_seed42,49228dd8187e4d064168b21650b25e7d39a41971515ea637e8871f716874e48d
Fermi_E,main_and_supplementary,Q_-1,58,40,-1,test,42,within_Cn_target_quantile_isomer_80_20_seed42,49228dd8187e4d064168b21650b25e7d39a41971515ea637e8871f716874e48d
Fermi_E,main_and_supplementary,Q_-1,68,40,-1,test,42,within_Cn_target_quantile_isomer_80_20_seed42,49228dd8187e4d064168b21650b25e7d39a41971515ea637e8871f716874e48d
Fermi_E,main_and_supplementary,Q_-1,72,40,-1,test,42,within_Cn_target_quantile_isomer_80_20_seed42,49228dd8187e4d064168b21650b25e7d39a41971515ea637e8871f716874e48d
Fermi_E,main_and_supplementary,Q_-1,74,40,-1,test,42,within_Cn_target_quantile_isomer_80_20_seed42,49228dd8187e4d064168b21650b25e7d39a41971515ea637e8871f716874e48d
Fermi_E,main_and_supplementary,Q_-1,75,40,-1,test,42,within_Cn_target_quantile_isomer_80_20_seed42,49228dd8187e4d064168b21650b25e7d39a41971515ea637e8871f716874e48d
Fermi_E,main_and_supplementary,Q_-1,76,40,-1,test,42,within_Cn_target_quantile_isomer_80_20_seed42,49228dd8187e4d064168b21650b25e7d39a41971515ea637e8871f716874e48d
Fermi_E,main_and_supplementary,Q_-1,80,40,-1,test,42,within_Cn_target_quantile_isomer_80_20_seed42,49228dd8187e4d064168b21650b25e7d39a41971515ea637e8871f716874e48d
Fermi_E,main_and_supplementary,Q_-1,87,40,-1,test,42,within_Cn_target_quantile_isomer_80_20_seed42,49228dd8187e4d064168b21650b25e7d39a41971515ea637e8871f716874e48d
Fermi_E,main_and_supplementary,Q_-1,91,40,-1,test,42,within_Cn_target_quantile_isomer_80_20_seed42,49228dd8187e4d064168b21650b25e7d39a41971515ea637e8871f716874e48d
Fermi_E,main_and_supplementary,Q_-1,96,42,-1,test,42,within_Cn_target_quantile_isomer_80_20_seed42,49228dd8187e4d064168b21650b25e7d39a41971515ea637e8871f716874e48d
Fermi_E,main_and_supplementary,Q_-1,100,42,-1,test,42,within_Cn_target_quantile_isomer_80_20_seed42,49228dd8187e4d064168b21650b25e7d39a41971515ea637e8871f716874e48d
Fermi_E,main_and_supplementary,Q_-1,101,42,-1,test,42,within_Cn_target_quantile_isomer_80_20_seed42,49228dd8187e4d064168b21650b25e7d39a41971515ea637e8871f716874e48d
Fermi_E,main_and_supplementary,Q_-1,106,42,-1,test,42,within_Cn_target_quantile_isomer_80_20_seed42,49228dd8187e4d064168b21650b25e7d39a41971515ea637e8871f716874e48d
Fermi_E,main_and_supplementary,Q_-1,109,42,-1,test,42,within_Cn_target_quantile_isomer_80_20_seed42,49228dd8187e4d064168b21650b25e7d39a41971515ea637e8871f716874e48d
Fermi_E,main_and_supplementary,Q_-1,116,42,-1,test,42,within_Cn_target_quantile_isomer_80_20_seed42,49228dd8187e4d064168b21650b25e7d39a41971515ea637e8871f716874e48d
Fermi_E,main_and_supplementary,Q_-1,119,42,-1,test,42,within_Cn_target_quantile_isomer_80_20_seed42,49228dd8187e4d064168b21650b25e7d39a41971515ea637e8871f716874e48d
Fermi_E,main_and_supplementary,Q_-1,121,42,-1,test,42,within_Cn_target_quantile_isomer_80_20_seed42,49228dd8187e4d064168b21650b25e7d39a41971515ea637e8871f716874e48d
Fermi_E,main_and_supplementary,Q_-1,125,42,-1,test,42,within_Cn_target_quantile_isomer_80_20_seed42,49228dd8187e4d064168b21650b25e7d39a41971515ea637e8871f716874e48d
Fermi_E,main_and_supplementary,Q_-1,132,42,-1,test,42,within_Cn_target_quantile_isomer_80_20_seed42,49228dd8187e4d064168b21650b25e7d39a41971515ea637e8871f716874e48d
Fermi_E,main_and_supplementary,Q_-1,142,44,-1,test,42,within_Cn_target_quantile_isomer_80_20_seed42,49228dd8187e4d064168b21650b25e7d39a41971515ea637e8871f716874e48d
Fermi_E,main_and_supplementary,Q_-1,150,44,-1,test,42,within_Cn_target_quantile_isomer_80_20_seed42,49228dd8187e4d064168b21650b25e7d39a41971515ea637e8871f716874e48d
Fermi_E,main_and_supplementary,Q_-1,154,44,-1,test,42,within_Cn_target_quantile_isomer_80_20_seed42,49228dd8187e4d064168b21650b25e7d39a41971515ea637e8871f716874e48d
Fermi_E,main_and_supplementary,Q_-1,157,44,-1,test,42,within_Cn_target_quantile_isomer_80_20_seed42,49228dd8187e4d064168b21650b25e7d39a41971515ea637e8871f716874e48d
Fermi_E,main_and_supplementary,Q_-1,158,44,-1,test,42,within_Cn_target_quantile_isomer_80_20_seed42,49228dd8187e4d064168b21650b25e7d39a41971515ea637e8871f716874e48d
Fermi_E,main_and_supplementary,Q_-1,161,44,-1,test,42,within_Cn_target_quantile_isomer_80_20_seed42,49228dd8187e4d064168b21650b25e7d39a41971515ea637e8871f716874e48d
Fermi_E,main_and_supplementary,Q_-1,164,44,-1,test,42,within_Cn_target_quantile_isomer_80_20_seed42,49228dd8187e4d064168b21650b25e7d39a41971515ea637e8871f716874e48d
Fermi_E,main_and_supplementary,Q_-1,169,44,-1,test,42,within_Cn_target_quantile_isomer_80_20_seed42,49228dd8187e4d064168b21650b25e7d39a41971515ea637e8871f716874e48d
Fermi_E,main_and_supplementary,Q_-1,172,44,-1,test,42,within_Cn_target_quantile_isomer_80_20_seed42,49228dd8187e4d064168b21650b25e7d39a41971515ea637e8871f716874e48d
Fermi_E,main_and_supplementary,Q_-1,177,44,-1,test,42,within_Cn_target_quantile_isomer_80_20_seed42,49228dd8187e4d064168b21650b25e7d39a41971515ea637e8871f716874e48d
Fermi_E,main_and_supplementary,Q_-1,178,44,-1,test,42,within_Cn_target_quantile_isomer_80_20_seed42,49228dd8187e4d064168b21650b25e7d39a41971515ea637e8871f716874e48d
Fermi_E,main_and_supplementary,Q_-1,181,44,-1,test,42,within_Cn_target_quantile_isomer_80_20_seed42,49228dd8187e4d064168b21650b25e7d39a41971515ea637e8871f716874e48d
Fermi_E,main_and_supplementary,Q_-1,186,44,-1,test,42,within_Cn_target_quantile_isomer_80_20_seed42,49228dd8187e4d064168b21650b25e7d39a41971515ea637e8871f716874e48d
Fermi_E,main_and_supplementary,Q_-1,187,44,-1,test,42,within_Cn_target_quantile_isomer_80_20_seed42,49228dd8187e4d064168b21650b25e7d39a41971515ea637e8871f716874e48d
Fermi_E,main_and_supplementary,Q_-1,190,44,-1,test,42,within_Cn_target_quantile_isomer_80_20_seed42,49228dd8187e4d064168b21650b25e7d39a41971515ea637e8871f716874e48d
Fermi_E,main_and_supplementary,Q_-1,193,44,-1,test,42,within_Cn_target_quantile_isomer_80_20_seed42,49228dd8187e4d064168b21650b25e7d39a41971515ea637e8871f716874e48d
Fermi_E,main_and_supplementary,Q_-1,197,44,-1,test,42,within_Cn_target_quantile_isomer_80_20_seed42,49228dd8187e4d064168b21650b25e7d39a41971515ea637e8871f716874e48d
Fermi_E,main_and_supplementary,Q_-1,204,44,-1,test,42,within_Cn_target_quantile_isomer_80_20_seed42,49228dd8187e4d064168b21650b25e7d39a41971515ea637e8871f716874e48d
Fermi_E,main_and_supplementary,Q_-1,207,44,-1,test,42,within_Cn_target_quantile_isomer_80_20_seed42,49228dd8187e4d064168b21650b25e7d39a41971515ea637e8871f716874e48d
Fermi_E,main_and_supplementary,Q_-1,227,46,-1,test,42,within_Cn_target_quantile_isomer_80_20_seed42,49228dd8187e4d064168b21650b25e7d39a41971515ea637e8871f716874e48d
Fermi_E,main_and_supplementary,Q_-1,230,46,-1,test,42,within_Cn_target_quantile_isomer_80_20_seed42,49228dd8187e4d064168b21650b25e7d39a41971515ea637e8871f716874e48d
Fermi_E,main_and_supplementary,Q_-1,237,46,-1,test,42,within_Cn_target_quantile_isomer_80_20_seed42,49228dd8187e4d064168b21650b25e7d39a41971515ea637e8871f716874e48d
Fermi_E,main_and_supplementary,Q_-1,239,46,-1,test,42,within_Cn_target_quantile_isomer_80_20_seed42,49228dd8187e4d064168b21650b25e7d39a41971515ea637e8871f716874e48d
Fermi_E,main_and_supplementary,Q_-1,241,46,-1,test,42,within_Cn_target_quantile_isomer_80_20_seed42,49228dd8187e4d064168b21650b25e7d39a41971515ea637e8871f716874e48d
Fermi_E,main_and_supplementary,Q_-1,247,46,-1,test,42,within_Cn_target_quantile_isomer_80_20_seed42,49228dd8187e4d064168b21650b25e7d39a41971515ea637e8871f716874e48d
Fermi_E,main_and_supplementary,Q_-1,250,46,-1,test,42,within_Cn_target_quantile_isomer_80_20_seed42,49228dd8187e4d064168b21650b25e7d39a41971515ea637e8871f716874e48d
Fermi_E,main_and_supplementary,Q_-1,253,46,-1,test,42,within_Cn_target_quantile_isomer_80_20_seed42,49228dd8187e4d064168b21650b25e7d39a41971515ea637e8871f716874e48d
Fermi_E,main_and_supplementary,Q_-1,258,46,-1,test,42,within_Cn_target_quantile_isomer_80_20_seed42,49228dd8187e4d064168b21650b25e7d39a41971515ea637e8871f716874e48d
Fermi_E,main_and_supplementary,Q_-1,261,46,-1,test,42,within_Cn_target_quantile_isomer_80_20_seed42,49228dd8187e4d064168b21650b25e7d39a41971515ea637e8871f716874e48d
Fermi_E,main_and_supplementary,Q_-1,262,46,-1,test,42,within_Cn_target_quantile_isomer_80_20_seed42,49228dd8187e4d064168b21650b25e7d39a41971515ea637e8871f716874e48d
Fermi_E,main_and_supplementary,Q_-1,270,46,-1,test,42,within_Cn_target_quantile_isomer_80_20_seed42,49228dd8187e4d064168b21650b25e7d39a41971515ea637e8871f716874e48d
Fermi_E,main_and_supplementary,Q_-1,284,46,-1,test,42,within_Cn_target_quantile_isomer_80_20_seed42,49228dd8187e4d064168b21650b25e7d39a41971515ea637e8871f716874e48d
Fermi_E,main_and_supplementary,Q_-1,287,46,-1,test,42,within_Cn_target_quantile_isomer_80_20_seed42,49228dd8187e4d064168b21650b25e7d39a41971515ea637e8871f716874e48d
Fermi_E,main_and_supplementary,Q_-1,303,46,-1,test,42,within_Cn_target_quantile_isomer_80_20_seed42,49228dd8187e4d064168b21650b25e7d39a41971515ea637e8871f716874e48d
Fermi_E,main_and_supplementary,Q_-1,312,46,-1,test,42,within_Cn_target_quantile_isomer_80_20_seed42,49228dd8187e4d064168b21650b25e7d39a41971515ea637e8871f716874e48d
Fermi_E,main_and_supplementary,Q_-1,317,46,-1,test,42,within_Cn_target_quantile_isomer_80_20_seed42,49228dd8187e4d064168b21650b25e7d39a41971515ea637e8871f716874e48d
Fermi_E,main_and_supplementary,Q_-1,318,46,-1,test,42,within_Cn_target_quantile_isomer_80_20_seed42,49228dd8187e4d064168b21650b25e7d39a41971515ea637e8871f716874e48d
Fermi_E,main_and_supplementary,Q_-1,322,46,-1,test,42,within_Cn_target_quantile_isomer_80_20_seed42,49228dd8187e4d064168b21650b25e7d39a41971515ea637e8871f716874e48d
Fermi_E,main_and_supplementary,Q_-1,325,46,-1,test,42,within_Cn_target_quantile_isomer_80_20_seed42,49228dd8187e4d064168b21650b25e7d39a41971515ea637e8871f716874e48d
Fermi_E,main_and_supplementary,Q_-1,329,46,-1,test,42,within_Cn_target_quantile_isomer_80_20_seed42,49228dd8187e4d064168b21650b25e7d39a41971515ea637e8871f716874e48d
Fermi_E,main_and_supplementary,Q_-1,331,46,-1,test,42,within_Cn_target_quantile_isomer_80_20_seed42,49228dd8187e4d064168b21650b25e7d39a41971515ea637e8871f716874e48d
Fermi_E,main_and_supplementary,Q_-1,332,46,-1,test,42,within_Cn_target_quantile_isomer_80_20_seed42,49228dd8187e4d064168b21650b25e7d39a41971515ea637e8871f716874e48d
Fermi_E,main_and_supplementary,Q_-1,336,46,-1,test,42,within_Cn_target_quantile_isomer_80_20_seed42,49228dd8187e4d064168b21650b25e7d39a41971515ea637e8871f716874e48d
Fermi_E,main_and_supplementary,Q_-1,338,46,-1,test,42,within_Cn_target_quantile_isomer_80_20_seed42,49228dd8187e4d064168b21650b25e7d39a41971515ea637e8871f716874e48d
Fermi_E,main_and_supplementary,Q_-1,353,48,-1,test,42,within_Cn_target_quantile_isomer_80_20_seed42,49228dd8187e4d064168b21650b25e7d39a41971515ea637e8871f716874e48d
Fermi_E,main_and_supplementary,Q_-1,356,48,-1,test,42,within_Cn_target_quantile_isomer_80_20_seed42,49228dd8187e4d064168b21650b25e7d39a41971515ea637e8871f716874e48d
Fermi_E,main_and_supplementary,Q_-1,357,48,-1,test,42,within_Cn_target_quantile_isomer_80_20_seed42,49228dd8187e4d064168b21650b25e7d39a41971515ea637e8871f716874e48d
Fermi_E,main_and_supplementary,Q_-1,359,48,-1,test,42,within_Cn_target_quantile_isomer_80_20_seed42,49228dd8187e4d064168b21650b25e7d39a41971515ea637e8871f716874e48d
Fermi_E,main_and_supplementary,Q_-1,370,48,-1,test,42,within_Cn_target_quantile_isomer_80_20_seed42,49228dd8187e4d064168b21650b25e7d39a41971515ea637e8871f716874e48d
Fermi_E,main_and_supplementary,Q_-1,371,48,-1,test,42,within_Cn_target_quantile_isomer_80_20_seed42,49228dd8187e4d064168b21650b25e7d39a41971515ea637e8871f716874e48d
Fermi_E,main_and_supplementary,Q_-1,379,48,-1,test,42,within_Cn_target_quantile_isomer_80_20_seed42,49228dd8187e4d064168b21650b25e7d39a41971515ea637e8871f716874e48d
Fermi_E,main_and_supplementary,Q_-1,387,48,-1,test,42,within_Cn_target_quantile_isomer_80_20_seed42,49228dd8187e4d064168b21650b25e7d39a41971515ea637e8871f716874e48d
Fermi_E,main_and_supplementary,Q_-1,398,48,-1,test,42,within_Cn_target_quantile_isomer_80_20_seed42,49228dd8187e4d064168b21650b25e7d39a41971515ea637e8871f716874e48d
Fermi_E,main_and_supplementary,Q_-1,401,48,-1,test,42,within_Cn_target_quantile_isomer_80_20_seed42,49228dd8187e4d064168b21650b25e7d39a41971515ea637e8871f716874e48d
Fermi_E,main_and_supplementary,Q_-1,403,48,-1,test,42,within_Cn_target_quantile_isomer_80_20_seed42,49228dd8187e4d064168b21650b25e7d39a41971515ea637e8871f716874e48d
Fermi_E,main_and_supplementary,Q_-1,405,48,-1,test,42,within_Cn_target_quantile_isomer_80_20_seed42,49228dd8187e4d064168b21650b25e7d39a41971515ea637e8871f716874e48d
Fermi_E,main_and_supplementary,Q_-1,406,48,-1,test,42,within_Cn_target_quantile_isomer_80_20_seed42,49228dd8187e4d064168b21650b25e7d39a41971515ea637e8871f716874e48d
Fermi_E,main_and_supplementary,Q_-1,421,48,-1,test,42,within_Cn_target_quantile_isomer_80_20_seed42,49228dd8187e4d064168b21650b25e7d39a41971515ea637e8871f716874e48d
Fermi_E,main_and_supplementary,Q_-1,426,48,-1,test,42,within_Cn_target_quantile_isomer_80_20_seed42,49228dd8187e4d064168b21650b25e7d39a41971515ea637e8871f716874e48d
Fermi_E,main_and_supplementary,Q_-1,429,48,-1,test,42,within_Cn_target_quantile_isomer_80_20_seed42,49228dd8187e4d064168b21650b25e7d39a41971515ea637e8871f716874e48d
Fermi_E,main_and_supplementary,Q_-1,431,48,-1,test,42,within_Cn_target_quantile_isomer_80_20_seed42,49228dd8187e4d064168b21650b25e7d39a41971515ea637e8871f716874e48d
Fermi_E,main_and_supplementary,Q_-1,434,48,-1,test,42,within_Cn_target_quantile_isomer_80_20_seed42,49228dd8187e4d064168b21650b25e7d39a41971515ea637e8871f716874e48d
Fermi_E,main_and_supplementary,Q_-1,440,48,-1,test,42,within_Cn_target_quantile_isomer_80_20_seed42,49228dd8187e4d064168b21650b25e7d39a41971515ea637e8871f716874e48d
Fermi_E,main_and_supplementary,Q_-1,453,48,-1,test,42,within_Cn_target_quantile_isomer_80_20_seed42,49228dd8187e4d064168b21650b25e7d39a41971515ea637e8871f716874e48d
Fermi_E,main_and_supplementary,Q_-1,454,48,-1,test,42,within_Cn_target_quantile_isomer_80_20_seed42,49228dd8187e4d064168b21650b25e7d39a41971515ea637e8871f716874e48d
Fermi_E,main_and_supplementary,Q_-1,461,48,-1,test,42,within_Cn_target_quantile_isomer_80_20_seed42,49228dd8187e4d064168b21650b25e7d39a41971515ea637e8871f716874e48d
Fermi_E,main_and_supplementary,Q_-1,462,48,-1,test,42,within_Cn_target_quantile_isomer_80_20_seed42,49228dd8187e4d064168b21650b25e7d39a41971515ea637e8871f716874e48d
Fermi_E,main_and_supplementary,Q_-1,464,48,-1,test,42,within_Cn_target_quantile_isomer_80_20_seed42,49228dd8187e4d064168b21650b25e7d39a41971515ea637e8871f716874e48d
Fermi_E,main_and_supplementary,Q_-1,466,48,-1,test,42,within_Cn_target_quantile_isomer_80_20_seed42,49228dd8187e4d064168b21650b25e7d39a41971515ea637e8871f716874e48d
Fermi_E,main_and_supplementary,Q_-1,469,48,-1,test,42,within_Cn_target_quantile_isomer_80_20_seed42,49228dd8187e4d064168b21650b25e7d39a41971515ea637e8871f716874e48d
Fermi_E,main_and_supplementary,Q_-1,472,48,-1,test,42,within_Cn_target_quantile_isomer_80_20_seed42,49228dd8187e4d064168b21650b25e7d39a41971515ea637e8871f716874e48d
Fermi_E,main_and_supplementary,Q_-1,473,48,-1,test,42,within_Cn_target_quantile_isomer_80_20_seed42,49228dd8187e4d064168b21650b25e7d39a41971515ea637e8871f716874e48d
Fermi_E,main_and_supplementary,Q_-1,474,48,-1,test,42,within_Cn_target_quantile_isomer_80_20_seed42,49228dd8187e4d064168b21650b25e7d39a41971515ea637e8871f716874e48d
Fermi_E,main_and_supplementary,Q_-1,479,48,-1,test,42,within_Cn_target_quantile_isomer_80_20_seed42,49228dd8187e4d064168b21650b25e7d39a41971515ea637e8871f716874e48d
Fermi_E,main_and_supplementary,Q_-1,487,48,-1,test,42,within_Cn_target_quantile_isomer_80_20_seed42,49228dd8187e4d064168b21650b25e7d39a41971515ea637e8871f716874e48d
Fermi_E,main_and_supplementary,Q_-1,489,48,-1,test,42,within_Cn_target_quantile_isomer_80_20_seed42,49228dd8187e4d064168b21650b25e7d39a41971515ea637e8871f716874e48d
Fermi_E,main_and_supplementary,Q_-1,496,48,-1,test,42,within_Cn_target_quantile_isomer_80_20_seed42,49228dd8187e4d064168b21650b25e7d39a41971515ea637e8871f716874e48d
Fermi_E,main_and_supplementary,Q_-1,497,48,-1,test,42,within_Cn_target_quantile_isomer_80_20_seed42,49228dd8187e4d064168b21650b25e7d39a41971515ea637e8871f716874e48d
Fermi_E,main_and_supplementary,Q_-1,507,48,-1,test,42,within_Cn_target_quantile_isomer_80_20_seed42,49228dd8187e4d064168b21650b25e7d39a41971515ea637e8871f716874e48d
Fermi_E,main_and_supplementary,Q_-1,514,48,-1,test,42,within_Cn_target_quantile_isomer_80_20_seed42,49228dd8187e4d064168b21650b25e7d39a41971515ea637e8871f716874e48d
Fermi_E,main_and_supplementary,Q_-1,518,48,-1,test,42,within_Cn_target_quantile_isomer_80_20_seed42,49228dd8187e4d064168b21650b25e7d39a41971515ea637e8871f716874e48d
Fermi_E,main_and_supplementary,Q_-1,521,48,-1,test,42,within_Cn_target_quantile_isomer_80_20_seed42,49228dd8187e4d064168b21650b25e7d39a41971515ea637e8871f716874e48d
Fermi_E,main_and_supplementary,Q_-1,535,48,-1,test,42,within_Cn_target_quantile_isomer_80_20_seed42,49228dd8187e4d064168b21650b25e7d39a41971515ea637e8871f716874e48d
Fermi_E,main_and_supplementary,Q_-1,538,48,-1,test,42,within_Cn_target_quantile_isomer_80_20_seed42,49228dd8187e4d064168b21650b25e7d39a41971515ea637e8871f716874e48d
Fermi_E,main_and_supplementary,Q_-1,542,50,-1,test,42,within_Cn_target_quantile_isomer_80_20_seed42,49228dd8187e4d064168b21650b25e7d39a41971515ea637e8871f716874e48d
Fermi_E,main_and_supplementary,Q_-1,554,50,-1,test,42,within_Cn_target_quantile_isomer_80_20_seed42,49228dd8187e4d064168b21650b25e7d39a41971515ea637e8871f716874e48d
Fermi_E,main_and_supplementary,Q_-1,558,50,-1,test,42,within_Cn_target_quantile_isomer_80_20_seed42,49228dd8187e4d064168b21650b25e7d39a41971515ea637e8871f716874e48d
Fermi_E,main_and_supplementary,Q_-1,564,50,-1,test,42,within_Cn_target_quantile_isomer_80_20_seed42,49228dd8187e4d064168b21650b25e7d39a41971515ea637e8871f716874e48d
Fermi_E,main_and_supplementary,Q_-1,567,50,-1,test,42,within_Cn_target_quantile_isomer_80_20_seed42,49228dd8187e4d064168b21650b25e7d39a41971515ea637e8871f716874e48d
Fermi_E,main_and_supplementary,Q_-1,568,50,-1,test,42,within_Cn_target_quantile_isomer_80_20_seed42,49228dd8187e4d064168b21650b25e7d39a41971515ea637e8871f716874e48d
Fermi_E,main_and_supplementary,Q_-1,570,50,-1,test,42,within_Cn_target_quantile_isomer_80_20_seed42,49228dd8187e4d064168b21650b25e7d39a41971515ea637e8871f716874e48d
Fermi_E,main_and_supplementary,Q_-1,571,50,-1,test,42,within_Cn_target_quantile_isomer_80_20_seed42,49228dd8187e4d064168b21650b25e7d39a41971515ea637e8871f716874e48d
Fermi_E,main_and_supplementary,Q_-1,581,50,-1,test,42,within_Cn_target_quantile_isomer_80_20_seed42,49228dd8187e4d064168b21650b25e7d39a41971515ea637e8871f716874e48d
Fermi_E,main_and_supplementary,Q_-1,582,50,-1,test,42,within_Cn_target_quantile_isomer_80_20_seed42,49228dd8187e4d064168b21650b25e7d39a41971515ea637e8871f716874e48d
Fermi_E,main_and_supplementary,Q_-1,587,50,-1,test,42,within_Cn_target_quantile_isomer_80_20_seed42,49228dd8187e4d064168b21650b25e7d39a41971515ea637e8871f716874e48d
Fermi_E,main_and_supplementary,Q_-1,589,50,-1,test,42,within_Cn_target_quantile_isomer_80_20_seed42,49228dd8187e4d064168b21650b25e7d39a41971515ea637e8871f716874e48d
Fermi_E,main_and_supplementary,Q_-1,590,50,-1,test,42,within_Cn_target_quantile_isomer_80_20_seed42,49228dd8187e4d064168b21650b25e7d39a41971515ea637e8871f716874e48d
Fermi_E,main_and_supplementary,Q_-1,595,50,-1,test,42,within_Cn_target_quantile_isomer_80_20_seed42,49228dd8187e4d064168b21650b25e7d39a41971515ea637e8871f716874e48d
Fermi_E,main_and_supplementary,Q_-1,605,50,-1,test,42,within_Cn_target_quantile_isomer_80_20_seed42,49228dd8187e4d064168b21650b25e7d39a41971515ea637e8871f716874e48d
Fermi_E,main_and_supplementary,Q_-1,608,50,-1,test,42,within_Cn_target_quantile_isomer_80_20_seed42,49228dd8187e4d064168b21650b25e7d39a41971515ea637e8871f716874e48d
Fermi_E,main_and_supplementary,Q_-1,609,50,-1,test,42,within_Cn_target_quantile_isomer_80_20_seed42,49228dd8187e4d064168b21650b25e7d39a41971515ea637e8871f716874e48d
Fermi_E,main_and_supplementary,Q_-1,612,50,-1,test,42,within_Cn_target_quantile_isomer_80_20_seed42,49228dd8187e4d064168b21650b25e7d39a41971515ea637e8871f716874e48d
Fermi_E,main_and_supplementary,Q_-1,625,50,-1,test,42,within_Cn_target_quantile_isomer_80_20_seed42,49228dd8187e4d064168b21650b25e7d39a41971515ea637e8871f716874e48d
Fermi_E,main_and_supplementary,Q_-1,627,50,-1,test,42,within_Cn_target_quantile_isomer_80_20_seed42,49228dd8187e4d064168b21650b25e7d39a41971515ea637e8871f716874e48d
Fermi_E,main_and_supplementary,Q_-1,640,50,-1,test,42,within_Cn_target_quantile_isomer_80_20_seed42,49228dd8187e4d064168b21650b25e7d39a41971515ea637e8871f716874e48d
Fermi_E,main_and_supplementary,Q_-1,641,50,-1,test,42,within_Cn_target_quantile_isomer_80_20_seed42,49228dd8187e4d064168b21650b25e7d39a41971515ea637e8871f716874e48d
Fermi_E,main_and_supplementary,Q_-1,643,50,-1,test,42,within_Cn_target_quantile_isomer_80_20_seed42,49228dd8187e4d064168b21650b25e7d39a41971515ea637e8871f716874e48d
Fermi_E,main_and_supplementary,Q_-1,644,50,-1,test,42,within_Cn_target_quantile_isomer_80_20_seed42,49228dd8187e4d064168b21650b25e7d39a41971515ea637e8871f716874e48d
Fermi_E,main_and_supplementary,Q_-1,646,50,-1,test,42,within_Cn_target_quantile_isomer_80_20_seed42,49228dd8187e4d064168b21650b25e7d39a41971515ea637e8871f716874e48d
Fermi_E,main_and_supplementary,Q_-1,660,50,-1,test,42,within_Cn_target_quantile_isomer_80_20_seed42,49228dd8187e4d064168b21650b25e7d39a41971515ea637e8871f716874e48d
Fermi_E,main_and_supplementary,Q_-1,665,50,-1,test,42,within_Cn_target_quantile_isomer_80_20_seed42,49228dd8187e4d064168b21650b25e7d39a41971515ea637e8871f716874e48d
Fermi_E,main_and_supplementary,Q_-1,669,50,-1,test,42,within_Cn_target_quantile_isomer_80_20_seed42,49228dd8187e4d064168b21650b25e7d39a41971515ea637e8871f716874e48d
Fermi_E,main_and_supplementary,Q_-1,671,50,-1,test,42,within_Cn_target_quantile_isomer_80_20_seed42,49228dd8187e4d064168b21650b25e7d39a41971515ea637e8871f716874e48d
Fermi_E,main_and_supplementary,Q_-1,672,50,-1,test,42,within_Cn_target_quantile_isomer_80_20_seed42,49228dd8187e4d064168b21650b25e7d39a41971515ea637e8871f716874e48d
Fermi_E,main_and_supplementary,Q_-1,673,50,-1,test,42,within_Cn_target_quantile_isomer_80_20_seed42,49228dd8187e4d064168b21650b25e7d39a41971515ea637e8871f716874e48d
Fermi_E,main_and_supplementary,Q_-1,680,50,-1,test,42,within_Cn_target_quantile_isomer_80_20_seed42,49228dd8187e4d064168b21650b25e7d39a41971515ea637e8871f716874e48d
Fermi_E,main_and_supplementary,Q_-1,684,50,-1,test,42,within_Cn_target_quantile_isomer_80_20_seed42,49228dd8187e4d064168b21650b25e7d39a41971515ea637e8871f716874e48d
Fermi_E,main_and_supplementary,Q_-1,689,50,-1,test,42,within_Cn_target_quantile_isomer_80_20_seed42,49228dd8187e4d064168b21650b25e7d39a41971515ea637e8871f716874e48d
Fermi_E,main_and_supplementary,Q_-1,694,50,-1,test,42,within_Cn_target_quantile_isomer_80_20_seed42,49228dd8187e4d064168b21650b25e7d39a41971515ea637e8871f716874e48d
Fermi_E,main_and_supplementary,Q_-1,695,50,-1,test,42,within_Cn_target_quantile_isomer_80_20_seed42,49228dd8187e4d064168b21650b25e7d39a41971515ea637e8871f716874e48d
Fermi_E,main_and_supplementary,Q_-1,710,50,-1,test,42,within_Cn_target_quantile_isomer_80_20_seed42,49228dd8187e4d064168b21650b25e7d39a41971515ea637e8871f716874e48d
Fermi_E,main_and_supplementary,Q_-1,724,50,-1,test,42,within_Cn_target_quantile_isomer_80_20_seed42,49228dd8187e4d064168b21650b25e7d39a41971515ea637e8871f716874e48d
Fermi_E,main_and_supplementary,Q_-1,727,50,-1,test,42,within_Cn_target_quantile_isomer_80_20_seed42,49228dd8187e4d064168b21650b25e7d39a41971515ea637e8871f716874e48d
Fermi_E,main_and_supplementary,Q_-1,730,50,-1,test,42,within_Cn_target_quantile_isomer_80_20_seed42,49228dd8187e4d064168b21650b25e7d39a41971515ea637e8871f716874e48d
Fermi_E,main_and_supplementary,Q_-1,741,50,-1,test,42,within_Cn_target_quantile_isomer_80_20_seed42,49228dd8187e4d064168b21650b25e7d39a41971515ea637e8871f716874e48d
Fermi_E,main_and_supplementary,Q_-1,742,50,-1,test,42,within_Cn_target_quantile_isomer_80_20_seed42,49228dd8187e4d064168b21650b25e7d39a41971515ea637e8871f716874e48d
Fermi_E,main_and_supplementary,Q_-1,744,50,-1,test,42,within_Cn_target_quantile_isomer_80_20_seed42,49228dd8187e4d064168b21650b25e7d39a41971515ea637e8871f716874e48d
Fermi_E,main_and_supplementary,Q_-1,745,50,-1,test,42,within_Cn_target_quantile_isomer_80_20_seed42,49228dd8187e4d064168b21650b25e7d39a41971515ea637e8871f716874e48d
Fermi_E,main_and_supplementary,Q_-1,751,50,-1,test,42,within_Cn_target_quantile_isomer_80_20_seed42,49228dd8187e4d064168b21650b25e7d39a41971515ea637e8871f716874e48d
Fermi_E,main_and_supplementary,Q_-1,754,50,-1,test,42,within_Cn_target_quantile_isomer_80_20_seed42,49228dd8187e4d064168b21650b25e7d39a41971515ea637e8871f716874e48d
Fermi_E,main_and_supplementary,Q_-1,764,50,-1,test,42,within_Cn_target_quantile_isomer_80_20_seed42,49228dd8187e4d064168b21650b25e7d39a41971515ea637e8871f716874e48d
Fermi_E,main_and_supplementary,Q_-1,773,50,-1,test,42,within_Cn_target_quantile_isomer_80_20_seed42,49228dd8187e4d064168b21650b25e7d39a41971515ea637e8871f716874e48d
Fermi_E,main_and_supplementary,Q_-1,777,50,-1,test,42,within_Cn_target_quantile_isomer_80_20_seed42,49228dd8187e4d064168b21650b25e7d39a41971515ea637e8871f716874e48d
Fermi_E,main_and_supplementary,Q_-1,781,50,-1,test,42,within_Cn_target_quantile_isomer_80_20_seed42,49228dd8187e4d064168b21650b25e7d39a41971515ea637e8871f716874e48d
Fermi_E,main_and_supplementary,Q_-1,782,50,-1,test,42,within_Cn_target_quantile_isomer_80_20_seed42,49228dd8187e4d064168b21650b25e7d39a41971515ea637e8871f716874e48d
Fermi_E,main_and_supplementary,Q_-1,787,50,-1,test,42,within_Cn_target_quantile_isomer_80_20_seed42,49228dd8187e4d064168b21650b25e7d39a41971515ea637e8871f716874e48d
Fermi_E,main_and_supplementary,Q_-1,788,50,-1,test,42,within_Cn_target_quantile_isomer_80_20_seed42,49228dd8187e4d064168b21650b25e7d39a41971515ea637e8871f716874e48d
Fermi_E,main_and_supplementary,Q_-1,794,50,-1,test,42,within_Cn_target_quantile_isomer_80_20_seed42,49228dd8187e4d064168b21650b25e7d39a41971515ea637e8871f716874e48d
Fermi_E,main_and_supplementary,Q_-1,806,50,-1,test,42,within_Cn_target_quantile_isomer_80_20_seed42,49228dd8187e4d064168b21650b25e7d39a41971515ea637e8871f716874e48d
Fermi_E,main_and_supplementary,Q_-1,817,52,-1,test,42,within_Cn_target_quantile_isomer_80_20_seed42,49228dd8187e4d064168b21650b25e7d39a41971515ea637e8871f716874e48d
Fermi_E,main_and_supplementary,Q_-1,822,52,-1,test,42,within_Cn_target_quantile_isomer_80_20_seed42,49228dd8187e4d064168b21650b25e7d39a41971515ea637e8871f716874e48d
Fermi_E,main_and_supplementary,Q_-1,824,52,-1,test,42,within_Cn_target_quantile_isomer_80_20_seed42,49228dd8187e4d064168b21650b25e7d39a41971515ea637e8871f716874e48d
Fermi_E,main_and_supplementary,Q_-1,832,52,-1,test,42,within_Cn_target_quantile_isomer_80_20_seed42,49228dd8187e4d064168b21650b25e7d39a41971515ea637e8871f716874e48d
Fermi_E,main_and_supplementary,Q_-1,833,52,-1,test,42,within_Cn_target_quantile_isomer_80_20_seed42,49228dd8187e4d064168b21650b25e7d39a41971515ea637e8871f716874e48d
Fermi_E,main_and_supplementary,Q_-1,835,52,-1,test,42,within_Cn_target_quantile_isomer_80_20_seed42,49228dd8187e4d064168b21650b25e7d39a41971515ea637e8871f716874e48d
Fermi_E,main_and_supplementary,Q_-1,840,52,-1,test,42,within_Cn_target_quantile_isomer_80_20_seed42,49228dd8187e4d064168b21650b25e7d39a41971515ea637e8871f716874e48d
Fermi_E,main_and_supplementary,Q_-1,842,52,-1,test,42,within_Cn_target_quantile_isomer_80_20_seed42,49228dd8187e4d064168b21650b25e7d39a41971515ea637e8871f716874e48d
Fermi_E,main_and_supplementary,Q_-1,843,52,-1,test,42,within_Cn_target_quantile_isomer_80_20_seed42,49228dd8187e4d064168b21650b25e7d39a41971515ea637e8871f716874e48d
Fermi_E,main_and_supplementary,Q_-1,855,52,-1,test,42,within_Cn_target_quantile_isomer_80_20_seed42,49228dd8187e4d064168b21650b25e7d39a41971515ea637e8871f716874e48d
Fermi_E,main_and_supplementary,Q_-1,856,52,-1,test,42,within_Cn_target_quantile_isomer_80_20_seed42,49228dd8187e4d064168b21650b25e7d39a41971515ea637e8871f716874e48d
Fermi_E,main_and_supplementary,Q_-1,868,52,-1,test,42,within_Cn_target_quantile_isomer_80_20_seed42,49228dd8187e4d064168b21650b25e7d39a41971515ea637e8871f716874e48d
Fermi_E,main_and_supplementary,Q_-1,875,52,-1,test,42,within_Cn_target_quantile_isomer_80_20_seed42,49228dd8187e4d064168b21650b25e7d39a41971515ea637e8871f716874e48d
Fermi_E,main_and_supplementary,Q_-1,877,52,-1,test,42,within_Cn_target_quantile_isomer_80_20_seed42,49228dd8187e4d064168b21650b25e7d39a41971515ea637e8871f716874e48d
Fermi_E,main_and_supplementary,Q_-1,879,52,-1,test,42,within_Cn_target_quantile_isomer_80_20_seed42,49228dd8187e4d064168b21650b25e7d39a41971515ea637e8871f716874e48d
Fermi_E,main_and_supplementary,Q_-1,890,52,-1,test,42,within_Cn_target_quantile_isomer_80_20_seed42,49228dd8187e4d064168b21650b25e7d39a41971515ea637e8871f716874e48d
Fermi_E,main_and_supplementary,Q_-1,892,52,-1,test,42,within_Cn_target_quantile_isomer_80_20_seed42,49228dd8187e4d064168b21650b25e7d39a41971515ea637e8871f716874e48d
Fermi_E,main_and_supplementary,Q_-1,893,52,-1,test,42,within_Cn_target_quantile_isomer_80_20_seed42,49228dd8187e4d064168b21650b25e7d39a41971515ea637e8871f716874e48d
Fermi_E,main_and_supplementary,Q_-1,897,52,-1,test,42,within_Cn_target_quantile_isomer_80_20_seed42,49228dd8187e4d064168b21650b25e7d39a41971515ea637e8871f716874e48d
Fermi_E,main_and_supplementary,Q_-1,916,52,-1,test,42,within_Cn_target_quantile_isomer_80_20_seed42,49228dd8187e4d064168b21650b25e7d39a41971515ea637e8871f716874e48d
Fermi_E,main_and_supplementary,Q_-1,921,52,-1,test,42,within_Cn_target_quantile_isomer_80_20_seed42,49228dd8187e4d064168b21650b25e7d39a41971515ea637e8871f716874e48d
Fermi_E,main_and_supplementary,Q_-1,924,52,-1,test,42,within_Cn_target_quantile_isomer_80_20_seed42,49228dd8187e4d064168b21650b25e7d39a41971515ea637e8871f716874e48d
Fermi_E,main_and_supplementary,Q_-1,935,52,-1,test,42,within_Cn_target_quantile_isomer_80_20_seed42,49228dd8187e4d064168b21650b25e7d39a41971515ea637e8871f716874e48d
Fermi_E,main_and_supplementary,Q_-1,936,52,-1,test,42,within_Cn_target_quantile_isomer_80_20_seed42,49228dd8187e4d064168b21650b25e7d39a41971515ea637e8871f716874e48d
Fermi_E,main_and_supplementary,Q_-1,937,52,-1,test,42,within_Cn_target_quantile_isomer_80_20_seed42,49228dd8187e4d064168b21650b25e7d39a41971515ea637e8871f716874e48d
Fermi_E,main_and_supplementary,Q_-1,938,52,-1,test,42,within_Cn_target_quantile_isomer_80_20_seed42,49228dd8187e4d064168b21650b25e7d39a41971515ea637e8871f716874e48d
Fermi_E,main_and_supplementary,Q_-1,939,52,-1,test,42,within_Cn_target_quantile_isomer_80_20_seed42,49228dd8187e4d064168b21650b25e7d39a41971515ea637e8871f716874e48d
Fermi_E,main_and_supplementary,Q_-1,950,52,-1,test,42,within_Cn_target_quantile_isomer_80_20_seed42,49228dd8187e4d064168b21650b25e7d39a41971515ea637e8871f716874e48d
Fermi_E,main_and_supplementary,Q_-1,955,52,-1,test,42,within_Cn_target_quantile_isomer_80_20_seed42,49228dd8187e4d064168b21650b25e7d39a41971515ea637e8871f716874e48d
Fermi_E,main_and_supplementary,Q_-1,957,52,-1,test,42,within_Cn_target_quantile_isomer_80_20_seed42,49228dd8187e4d064168b21650b25e7d39a41971515ea637e8871f716874e48d
Fermi_E,main_and_supplementary,Q_-1,959,52,-1,test,42,within_Cn_target_quantile_isomer_80_20_seed42,49228dd8187e4d064168b21650b25e7d39a41971515ea637e8871f716874e48d
Fermi_E,main_and_supplementary,Q_-1,960,52,-1,test,42,within_Cn_target_quantile_isomer_80_20_seed42,49228dd8187e4d064168b21650b25e7d39a41971515ea637e8871f716874e48d
Fermi_E,main_and_supplementary,Q_-1,961,52,-1,test,42,within_Cn_target_quantile_isomer_80_20_seed42,49228dd8187e4d064168b21650b25e7d39a41971515ea637e8871f716874e48d
Fermi_E,main_and_supplementary,Q_-1,966,52,-1,test,42,within_Cn_target_quantile_isomer_80_20_seed42,49228dd8187e4d064168b21650b25e7d39a41971515ea637e8871f716874e48d
Fermi_E,main_and_supplementary,Q_-1,979,52,-1,test,42,within_Cn_target_quantile_isomer_80_20_seed42,49228dd8187e4d064168b21650b25e7d39a41971515ea637e8871f716874e48d
Fermi_E,main_and_supplementary,Q_-1,980,52,-1,test,42,within_Cn_target_quantile_isomer_80_20_seed42,49228dd8187e4d064168b21650b25e7d39a41971515ea637e8871f716874e48d
Fermi_E,main_and_supplementary,Q_-1,981,52,-1,test,42,within_Cn_target_quantile_isomer_80_20_seed42,49228dd8187e4d064168b21650b25e7d39a41971515ea637e8871f716874e48d
Fermi_E,main_and_supplementary,Q_-1,983,52,-1,test,42,within_Cn_target_quantile_isomer_80_20_seed42,49228dd8187e4d064168b21650b25e7d39a41971515ea637e8871f716874e48d
Fermi_E,main_and_supplementary,Q_-1,986,52,-1,test,42,within_Cn_target_quantile_isomer_80_20_seed42,49228dd8187e4d064168b21650b25e7d39a41971515ea637e8871f716874e48d
Fermi_E,main_and_supplementary,Q_-1,987,52,-1,test,42,within_Cn_target_quantile_isomer_80_20_seed42,49228dd8187e4d064168b21650b25e7d39a41971515ea637e8871f716874e48d
Fermi_E,main_and_supplementary,Q_-1,989,52,-1,test,42,within_Cn_target_quantile_isomer_80_20_seed42,49228dd8187e4d064168b21650b25e7d39a41971515ea637e8871f716874e48d
Fermi_E,main_and_supplementary,Q_-1,992,52,-1,test,42,within_Cn_target_quantile_isomer_80_20_seed42,49228dd8187e4d064168b21650b25e7d39a41971515ea637e8871f716874e48d
Fermi_E,main_and_supplementary,Q_-1,1000,52,-1,test,42,within_Cn_target_quantile_isomer_80_20_seed42,49228dd8187e4d064168b21650b25e7d39a41971515ea637e8871f716874e48d
Fermi_E,main_and_supplementary,Q_-1,1003,52,-1,test,42,within_Cn_target_quantile_isomer_80_20_seed42,49228dd8187e4d064168b21650b25e7d39a41971515ea637e8871f716874e48d
Fermi_E,main_and_supplementary,Q_-1,1004,52,-1,test,42,within_Cn_target_quantile_isomer_80_20_seed42,49228dd8187e4d064168b21650b25e7d39a41971515ea637e8871f716874e48d
Fermi_E,main_and_supplementary,Q_-1,1006,52,-1,test,42,within_Cn_target_quantile_isomer_80_20_seed42,49228dd8187e4d064168b21650b25e7d39a41971515ea637e8871f716874e48d
Fermi_E,main_and_supplementary,Q_-1,1011,52,-1,test,42,within_Cn_target_quantile_isomer_80_20_seed42,49228dd8187e4d064168b21650b25e7d39a41971515ea637e8871f716874e48d
Fermi_E,main_and_supplementary,Q_-1,1018,52,-1,test,42,within_Cn_target_quantile_isomer_80_20_seed42,49228dd8187e4d064168b21650b25e7d39a41971515ea637e8871f716874e48d
Fermi_E,main_and_supplementary,Q_-1,1021,52,-1,test,42,within_Cn_target_quantile_isomer_80_20_seed42,49228dd8187e4d064168b21650b25e7d39a41971515ea637e8871f716874e48d
Fermi_E,main_and_supplementary,Q_-1,1034,52,-1,test,42,within_Cn_target_quantile_isomer_80_20_seed42,49228dd8187e4d064168b21650b25e7d39a41971515ea637e8871f716874e48d
Fermi_E,main_and_supplementary,Q_-1,1042,52,-1,test,42,within_Cn_target_quantile_isomer_80_20_seed42,49228dd8187e4d064168b21650b25e7d39a41971515ea637e8871f716874e48d
Fermi_E,main_and_supplementary,Q_-1,1046,52,-1,test,42,within_Cn_target_quantile_isomer_80_20_seed42,49228dd8187e4d064168b21650b25e7d39a41971515ea637e8871f716874e48d
Fermi_E,main_and_supplementary,Q_-1,1050,52,-1,test,42,within_Cn_target_quantile_isomer_80_20_seed42,49228dd8187e4d064168b21650b25e7d39a41971515ea637e8871f716874e48d
Fermi_E,main_and_supplementary,Q_-1,1052,52,-1,test,42,within_Cn_target_quantile_isomer_80_20_seed42,49228dd8187e4d064168b21650b25e7d39a41971515ea637e8871f716874e48d
Fermi_E,main_and_supplementary,Q_-1,1053,52,-1,test,42,within_Cn_target_quantile_isomer_80_20_seed42,49228dd8187e4d064168b21650b25e7d39a41971515ea637e8871f716874e48d
Fermi_E,main_and_supplementary,Q_-1,1060,52,-1,test,42,within_Cn_target_quantile_isomer_80_20_seed42,49228dd8187e4d064168b21650b25e7d39a41971515ea637e8871f716874e48d
Fermi_E,main_and_supplementary,Q_-1,1064,52,-1,test,42,within_Cn_target_quantile_isomer_80_20_seed42,49228dd8187e4d064168b21650b25e7d39a41971515ea637e8871f716874e48d
Fermi_E,main_and_supplementary,Q_-1,1066,52,-1,test,42,within_Cn_target_quantile_isomer_80_20_seed42,49228dd8187e4d064168b21650b25e7d39a41971515ea637e8871f716874e48d
Fermi_E,main_and_supplementary,Q_-1,1067,52,-1,test,42,within_Cn_target_quantile_isomer_80_20_seed42,49228dd8187e4d064168b21650b25e7d39a41971515ea637e8871f716874e48d
Fermi_E,main_and_supplementary,Q_-1,1072,52,-1,test,42,within_Cn_target_quantile_isomer_80_20_seed42,49228dd8187e4d064168b21650b25e7d39a41971515ea637e8871f716874e48d
Fermi_E,main_and_supplementary,Q_-1,1076,52,-1,test,42,within_Cn_target_quantile_isomer_80_20_seed42,49228dd8187e4d064168b21650b25e7d39a41971515ea637e8871f716874e48d
Fermi_E,main_and_supplementary,Q_-1,1080,52,-1,test,42,within_Cn_target_quantile_isomer_80_20_seed42,49228dd8187e4d064168b21650b25e7d39a41971515ea637e8871f716874e48d
Fermi_E,main_and_supplementary,Q_-1,1090,52,-1,test,42,within_Cn_target_quantile_isomer_80_20_seed42,49228dd8187e4d064168b21650b25e7d39a41971515ea637e8871f716874e48d
Fermi_E,main_and_supplementary,Q_-1,1100,52,-1,test,42,within_Cn_target_quantile_isomer_80_20_seed42,49228dd8187e4d064168b21650b25e7d39a41971515ea637e8871f716874e48d
Fermi_E,main_and_supplementary,Q_-1,1114,52,-1,test,42,within_Cn_target_quantile_isomer_80_20_seed42,49228dd8187e4d064168b21650b25e7d39a41971515ea637e8871f716874e48d
Fermi_E,main_and_supplementary,Q_-1,1118,52,-1,test,42,within_Cn_target_quantile_isomer_80_20_seed42,49228dd8187e4d064168b21650b25e7d39a41971515ea637e8871f716874e48d
Fermi_E,main_and_supplementary,Q_-1,1127,52,-1,test,42,within_Cn_target_quantile_isomer_80_20_seed42,49228dd8187e4d064168b21650b25e7d39a41971515ea637e8871f716874e48d
Fermi_E,main_and_supplementary,Q_-1,1131,52,-1,test,42,within_Cn_target_quantile_isomer_80_20_seed42,49228dd8187e4d064168b21650b25e7d39a41971515ea637e8871f716874e48d
Fermi_E,main_and_supplementary,Q_-1,1148,52,-1,test,42,within_Cn_target_quantile_isomer_80_20_seed42,49228dd8187e4d064168b21650b25e7d39a41971515ea637e8871f716874e48d
Fermi_E,main_and_supplementary,Q_-1,1149,52,-1,test,42,within_Cn_target_quantile_isomer_80_20_seed42,49228dd8187e4d064168b21650b25e7d39a41971515ea637e8871f716874e48d
Fermi_E,main_and_supplementary,Q_-1,1156,52,-1,test,42,within_Cn_target_quantile_isomer_80_20_seed42,49228dd8187e4d064168b21650b25e7d39a41971515ea637e8871f716874e48d
Fermi_E,main_and_supplementary,Q_-1,1165,52,-1,test,42,within_Cn_target_quantile_isomer_80_20_seed42,49228dd8187e4d064168b21650b25e7d39a41971515ea637e8871f716874e48d
Fermi_E,main_and_supplementary,Q_-1,1171,52,-1,test,42,within_Cn_target_quantile_isomer_80_20_seed42,49228dd8187e4d064168b21650b25e7d39a41971515ea637e8871f716874e48d
Fermi_E,main_and_supplementary,Q_-1,1173,52,-1,test,42,within_Cn_target_quantile_isomer_80_20_seed42,49228dd8187e4d064168b21650b25e7d39a41971515ea637e8871f716874e48d
Fermi_E,main_and_supplementary,Q_-1,1175,52,-1,test,42,within_Cn_target_quantile_isomer_80_20_seed42,49228dd8187e4d064168b21650b25e7d39a41971515ea637e8871f716874e48d
Fermi_E,main_and_supplementary,Q_-1,1183,52,-1,test,42,within_Cn_target_quantile_isomer_80_20_seed42,49228dd8187e4d064168b21650b25e7d39a41971515ea637e8871f716874e48d
Fermi_E,main_and_supplementary,Q_-1,1191,52,-1,test,42,within_Cn_target_quantile_isomer_80_20_seed42,49228dd8187e4d064168b21650b25e7d39a41971515ea637e8871f716874e48d
Fermi_E,main_and_supplementary,Q_-1,1193,52,-1,test,42,within_Cn_target_quantile_isomer_80_20_seed42,49228dd8187e4d064168b21650b25e7d39a41971515ea637e8871f716874e48d
Fermi_E,main_and_supplementary,Q_-1,1202,52,-1,test,42,within_Cn_target_quantile_isomer_80_20_seed42,49228dd8187e4d064168b21650b25e7d39a41971515ea637e8871f716874e48d
Fermi_E,main_and_supplementary,Q_-1,1203,52,-1,test,42,within_Cn_target_quantile_isomer_80_20_seed42,49228dd8187e4d064168b21650b25e7d39a41971515ea637e8871f716874e48d
Fermi_E,main_and_supplementary,Q_-1,1214,52,-1,test,42,within_Cn_target_quantile_isomer_80_20_seed42,49228dd8187e4d064168b21650b25e7d39a41971515ea637e8871f716874e48d
Fermi_E,main_and_supplementary,Q_-1,1220,52,-1,test,42,within_Cn_target_quantile_isomer_80_20_seed42,49228dd8187e4d064168b21650b25e7d39a41971515ea637e8871f716874e48d
Fermi_E,main_and_supplementary,Q_-1,1222,52,-1,test,42,within_Cn_target_quantile_isomer_80_20_seed42,49228dd8187e4d064168b21650b25e7d39a41971515ea637e8871f716874e48d
Fermi_E,main_and_supplementary,Q_-1,1229,52,-1,test,42,within_Cn_target_quantile_isomer_80_20_seed42,49228dd8187e4d064168b21650b25e7d39a41971515ea637e8871f716874e48d
Fermi_E,main_and_supplementary,Q_-1,1232,52,-1,test,42,within_Cn_target_quantile_isomer_80_20_seed42,49228dd8187e4d064168b21650b25e7d39a41971515ea637e8871f716874e48d
Fermi_E,main_and_supplementary,Q_-1,1233,52,-1,test,42,within_Cn_target_quantile_isomer_80_20_seed42,49228dd8187e4d064168b21650b25e7d39a41971515ea637e8871f716874e48d
Fermi_E,main_and_supplementary,Q_-1,1248,52,-1,test,42,within_Cn_target_quantile_isomer_80_20_seed42,49228dd8187e4d064168b21650b25e7d39a41971515ea637e8871f716874e48d
Fermi_E,main_and_supplementary,Q_-1,1254,76,-1,test,42,within_Cn_target_quantile_isomer_80_20_seed42,49228dd8187e4d064168b21650b25e7d39a41971515ea637e8871f716874e48d
Fermi_E,main_and_supplementary,Q_-1,1259,78,-1,test,42,within_Cn_target_quantile_isomer_80_20_seed42,49228dd8187e4d064168b21650b25e7d39a41971515ea637e8871f716874e48d
Fermi_E,main_and_supplementary,Q_-1,1260,78,-1,test,42,within_Cn_target_quantile_isomer_80_20_seed42,49228dd8187e4d064168b21650b25e7d39a41971515ea637e8871f716874e48d
Fermi_E,main_and_supplementary,Q_-1,1261,80,-1,test,42,within_Cn_target_quantile_isomer_80_20_seed42,49228dd8187e4d064168b21650b25e7d39a41971515ea637e8871f716874e48d
Fermi_E,main_and_supplementary,Q_-1,1262,80,-1,test,42,within_Cn_target_quantile_isomer_80_20_seed42,49228dd8187e4d064168b21650b25e7d39a41971515ea637e8871f716874e48d
Fermi_E,main_and_supplementary,Q_-1,1263,80,-1,test,42,within_Cn_target_quantile_isomer_80_20_seed42,49228dd8187e4d064168b21650b25e7d39a41971515ea637e8871f716874e48d
Fermi_E,main_and_supplementary,Q_-1,1267,82,-1,test,42,within_Cn_target_quantile_isomer_80_20_seed42,49228dd8187e4d064168b21650b25e7d39a41971515ea637e8871f716874e48d
Fermi_E,main_and_supplementary,Q_-1,1270,82,-1,test,42,within_Cn_target_quantile_isomer_80_20_seed42,49228dd8187e4d064168b21650b25e7d39a41971515ea637e8871f716874e48d
Fermi_E,main_and_supplementary,Q_-1,1273,82,-1,test,42,within_Cn_target_quantile_isomer_80_20_seed42,49228dd8187e4d064168b21650b25e7d39a41971515ea637e8871f716874e48d
Fermi_E,main_and_supplementary,Q_-1,1275,82,-1,test,42,within_Cn_target_quantile_isomer_80_20_seed42,49228dd8187e4d064168b21650b25e7d39a41971515ea637e8871f716874e48d
Fermi_E,main_and_supplementary,Q_-1,1280,84,-1,test,42,within_Cn_target_quantile_isomer_80_20_seed42,49228dd8187e4d064168b21650b25e7d39a41971515ea637e8871f716874e48d
Fermi_E,main_and_supplementary,Q_-1,1284,84,-1,test,42,within_Cn_target_quantile_isomer_80_20_seed42,49228dd8187e4d064168b21650b25e7d39a41971515ea637e8871f716874e48d
Fermi_E,main_and_supplementary,Q_-1,1293,84,-1,test,42,within_Cn_target_quantile_isomer_80_20_seed42,49228dd8187e4d064168b21650b25e7d39a41971515ea637e8871f716874e48d
Fermi_E,main_and_supplementary,Q_-1,1296,84,-1,test,42,within_Cn_target_quantile_isomer_80_20_seed42,49228dd8187e4d064168b21650b25e7d39a41971515ea637e8871f716874e48d
Fermi_E,main_and_supplementary,Q_-1,1298,84,-1,test,42,within_Cn_target_quantile_isomer_80_20_seed42,49228dd8187e4d064168b21650b25e7d39a41971515ea637e8871f716874e48d
Fermi_E,main_and_supplementary,Q_-1,1301,86,-1,test,42,within_Cn_target_quantile_isomer_80_20_seed42,49228dd8187e4d064168b21650b25e7d39a41971515ea637e8871f716874e48d
Fermi_E,main_and_supplementary,Q_-1,1302,86,-1,test,42,within_Cn_target_quantile_isomer_80_20_seed42,49228dd8187e4d064168b21650b25e7d39a41971515ea637e8871f716874e48d
Fermi_E,main_and_supplementary,Q_-1,1303,86,-1,test,42,within_Cn_target_quantile_isomer_80_20_seed42,49228dd8187e4d064168b21650b25e7d39a41971515ea637e8871f716874e48d
Fermi_E,main_and_supplementary,Q_-1,1311,86,-1,test,42,within_Cn_target_quantile_isomer_80_20_seed42,49228dd8187e4d064168b21650b25e7d39a41971515ea637e8871f716874e48d
Fermi_E,main_and_supplementary,Q_-1,1314,86,-1,test,42,within_Cn_target_quantile_isomer_80_20_seed42,49228dd8187e4d064168b21650b25e7d39a41971515ea637e8871f716874e48d
Fermi_E,main_and_supplementary,Q_-1,1320,90,-1,test,42,within_Cn_target_quantile_isomer_80_20_seed42,49228dd8187e4d064168b21650b25e7d39a41971515ea637e8871f716874e48d
Fermi_E,main_and_supplementary,Q_-1,1324,90,-1,test,42,within_Cn_target_quantile_isomer_80_20_seed42,49228dd8187e4d064168b21650b25e7d39a41971515ea637e8871f716874e48d
Fermi_E,main_and_supplementary,Q_-1,1338,90,-1,test,42,within_Cn_target_quantile_isomer_80_20_seed42,49228dd8187e4d064168b21650b25e7d39a41971515ea637e8871f716874e48d
Fermi_E,main_and_supplementary,Q_-1,1342,90,-1,test,42,within_Cn_target_quantile_isomer_80_20_seed42,49228dd8187e4d064168b21650b25e7d39a41971515ea637e8871f716874e48d
Fermi_E,main_and_supplementary,Q_-1,1343,90,-1,test,42,within_Cn_target_quantile_isomer_80_20_seed42,49228dd8187e4d064168b21650b25e7d39a41971515ea637e8871f716874e48d
Fermi_E,main_and_supplementary,Q_-1,1345,90,-1,test,42,within_Cn_target_quantile_isomer_80_20_seed42,49228dd8187e4d064168b21650b25e7d39a41971515ea637e8871f716874e48d
Fermi_E,main_and_supplementary,Q_-1,1348,90,-1,test,42,within_Cn_target_quantile_isomer_80_20_seed42,49228dd8187e4d064168b21650b25e7d39a41971515ea637e8871f716874e48d
Fermi_E,main_and_supplementary,Q_-1,1354,90,-1,test,42,within_Cn_target_quantile_isomer_80_20_seed42,49228dd8187e4d064168b21650b25e7d39a41971515ea637e8871f716874e48d
Fermi_E,main_and_supplementary,Q_-1,1355,90,-1,test,42,within_Cn_target_quantile_isomer_80_20_seed42,49228dd8187e4d064168b21650b25e7d39a41971515ea637e8871f716874e48d
Fermi_E,main_and_supplementary,Q_-1,1357,90,-1,test,42,within_Cn_target_quantile_isomer_80_20_seed42,49228dd8187e4d064168b21650b25e7d39a41971515ea637e8871f716874e48d
Fermi_E,main_and_supplementary,Q_-1,1368,92,-1,test,42,within_Cn_target_quantile_isomer_80_20_seed42,49228dd8187e4d064168b21650b25e7d39a41971515ea637e8871f716874e48d
Fermi_E,main_and_supplementary,Q_-1,1370,92,-1,test,42,within_Cn_target_quantile_isomer_80_20_seed42,49228dd8187e4d064168b21650b25e7d39a41971515ea637e8871f716874e48d
Fermi_E,main_and_supplementary,Q_-1,1374,92,-1,test,42,within_Cn_target_quantile_isomer_80_20_seed42,49228dd8187e4d064168b21650b25e7d39a41971515ea637e8871f716874e48d
Fermi_E,main_and_supplementary,Q_-1,1375,92,-1,test,42,within_Cn_target_quantile_isomer_80_20_seed42,49228dd8187e4d064168b21650b25e7d39a41971515ea637e8871f716874e48d
Fermi_E,main_and_supplementary,Q_-1,1382,92,-1,test,42,within_Cn_target_quantile_isomer_80_20_seed42,49228dd8187e4d064168b21650b25e7d39a41971515ea637e8871f716874e48d
Fermi_E,main_and_supplementary,Q_-1,1383,92,-1,test,42,within_Cn_target_quantile_isomer_80_20_seed42,49228dd8187e4d064168b21650b25e7d39a41971515ea637e8871f716874e48d
Fermi_E,main_and_supplementary,Q_-1,1384,92,-1,test,42,within_Cn_target_quantile_isomer_80_20_seed42,49228dd8187e4d064168b21650b25e7d39a41971515ea637e8871f716874e48d
Fermi_E,main_and_supplementary,Q_-1,1390,92,-1,test,42,within_Cn_target_quantile_isomer_80_20_seed42,49228dd8187e4d064168b21650b25e7d39a41971515ea637e8871f716874e48d
Fermi_E,main_and_supplementary,Q_-1,1392,92,-1,test,42,within_Cn_target_quantile_isomer_80_20_seed42,49228dd8187e4d064168b21650b25e7d39a41971515ea637e8871f716874e48d
Fermi_E,main_and_supplementary,Q_-1,1397,92,-1,test,42,within_Cn_target_quantile_isomer_80_20_seed42,49228dd8187e4d064168b21650b25e7d39a41971515ea637e8871f716874e48d
Fermi_E,main_and_supplementary,Q_-1,1400,92,-1,test,42,within_Cn_target_quantile_isomer_80_20_seed42,49228dd8187e4d064168b21650b25e7d39a41971515ea637e8871f716874e48d
Fermi_E,main_and_supplementary,Q_-1,1404,92,-1,test,42,within_Cn_target_quantile_isomer_80_20_seed42,49228dd8187e4d064168b21650b25e7d39a41971515ea637e8871f716874e48d
Fermi_E,main_and_supplementary,Q_-1,1435,92,-1,test,42,within_Cn_target_quantile_isomer_80_20_seed42,49228dd8187e4d064168b21650b25e7d39a41971515ea637e8871f716874e48d
Fermi_E,main_and_supplementary,Q_-1,1440,92,-1,test,42,within_Cn_target_quantile_isomer_80_20_seed42,49228dd8187e4d064168b21650b25e7d39a41971515ea637e8871f716874e48d
Fermi_E,main_and_supplementary,Q_-1,1446,92,-1,test,42,within_Cn_target_quantile_isomer_80_20_seed42,49228dd8187e4d064168b21650b25e7d39a41971515ea637e8871f716874e48d
Fermi_E,main_and_supplementary,Q_-1,1447,92,-1,test,42,within_Cn_target_quantile_isomer_80_20_seed42,49228dd8187e4d064168b21650b25e7d39a41971515ea637e8871f716874e48d
Fermi_E,main_and_supplementary,Q_-1,1457,94,-1,test,42,within_Cn_target_quantile_isomer_80_20_seed42,49228dd8187e4d064168b21650b25e7d39a41971515ea637e8871f716874e48d
Fermi_E,main_and_supplementary,Q_-1,1467,94,-1,test,42,within_Cn_target_quantile_isomer_80_20_seed42,49228dd8187e4d064168b21650b25e7d39a41971515ea637e8871f716874e48d
Fermi_E,main_and_supplementary,Q_-1,1470,94,-1,test,42,within_Cn_target_quantile_isomer_80_20_seed42,49228dd8187e4d064168b21650b25e7d39a41971515ea637e8871f716874e48d
Fermi_E,main_and_supplementary,Q_-1,1471,94,-1,test,42,within_Cn_target_quantile_isomer_80_20_seed42,49228dd8187e4d064168b21650b25e7d39a41971515ea637e8871f716874e48d
Fermi_E,main_and_supplementary,Q_-1,1477,94,-1,test,42,within_Cn_target_quantile_isomer_80_20_seed42,49228dd8187e4d064168b21650b25e7d39a41971515ea637e8871f716874e48d
Fermi_E,main_and_supplementary,Q_-1,1479,94,-1,test,42,within_Cn_target_quantile_isomer_80_20_seed42,49228dd8187e4d064168b21650b25e7d39a41971515ea637e8871f716874e48d
Fermi_E,main_and_supplementary,Q_-1,1486,94,-1,test,42,within_Cn_target_quantile_isomer_80_20_seed42,49228dd8187e4d064168b21650b25e7d39a41971515ea637e8871f716874e48d
Fermi_E,main_and_supplementary,Q_-1,1493,94,-1,test,42,within_Cn_target_quantile_isomer_80_20_seed42,49228dd8187e4d064168b21650b25e7d39a41971515ea637e8871f716874e48d
Fermi_E,main_and_supplementary,Q_-1,1496,94,-1,test,42,within_Cn_target_quantile_isomer_80_20_seed42,49228dd8187e4d064168b21650b25e7d39a41971515ea637e8871f716874e48d
Fermi_E,main_and_supplementary,Q_-1,1502,94,-1,test,42,within_Cn_target_quantile_isomer_80_20_seed42,49228dd8187e4d064168b21650b25e7d39a41971515ea637e8871f716874e48d
Fermi_E,main_and_supplementary,Q_-1,1504,94,-1,test,42,within_Cn_target_quantile_isomer_80_20_seed42,49228dd8187e4d064168b21650b25e7d39a41971515ea637e8871f716874e48d
Fermi_E,main_and_supplementary,Q_-1,1507,94,-1,test,42,within_Cn_target_quantile_isomer_80_20_seed42,49228dd8187e4d064168b21650b25e7d39a41971515ea637e8871f716874e48d
Fermi_E,main_and_supplementary,Q_-1,1508,94,-1,test,42,within_Cn_target_quantile_isomer_80_20_seed42,49228dd8187e4d064168b21650b25e7d39a41971515ea637e8871f716874e48d
Fermi_E,main_and_supplementary,Q_-1,1527,94,-1,test,42,within_Cn_target_quantile_isomer_80_20_seed42,49228dd8187e4d064168b21650b25e7d39a41971515ea637e8871f716874e48d
Fermi_E,main_and_supplementary,Q_-1,1531,94,-1,test,42,within_Cn_target_quantile_isomer_80_20_seed42,49228dd8187e4d064168b21650b25e7d39a41971515ea637e8871f716874e48d
Fermi_E,main_and_supplementary,Q_-1,1535,94,-1,test,42,within_Cn_target_quantile_isomer_80_20_seed42,49228dd8187e4d064168b21650b25e7d39a41971515ea637e8871f716874e48d
Fermi_E,main_and_supplementary,Q_-1,1542,94,-1,test,42,within_Cn_target_quantile_isomer_80_20_seed42,49228dd8187e4d064168b21650b25e7d39a41971515ea637e8871f716874e48d
Fermi_E,main_and_supplementary,Q_-1,1545,94,-1,test,42,within_Cn_target_quantile_isomer_80_20_seed42,49228dd8187e4d064168b21650b25e7d39a41971515ea637e8871f716874e48d
Fermi_E,main_and_supplementary,Q_-1,1550,94,-1,test,42,within_Cn_target_quantile_isomer_80_20_seed42,49228dd8187e4d064168b21650b25e7d39a41971515ea637e8871f716874e48d
Fermi_E,main_and_supplementary,Q_-1,1552,94,-1,test,42,within_Cn_target_quantile_isomer_80_20_seed42,49228dd8187e4d064168b21650b25e7d39a41971515ea637e8871f716874e48d
Fermi_E,main_and_supplementary,Q_-1,1557,94,-1,test,42,within_Cn_target_quantile_isomer_80_20_seed42,49228dd8187e4d064168b21650b25e7d39a41971515ea637e8871f716874e48d
Fermi_E,main_and_supplementary,Q_-1,1563,94,-1,test,42,within_Cn_target_quantile_isomer_80_20_seed42,49228dd8187e4d064168b21650b25e7d39a41971515ea637e8871f716874e48d
Fermi_E,main_and_supplementary,Q_-1,1566,94,-1,test,42,within_Cn_target_quantile_isomer_80_20_seed42,49228dd8187e4d064168b21650b25e7d39a41971515ea637e8871f716874e48d
Fermi_E,main_and_supplementary,Q_-1,1569,94,-1,test,42,within_Cn_target_quantile_isomer_80_20_seed42,49228dd8187e4d064168b21650b25e7d39a41971515ea637e8871f716874e48d
Fermi_E,main_and_supplementary,Q_-1,1583,94,-1,test,42,within_Cn_target_quantile_isomer_80_20_seed42,49228dd8187e4d064168b21650b25e7d39a41971515ea637e8871f716874e48d
Fermi_E,main_and_supplementary,Q_-1,1587,96,-1,test,42,within_Cn_target_quantile_isomer_80_20_seed42,49228dd8187e4d064168b21650b25e7d39a41971515ea637e8871f716874e48d
Fermi_E,main_and_supplementary,Q_-1,1588,96,-1,test,42,within_Cn_target_quantile_isomer_80_20_seed42,49228dd8187e4d064168b21650b25e7d39a41971515ea637e8871f716874e48d
Fermi_E,main_and_supplementary,Q_-1,1589,96,-1,test,42,within_Cn_target_quantile_isomer_80_20_seed42,49228dd8187e4d064168b21650b25e7d39a41971515ea637e8871f716874e48d
Fermi_E,main_and_supplementary,Q_-1,1590,96,-1,test,42,within_Cn_target_quantile_isomer_80_20_seed42,49228dd8187e4d064168b21650b25e7d39a41971515ea637e8871f716874e48d
Fermi_E,main_and_supplementary,Q_-1,1591,96,-1,test,42,within_Cn_target_quantile_isomer_80_20_seed42,49228dd8187e4d064168b21650b25e7d39a41971515ea637e8871f716874e48d
Fermi_E,main_and_supplementary,Q_-1,1612,96,-1,test,42,within_Cn_target_quantile_isomer_80_20_seed42,49228dd8187e4d064168b21650b25e7d39a41971515ea637e8871f716874e48d
Fermi_E,main_and_supplementary,Q_-1,1641,96,-1,test,42,within_Cn_target_quantile_isomer_80_20_seed42,49228dd8187e4d064168b21650b25e7d39a41971515ea637e8871f716874e48d
Fermi_E,main_and_supplementary,Q_-1,1644,96,-1,test,42,within_Cn_target_quantile_isomer_80_20_seed42,49228dd8187e4d064168b21650b25e7d39a41971515ea637e8871f716874e48d
Fermi_E,main_and_supplementary,Q_-1,1648,96,-1,test,42,within_Cn_target_quantile_isomer_80_20_seed42,49228dd8187e4d064168b21650b25e7d39a41971515ea637e8871f716874e48d
Fermi_E,main_and_supplementary,Q_-1,1651,96,-1,test,42,within_Cn_target_quantile_isomer_80_20_seed42,49228dd8187e4d064168b21650b25e7d39a41971515ea637e8871f716874e48d
Fermi_E,main_and_supplementary,Q_-1,1659,96,-1,test,42,within_Cn_target_quantile_isomer_80_20_seed42,49228dd8187e4d064168b21650b25e7d39a41971515ea637e8871f716874e48d
Fermi_E,main_and_supplementary,Q_-1,1661,96,-1,test,42,within_Cn_target_quantile_isomer_80_20_seed42,49228dd8187e4d064168b21650b25e7d39a41971515ea637e8871f716874e48d
Fermi_E,main_and_supplementary,Q_-1,1664,96,-1,test,42,within_Cn_target_quantile_isomer_80_20_seed42,49228dd8187e4d064168b21650b25e7d39a41971515ea637e8871f716874e48d
Fermi_E,main_and_supplementary,Q_-1,1665,96,-1,test,42,within_Cn_target_quantile_isomer_80_20_seed42,49228dd8187e4d064168b21650b25e7d39a41971515ea637e8871f716874e48d
Fermi_E,main_and_supplementary,Q_-1,1666,96,-1,test,42,within_Cn_target_quantile_isomer_80_20_seed42,49228dd8187e4d064168b21650b25e7d39a41971515ea637e8871f716874e48d
Fermi_E,main_and_supplementary,Q_-1,1673,96,-1,test,42,within_Cn_target_quantile_isomer_80_20_seed42,49228dd8187e4d064168b21650b25e7d39a41971515ea637e8871f716874e48d
Fermi_E,main_and_supplementary,Q_-1,1678,96,-1,test,42,within_Cn_target_quantile_isomer_80_20_seed42,49228dd8187e4d064168b21650b25e7d39a41971515ea637e8871f716874e48d
Fermi_E,main_and_supplementary,Q_-1,1684,96,-1,test,42,within_Cn_target_quantile_isomer_80_20_seed42,49228dd8187e4d064168b21650b25e7d39a41971515ea637e8871f716874e48d
Fermi_E,main_and_supplementary,Q_-1,1685,96,-1,test,42,within_Cn_target_quantile_isomer_80_20_seed42,49228dd8187e4d064168b21650b25e7d39a41971515ea637e8871f716874e48d
Fermi_E,main_and_supplementary,Q_-1,1689,96,-1,test,42,within_Cn_target_quantile_isomer_80_20_seed42,49228dd8187e4d064168b21650b25e7d39a41971515ea637e8871f716874e48d
Fermi_E,main_and_supplementary,Q_-1,1691,96,-1,test,42,within_Cn_target_quantile_isomer_80_20_seed42,49228dd8187e4d064168b21650b25e7d39a41971515ea637e8871f716874e48d
Fermi_E,main_and_supplementary,Q_-1,1692,96,-1,test,42,within_Cn_target_quantile_isomer_80_20_seed42,49228dd8187e4d064168b21650b25e7d39a41971515ea637e8871f716874e48d
Fermi_E,main_and_supplementary,Q_-1,1700,96,-1,test,42,within_Cn_target_quantile_isomer_80_20_seed42,49228dd8187e4d064168b21650b25e7d39a41971515ea637e8871f716874e48d
Fermi_E,main_and_supplementary,Q_-1,1707,96,-1,test,42,within_Cn_target_quantile_isomer_80_20_seed42,49228dd8187e4d064168b21650b25e7d39a41971515ea637e8871f716874e48d
Fermi_E,main_and_supplementary,Q_-1,1712,96,-1,test,42,within_Cn_target_quantile_isomer_80_20_seed42,49228dd8187e4d064168b21650b25e7d39a41971515ea637e8871f716874e48d
Fermi_E,main_and_supplementary,Q_-1,1724,96,-1,test,42,within_Cn_target_quantile_isomer_80_20_seed42,49228dd8187e4d064168b21650b25e7d39a41971515ea637e8871f716874e48d
Fermi_E,main_and_supplementary,Q_-1,1735,96,-1,test,42,within_Cn_target_quantile_isomer_80_20_seed42,49228dd8187e4d064168b21650b25e7d39a41971515ea637e8871f716874e48d
Fermi_E,main_and_supplementary,Q_-1,1736,96,-1,test,42,within_Cn_target_quantile_isomer_80_20_seed42,49228dd8187e4d064168b21650b25e7d39a41971515ea637e8871f716874e48d
Fermi_E,main_and_supplementary,Q_-1,1742,96,-1,test,42,within_Cn_target_quantile_isomer_80_20_seed42,49228dd8187e4d064168b21650b25e7d39a41971515ea637e8871f716874e48d
Fermi_E,main_and_supplementary,Q_-1,1743,96,-1,test,42,within_Cn_target_quantile_isomer_80_20_seed42,49228dd8187e4d064168b21650b25e7d39a41971515ea637e8871f716874e48d
Fermi_E,main_and_supplementary,Q_-1,1749,96,-1,test,42,within_Cn_target_quantile_isomer_80_20_seed42,49228dd8187e4d064168b21650b25e7d39a41971515ea637e8871f716874e48d
Fermi_E,main_and_supplementary,Q_-1,1750,96,-1,test,42,within_Cn_target_quantile_isomer_80_20_seed42,49228dd8187e4d064168b21650b25e7d39a41971515ea637e8871f716874e48d
Fermi_E,main_and_supplementary,Q_-1,1752,96,-1,test,42,within_Cn_target_quantile_isomer_80_20_seed42,49228dd8187e4d064168b21650b25e7d39a41971515ea637e8871f716874e48d
Fermi_E,main_and_supplementary,Q_-1,1756,96,-1,test,42,within_Cn_target_quantile_isomer_80_20_seed42,49228dd8187e4d064168b21650b25e7d39a41971515ea637e8871f716874e48d
Fermi_E,main_and_supplementary,Q_-1,1764,96,-1,test,42,within_Cn_target_quantile_isomer_80_20_seed42,49228dd8187e4d064168b21650b25e7d39a41971515ea637e8871f716874e48d
Fermi_E,main_and_supplementary,Q_-1,1768,96,-1,test,42,within_Cn_target_quantile_isomer_80_20_seed42,49228dd8187e4d064168b21650b25e7d39a41971515ea637e8871f716874e48d
Fermi_E,main_and_supplementary,Q_-1,1769,96,-1,test,42,within_Cn_target_quantile_isomer_80_20_seed42,49228dd8187e4d064168b21650b25e7d39a41971515ea637e8871f716874e48d
Fermi_E,main_and_supplementary,Q_-1,1775,98,-1,test,42,within_Cn_target_quantile_isomer_80_20_seed42,49228dd8187e4d064168b21650b25e7d39a41971515ea637e8871f716874e48d
Fermi_E,main_and_supplementary,Q_-1,1777,98,-1,test,42,within_Cn_target_quantile_isomer_80_20_seed42,49228dd8187e4d064168b21650b25e7d39a41971515ea637e8871f716874e48d
Fermi_E,main_and_supplementary,Q_-1,1778,98,-1,test,42,within_Cn_target_quantile_isomer_80_20_seed42,49228dd8187e4d064168b21650b25e7d39a41971515ea637e8871f716874e48d
Fermi_E,main_and_supplementary,Q_-1,1779,98,-1,test,42,within_Cn_target_quantile_isomer_80_20_seed42,49228dd8187e4d064168b21650b25e7d39a41971515ea637e8871f716874e48d
Fermi_E,main_and_supplementary,Q_-1,1783,98,-1,test,42,within_Cn_target_quantile_isomer_80_20_seed42,49228dd8187e4d064168b21650b25e7d39a41971515ea637e8871f716874e48d
Fermi_E,main_and_supplementary,Q_-1,1784,98,-1,test,42,within_Cn_target_quantile_isomer_80_20_seed42,49228dd8187e4d064168b21650b25e7d39a41971515ea637e8871f716874e48d
Fermi_E,main_and_supplementary,Q_-1,1786,98,-1,test,42,within_Cn_target_quantile_isomer_80_20_seed42,49228dd8187e4d064168b21650b25e7d39a41971515ea637e8871f716874e48d
Fermi_E,main_and_supplementary,Q_-1,1807,98,-1,test,42,within_Cn_target_quantile_isomer_80_20_seed42,49228dd8187e4d064168b21650b25e7d39a41971515ea637e8871f716874e48d
Fermi_E,main_and_supplementary,Q_-1,1809,98,-1,test,42,within_Cn_target_quantile_isomer_80_20_seed42,49228dd8187e4d064168b21650b25e7d39a41971515ea637e8871f716874e48d
Fermi_E,main_and_supplementary,Q_-1,1814,98,-1,test,42,within_Cn_target_quantile_isomer_80_20_seed42,49228dd8187e4d064168b21650b25e7d39a41971515ea637e8871f716874e48d
Fermi_E,main_and_supplementary,Q_-1,1817,98,-1,test,42,within_Cn_target_quantile_isomer_80_20_seed42,49228dd8187e4d064168b21650b25e7d39a41971515ea637e8871f716874e48d
Fermi_E,main_and_supplementary,Q_-1,1824,98,-1,test,42,within_Cn_target_quantile_isomer_80_20_seed42,49228dd8187e4d064168b21650b25e7d39a41971515ea637e8871f716874e48d
Fermi_E,main_and_supplementary,Q_-1,1831,98,-1,test,42,within_Cn_target_quantile_isomer_80_20_seed42,49228dd8187e4d064168b21650b25e7d39a41971515ea637e8871f716874e48d
Fermi_E,main_and_supplementary,Q_-1,1838,98,-1,test,42,within_Cn_target_quantile_isomer_80_20_seed42,49228dd8187e4d064168b21650b25e7d39a41971515ea637e8871f716874e48d
Fermi_E,main_and_supplementary,Q_-1,1840,98,-1,test,42,within_Cn_target_quantile_isomer_80_20_seed42,49228dd8187e4d064168b21650b25e7d39a41971515ea637e8871f716874e48d
Fermi_E,main_and_supplementary,Q_-1,1841,98,-1,test,42,within_Cn_target_quantile_isomer_80_20_seed42,49228dd8187e4d064168b21650b25e7d39a41971515ea637e8871f716874e48d
Fermi_E,main_and_supplementary,Q_-1,1842,98,-1,test,42,within_Cn_target_quantile_isomer_80_20_seed42,49228dd8187e4d064168b21650b25e7d39a41971515ea637e8871f716874e48d
Fermi_E,main_and_supplementary,Q_-1,1843,98,-1,test,42,within_Cn_target_quantile_isomer_80_20_seed42,49228dd8187e4d064168b21650b25e7d39a41971515ea637e8871f716874e48d
Fermi_E,main_and_supplementary,Q_-1,1844,98,-1,test,42,within_Cn_target_quantile_isomer_80_20_seed42,49228dd8187e4d064168b21650b25e7d39a41971515ea637e8871f716874e48d
Fermi_E,main_and_supplementary,Q_-1,1846,98,-1,test,42,within_Cn_target_quantile_isomer_80_20_seed42,49228dd8187e4d064168b21650b25e7d39a41971515ea637e8871f716874e48d
Fermi_E,main_and_supplementary,Q_-1,1857,98,-1,test,42,within_Cn_target_quantile_isomer_80_20_seed42,49228dd8187e4d064168b21650b25e7d39a41971515ea637e8871f716874e48d
Fermi_E,main_and_supplementary,Q_-1,1863,98,-1,test,42,within_Cn_target_quantile_isomer_80_20_seed42,49228dd8187e4d064168b21650b25e7d39a41971515ea637e8871f716874e48d
Fermi_E,main_and_supplementary,Q_-1,1865,98,-1,test,42,within_Cn_target_quantile_isomer_80_20_seed42,49228dd8187e4d064168b21650b25e7d39a41971515ea637e8871f716874e48d
Fermi_E,main_and_supplementary,Q_-1,1874,98,-1,test,42,within_Cn_target_quantile_isomer_80_20_seed42,49228dd8187e4d064168b21650b25e7d39a41971515ea637e8871f716874e48d
Fermi_E,main_and_supplementary,Q_-1,1882,98,-1,test,42,within_Cn_target_quantile_isomer_80_20_seed42,49228dd8187e4d064168b21650b25e7d39a41971515ea637e8871f716874e48d
Fermi_E,main_and_supplementary,Q_-1,1886,98,-1,test,42,within_Cn_target_quantile_isomer_80_20_seed42,49228dd8187e4d064168b21650b25e7d39a41971515ea637e8871f716874e48d
Fermi_E,main_and_supplementary,Q_-1,1890,98,-1,test,42,within_Cn_target_quantile_isomer_80_20_seed42,49228dd8187e4d064168b21650b25e7d39a41971515ea637e8871f716874e48d
Fermi_E,main_and_supplementary,Q_-1,1893,98,-1,test,42,within_Cn_target_quantile_isomer_80_20_seed42,49228dd8187e4d064168b21650b25e7d39a41971515ea637e8871f716874e48d
Fermi_E,main_and_supplementary,Q_-1,1902,98,-1,test,42,within_Cn_target_quantile_isomer_80_20_seed42,49228dd8187e4d064168b21650b25e7d39a41971515ea637e8871f716874e48d
Fermi_E,main_and_supplementary,Q_-1,1926,98,-1,test,42,within_Cn_target_quantile_isomer_80_20_seed42,49228dd8187e4d064168b21650b25e7d39a41971515ea637e8871f716874e48d
Fermi_E,main_and_supplementary,Q_-1,1930,98,-1,test,42,within_Cn_target_quantile_isomer_80_20_seed42,49228dd8187e4d064168b21650b25e7d39a41971515ea637e8871f716874e48d
Fermi_E,main_and_supplementary,Q_-1,1931,98,-1,test,42,within_Cn_target_quantile_isomer_80_20_seed42,49228dd8187e4d064168b21650b25e7d39a41971515ea637e8871f716874e48d
Fermi_E,main_and_supplementary,Q_-1,1934,98,-1,test,42,within_Cn_target_quantile_isomer_80_20_seed42,49228dd8187e4d064168b21650b25e7d39a41971515ea637e8871f716874e48d
Fermi_E,main_and_supplementary,Q_-1,1951,98,-1,test,42,within_Cn_target_quantile_isomer_80_20_seed42,49228dd8187e4d064168b21650b25e7d39a41971515ea637e8871f716874e48d
Fermi_E,main_and_supplementary,Q_-1,1953,98,-1,test,42,within_Cn_target_quantile_isomer_80_20_seed42,49228dd8187e4d064168b21650b25e7d39a41971515ea637e8871f716874e48d
Fermi_E,main_and_supplementary,Q_-1,1973,98,-1,test,42,within_Cn_target_quantile_isomer_80_20_seed42,49228dd8187e4d064168b21650b25e7d39a41971515ea637e8871f716874e48d
Fermi_E,main_and_supplementary,Q_-1,1977,98,-1,test,42,within_Cn_target_quantile_isomer_80_20_seed42,49228dd8187e4d064168b21650b25e7d39a41971515ea637e8871f716874e48d
Fermi_E,main_and_supplementary,Q_-1,1979,98,-1,test,42,within_Cn_target_quantile_isomer_80_20_seed42,49228dd8187e4d064168b21650b25e7d39a41971515ea637e8871f716874e48d
Fermi_E,main_and_supplementary,Q_-1,1981,98,-1,test,42,within_Cn_target_quantile_isomer_80_20_seed42,49228dd8187e4d064168b21650b25e7d39a41971515ea637e8871f716874e48d
Fermi_E,main_and_supplementary,Q_-1,1985,98,-1,test,42,within_Cn_target_quantile_isomer_80_20_seed42,49228dd8187e4d064168b21650b25e7d39a41971515ea637e8871f716874e48d
Fermi_E,main_and_supplementary,Q_-1,1989,98,-1,test,42,within_Cn_target_quantile_isomer_80_20_seed42,49228dd8187e4d064168b21650b25e7d39a41971515ea637e8871f716874e48d
Fermi_E,main_and_supplementary,Q_-1,1992,98,-1,test,42,within_Cn_target_quantile_isomer_80_20_seed42,49228dd8187e4d064168b21650b25e7d39a41971515ea637e8871f716874e48d
Fermi_E,main_and_supplementary,Q_-1,1998,98,-1,test,42,within_Cn_target_quantile_isomer_80_20_seed42,49228dd8187e4d064168b21650b25e7d39a41971515ea637e8871f716874e48d
Fermi_E,main_and_supplementary,Q_-1,2011,98,-1,test,42,within_Cn_target_quantile_isomer_80_20_seed42,49228dd8187e4d064168b21650b25e7d39a41971515ea637e8871f716874e48d
Fermi_E,main_and_supplementary,Q_-1,2013,98,-1,test,42,within_Cn_target_quantile_isomer_80_20_seed42,49228dd8187e4d064168b21650b25e7d39a41971515ea637e8871f716874e48d
Fermi_E,main_and_supplementary,Q_-1,2019,98,-1,test,42,within_Cn_target_quantile_isomer_80_20_seed42,49228dd8187e4d064168b21650b25e7d39a41971515ea637e8871f716874e48d
Fermi_E,main_and_supplementary,Q_-1,2020,98,-1,test,42,within_Cn_target_quantile_isomer_80_20_seed42,49228dd8187e4d064168b21650b25e7d39a41971515ea637e8871f716874e48d
Fermi_E,main_and_supplementary,Q_-1,2022,98,-1,test,42,within_Cn_target_quantile_isomer_80_20_seed42,49228dd8187e4d064168b21650b25e7d39a41971515ea637e8871f716874e48d
Fermi_E,main_and_supplementary,Q_-1,2025,98,-1,test,42,within_Cn_target_quantile_isomer_80_20_seed42,49228dd8187e4d064168b21650b25e7d39a41971515ea637e8871f716874e48d
Fermi_E,main_and_supplementary,Q_-1,2028,98,-1,test,42,within_Cn_target_quantile_isomer_80_20_seed42,49228dd8187e4d064168b21650b25e7d39a41971515ea637e8871f716874e48d
Fermi_E,main_and_supplementary,Q_-1,2034,100,-1,test,42,within_Cn_target_quantile_isomer_80_20_seed42,49228dd8187e4d064168b21650b25e7d39a41971515ea637e8871f716874e48d
Fermi_E,main_and_supplementary,Q_-1,2038,100,-1,test,42,within_Cn_target_quantile_isomer_80_20_seed42,49228dd8187e4d064168b21650b25e7d39a41971515ea637e8871f716874e48d
Fermi_E,main_and_supplementary,Q_-1,2041,100,-1,test,42,within_Cn_target_quantile_isomer_80_20_seed42,49228dd8187e4d064168b21650b25e7d39a41971515ea637e8871f716874e48d
Fermi_E,main_and_supplementary,Q_-1,2044,100,-1,test,42,within_Cn_target_quantile_isomer_80_20_seed42,49228dd8187e4d064168b21650b25e7d39a41971515ea637e8871f716874e48d
Fermi_E,main_and_supplementary,Q_-1,2046,100,-1,test,42,within_Cn_target_quantile_isomer_80_20_seed42,49228dd8187e4d064168b21650b25e7d39a41971515ea637e8871f716874e48d
Fermi_E,main_and_supplementary,Q_-1,2049,100,-1,test,42,within_Cn_target_quantile_isomer_80_20_seed42,49228dd8187e4d064168b21650b25e7d39a41971515ea637e8871f716874e48d
Fermi_E,main_and_supplementary,Q_-1,2054,100,-1,test,42,within_Cn_target_quantile_isomer_80_20_seed42,49228dd8187e4d064168b21650b25e7d39a41971515ea637e8871f716874e48d
Fermi_E,main_and_supplementary,Q_-1,2057,100,-1,test,42,within_Cn_target_quantile_isomer_80_20_seed42,49228dd8187e4d064168b21650b25e7d39a41971515ea637e8871f716874e48d
Fermi_E,main_and_supplementary,Q_-1,2064,100,-1,test,42,within_Cn_target_quantile_isomer_80_20_seed42,49228dd8187e4d064168b21650b25e7d39a41971515ea637e8871f716874e48d
Fermi_E,main_and_supplementary,Q_-1,2072,100,-1,test,42,within_Cn_target_quantile_isomer_80_20_seed42,49228dd8187e4d064168b21650b25e7d39a41971515ea637e8871f716874e48d
Fermi_E,main_and_supplementary,Q_-1,2073,100,-1,test,42,within_Cn_target_quantile_isomer_80_20_seed42,49228dd8187e4d064168b21650b25e7d39a41971515ea637e8871f716874e48d
Fermi_E,main_and_supplementary,Q_-1,2078,100,-1,test,42,within_Cn_target_quantile_isomer_80_20_seed42,49228dd8187e4d064168b21650b25e7d39a41971515ea637e8871f716874e48d
Fermi_E,main_and_supplementary,Q_-1,2082,100,-1,test,42,within_Cn_target_quantile_isomer_80_20_seed42,49228dd8187e4d064168b21650b25e7d39a41971515ea637e8871f716874e48d
Fermi_E,main_and_supplementary,Q_-1,2083,100,-1,test,42,within_Cn_target_quantile_isomer_80_20_seed42,49228dd8187e4d064168b21650b25e7d39a41971515ea637e8871f716874e48d
Fermi_E,main_and_supplementary,Q_-1,2094,100,-1,test,42,within_Cn_target_quantile_isomer_80_20_seed42,49228dd8187e4d064168b21650b25e7d39a41971515ea637e8871f716874e48d
Fermi_E,main_and_supplementary,Q_-1,2096,100,-1,test,42,within_Cn_target_quantile_isomer_80_20_seed42,49228dd8187e4d064168b21650b25e7d39a41971515ea637e8871f716874e48d
Fermi_E,main_and_supplementary,Q_-1,2097,100,-1,test,42,within_Cn_target_quantile_isomer_80_20_seed42,49228dd8187e4d064168b21650b25e7d39a41971515ea637e8871f716874e48d
Fermi_E,main_and_supplementary,Q_-1,2100,100,-1,test,42,within_Cn_target_quantile_isomer_80_20_seed42,49228dd8187e4d064168b21650b25e7d39a41971515ea637e8871f716874e48d
Fermi_E,main_and_supplementary,Q_-1,2114,100,-1,test,42,within_Cn_target_quantile_isomer_80_20_seed42,49228dd8187e4d064168b21650b25e7d39a41971515ea637e8871f716874e48d
Fermi_E,main_and_supplementary,Q_-1,2115,100,-1,test,42,within_Cn_target_quantile_isomer_80_20_seed42,49228dd8187e4d064168b21650b25e7d39a41971515ea637e8871f716874e48d
Fermi_E,main_and_supplementary,Q_-1,2125,100,-1,test,42,within_Cn_target_quantile_isomer_80_20_seed42,49228dd8187e4d064168b21650b25e7d39a41971515ea637e8871f716874e48d
Fermi_E,main_and_supplementary,Q_-1,2131,100,-1,test,42,within_Cn_target_quantile_isomer_80_20_seed42,49228dd8187e4d064168b21650b25e7d39a41971515ea637e8871f716874e48d
Fermi_E,main_and_supplementary,Q_-1,2137,100,-1,test,42,within_Cn_target_quantile_isomer_80_20_seed42,49228dd8187e4d064168b21650b25e7d39a41971515ea637e8871f716874e48d
Fermi_E,main_and_supplementary,Q_-1,2140,100,-1,test,42,within_Cn_target_quantile_isomer_80_20_seed42,49228dd8187e4d064168b21650b25e7d39a41971515ea637e8871f716874e48d
Fermi_E,main_and_supplementary,Q_-1,2148,100,-1,test,42,within_Cn_target_quantile_isomer_80_20_seed42,49228dd8187e4d064168b21650b25e7d39a41971515ea637e8871f716874e48d
Fermi_E,main_and_supplementary,Q_-1,2161,100,-1,test,42,within_Cn_target_quantile_isomer_80_20_seed42,49228dd8187e4d064168b21650b25e7d39a41971515ea637e8871f716874e48d
Fermi_E,main_and_supplementary,Q_-1,2162,100,-1,test,42,within_Cn_target_quantile_isomer_80_20_seed42,49228dd8187e4d064168b21650b25e7d39a41971515ea637e8871f716874e48d
Fermi_E,main_and_supplementary,Q_-1,2164,100,-1,test,42,within_Cn_target_quantile_isomer_80_20_seed42,49228dd8187e4d064168b21650b25e7d39a41971515ea637e8871f716874e48d
Fermi_E,main_and_supplementary,Q_-1,2167,100,-1,test,42,within_Cn_target_quantile_isomer_80_20_seed42,49228dd8187e4d064168b21650b25e7d39a41971515ea637e8871f716874e48d
Fermi_E,main_and_supplementary,Q_-1,2173,100,-1,test,42,within_Cn_target_quantile_isomer_80_20_seed42,49228dd8187e4d064168b21650b25e7d39a41971515ea637e8871f716874e48d
Fermi_E,main_and_supplementary,Q_-1,2174,100,-1,test,42,within_Cn_target_quantile_isomer_80_20_seed42,49228dd8187e4d064168b21650b25e7d39a41971515ea637e8871f716874e48d
Fermi_E,main_and_supplementary,Q_-1,2175,100,-1,test,42,within_Cn_target_quantile_isomer_80_20_seed42,49228dd8187e4d064168b21650b25e7d39a41971515ea637e8871f716874e48d
Fermi_E,main_and_supplementary,Q_-1,2179,100,-1,test,42,within_Cn_target_quantile_isomer_80_20_seed42,49228dd8187e4d064168b21650b25e7d39a41971515ea637e8871f716874e48d
Fermi_E,main_and_supplementary,Q_-1,2190,100,-1,test,42,within_Cn_target_quantile_isomer_80_20_seed42,49228dd8187e4d064168b21650b25e7d39a41971515ea637e8871f716874e48d
Fermi_E,main_and_supplementary,Q_-1,2203,100,-1,test,42,within_Cn_target_quantile_isomer_80_20_seed42,49228dd8187e4d064168b21650b25e7d39a41971515ea637e8871f716874e48d
Fermi_E,main_and_supplementary,Q_-1,2217,100,-1,test,42,within_Cn_target_quantile_isomer_80_20_seed42,49228dd8187e4d064168b21650b25e7d39a41971515ea637e8871f716874e48d
Fermi_E,main_and_supplementary,Q_-1,2220,100,-1,test,42,within_Cn_target_quantile_isomer_80_20_seed42,49228dd8187e4d064168b21650b25e7d39a41971515ea637e8871f716874e48d
Fermi_E,main_and_supplementary,Q_-1,2227,100,-1,test,42,within_Cn_target_quantile_isomer_80_20_seed42,49228dd8187e4d064168b21650b25e7d39a41971515ea637e8871f716874e48d
Fermi_E,main_and_supplementary,Q_-1,2232,100,-1,test,42,within_Cn_target_quantile_isomer_80_20_seed42,49228dd8187e4d064168b21650b25e7d39a41971515ea637e8871f716874e48d
Fermi_E,main_and_supplementary,Q_-1,2237,100,-1,test,42,within_Cn_target_quantile_isomer_80_20_seed42,49228dd8187e4d064168b21650b25e7d39a41971515ea637e8871f716874e48d
Fermi_E,main_and_supplementary,Q_-1,2240,100,-1,test,42,within_Cn_target_quantile_isomer_80_20_seed42,49228dd8187e4d064168b21650b25e7d39a41971515ea637e8871f716874e48d
Fermi_E,main_and_supplementary,Q_-1,2253,100,-1,test,42,within_Cn_target_quantile_isomer_80_20_seed42,49228dd8187e4d064168b21650b25e7d39a41971515ea637e8871f716874e48d
Fermi_E,main_and_supplementary,Q_-1,2257,100,-1,test,42,within_Cn_target_quantile_isomer_80_20_seed42,49228dd8187e4d064168b21650b25e7d39a41971515ea637e8871f716874e48d
Fermi_E,main_and_supplementary,Q_-1,2258,100,-1,test,42,within_Cn_target_quantile_isomer_80_20_seed42,49228dd8187e4d064168b21650b25e7d39a41971515ea637e8871f716874e48d
Fermi_E,main_and_supplementary,Q_-1,2266,100,-1,test,42,within_Cn_target_quantile_isomer_80_20_seed42,49228dd8187e4d064168b21650b25e7d39a41971515ea637e8871f716874e48d
Fermi_E,main_and_supplementary,Q_-1,2270,100,-1,test,42,within_Cn_target_quantile_isomer_80_20_seed42,49228dd8187e4d064168b21650b25e7d39a41971515ea637e8871f716874e48d
Fermi_E,main_and_supplementary,Q_-1,2272,100,-1,test,42,within_Cn_target_quantile_isomer_80_20_seed42,49228dd8187e4d064168b21650b25e7d39a41971515ea637e8871f716874e48d
Fermi_E,main_and_supplementary,Q_-1,2277,100,-1,test,42,within_Cn_target_quantile_isomer_80_20_seed42,49228dd8187e4d064168b21650b25e7d39a41971515ea637e8871f716874e48d
Fermi_E,main_and_supplementary,Q_-1,2280,100,-1,test,42,within_Cn_target_quantile_isomer_80_20_seed42,49228dd8187e4d064168b21650b25e7d39a41971515ea637e8871f716874e48d
Fermi_E,main_and_supplementary,Q_-1,2283,100,-1,test,42,within_Cn_target_quantile_isomer_80_20_seed42,49228dd8187e4d064168b21650b25e7d39a41971515ea637e8871f716874e48d
Fermi_E,main_and_supplementary,Q_-1,2287,100,-1,test,42,within_Cn_target_quantile_isomer_80_20_seed42,49228dd8187e4d064168b21650b25e7d39a41971515ea637e8871f716874e48d
Fermi_E,main_and_supplementary,Q_-1,2290,100,-1,test,42,within_Cn_target_quantile_isomer_80_20_seed42,49228dd8187e4d064168b21650b25e7d39a41971515ea637e8871f716874e48d
Fermi_E,main_and_supplementary,Q_-1,2303,100,-1,test,42,within_Cn_target_quantile_isomer_80_20_seed42,49228dd8187e4d064168b21650b25e7d39a41971515ea637e8871f716874e48d
Fermi_E,main_and_supplementary,Q_-1,2305,100,-1,test,42,within_Cn_target_quantile_isomer_80_20_seed42,49228dd8187e4d064168b21650b25e7d39a41971515ea637e8871f716874e48d
Fermi_E,main_and_supplementary,Q_-1,2306,100,-1,test,42,within_Cn_target_quantile_isomer_80_20_seed42,49228dd8187e4d064168b21650b25e7d39a41971515ea637e8871f716874e48d
Fermi_E,main_and_supplementary,Q_-1,2307,100,-1,test,42,within_Cn_target_quantile_isomer_80_20_seed42,49228dd8187e4d064168b21650b25e7d39a41971515ea637e8871f716874e48d
Fermi_E,main_and_supplementary,Q_-1,2316,100,-1,test,42,within_Cn_target_quantile_isomer_80_20_seed42,49228dd8187e4d064168b21650b25e7d39a41971515ea637e8871f716874e48d
Fermi_E,main_and_supplementary,Q_-1,2322,100,-1,test,42,within_Cn_target_quantile_isomer_80_20_seed42,49228dd8187e4d064168b21650b25e7d39a41971515ea637e8871f716874e48d
Fermi_E,main_and_supplementary,Q_-1,2326,100,-1,test,42,within_Cn_target_quantile_isomer_80_20_seed42,49228dd8187e4d064168b21650b25e7d39a41971515ea637e8871f716874e48d
Fermi_E,main_and_supplementary,Q_-1,2341,100,-1,test,42,within_Cn_target_quantile_isomer_80_20_seed42,49228dd8187e4d064168b21650b25e7d39a41971515ea637e8871f716874e48d
Fermi_E,main_and_supplementary,Q_-1,2345,100,-1,test,42,within_Cn_target_quantile_isomer_80_20_seed42,49228dd8187e4d064168b21650b25e7d39a41971515ea637e8871f716874e48d
Fermi_E,main_and_supplementary,Q_-1,2351,100,-1,test,42,within_Cn_target_quantile_isomer_80_20_seed42,49228dd8187e4d064168b21650b25e7d39a41971515ea637e8871f716874e48d
Fermi_E,main_and_supplementary,Q_-1,2353,100,-1,test,42,within_Cn_target_quantile_isomer_80_20_seed42,49228dd8187e4d064168b21650b25e7d39a41971515ea637e8871f716874e48d
Fermi_E,main_and_supplementary,Q_-1,2354,100,-1,test,42,within_Cn_target_quantile_isomer_80_20_seed42,49228dd8187e4d064168b21650b25e7d39a41971515ea637e8871f716874e48d
Fermi_E,main_and_supplementary,Q_-1,2368,100,-1,test,42,within_Cn_target_quantile_isomer_80_20_seed42,49228dd8187e4d064168b21650b25e7d39a41971515ea637e8871f716874e48d
Fermi_E,main_and_supplementary,Q_-1,2371,100,-1,test,42,within_Cn_target_quantile_isomer_80_20_seed42,49228dd8187e4d064168b21650b25e7d39a41971515ea637e8871f716874e48d
Fermi_E,main_and_supplementary,Q_-1,2386,100,-1,test,42,within_Cn_target_quantile_isomer_80_20_seed42,49228dd8187e4d064168b21650b25e7d39a41971515ea637e8871f716874e48d
Fermi_E,main_and_supplementary,Q_-1,2389,100,-1,test,42,within_Cn_target_quantile_isomer_80_20_seed42,49228dd8187e4d064168b21650b25e7d39a41971515ea637e8871f716874e48d
Fermi_E,main_and_supplementary,Q_-1,2390,100,-1,test,42,within_Cn_target_quantile_isomer_80_20_seed42,49228dd8187e4d064168b21650b25e7d39a41971515ea637e8871f716874e48d
Fermi_E,main_and_supplementary,Q_-1,2394,100,-1,test,42,within_Cn_target_quantile_isomer_80_20_seed42,49228dd8187e4d064168b21650b25e7d39a41971515ea637e8871f716874e48d
Fermi_E,main_and_supplementary,Q_-1,2400,100,-1,test,42,within_Cn_target_quantile_isomer_80_20_seed42,49228dd8187e4d064168b21650b25e7d39a41971515ea637e8871f716874e48d
Fermi_E,main_and_supplementary,Q_-1,2407,100,-1,test,42,within_Cn_target_quantile_isomer_80_20_seed42,49228dd8187e4d064168b21650b25e7d39a41971515ea637e8871f716874e48d
Fermi_E,main_and_supplementary,Q_-1,2408,100,-1,test,42,within_Cn_target_quantile_isomer_80_20_seed42,49228dd8187e4d064168b21650b25e7d39a41971515ea637e8871f716874e48d
Fermi_E,main_and_supplementary,Q_-1,2411,100,-1,test,42,within_Cn_target_quantile_isomer_80_20_seed42,49228dd8187e4d064168b21650b25e7d39a41971515ea637e8871f716874e48d
Fermi_E,main_and_supplementary,Q_-1,2412,100,-1,test,42,within_Cn_target_quantile_isomer_80_20_seed42,49228dd8187e4d064168b21650b25e7d39a41971515ea637e8871f716874e48d
Fermi_E,main_and_supplementary,Q_-1,2415,100,-1,test,42,within_Cn_target_quantile_isomer_80_20_seed42,49228dd8187e4d064168b21650b25e7d39a41971515ea637e8871f716874e48d
Fermi_E,main_and_supplementary,Q_-1,2418,100,-1,test,42,within_Cn_target_quantile_isomer_80_20_seed42,49228dd8187e4d064168b21650b25e7d39a41971515ea637e8871f716874e48d
Fermi_E,main_and_supplementary,Q_-1,2419,100,-1,test,42,within_Cn_target_quantile_isomer_80_20_seed42,49228dd8187e4d064168b21650b25e7d39a41971515ea637e8871f716874e48d
Fermi_E,main_and_supplementary,Q_-1,2420,100,-1,test,42,within_Cn_target_quantile_isomer_80_20_seed42,49228dd8187e4d064168b21650b25e7d39a41971515ea637e8871f716874e48d
Fermi_E,main_and_supplementary,Q_-1,2423,100,-1,test,42,within_Cn_target_quantile_isomer_80_20_seed42,49228dd8187e4d064168b21650b25e7d39a41971515ea637e8871f716874e48d
Fermi_E,main_and_supplementary,Q_-1,2429,100,-1,test,42,within_Cn_target_quantile_isomer_80_20_seed42,49228dd8187e4d064168b21650b25e7d39a41971515ea637e8871f716874e48d
Fermi_E,main_and_supplementary,Q_-1,2432,100,-1,test,42,within_Cn_target_quantile_isomer_80_20_seed42,49228dd8187e4d064168b21650b25e7d39a41971515ea637e8871f716874e48d
Fermi_E,main_and_supplementary,Q_-1,2437,100,-1,test,42,within_Cn_target_quantile_isomer_80_20_seed42,49228dd8187e4d064168b21650b25e7d39a41971515ea637e8871f716874e48d
Fermi_E,main_and_supplementary,Q_-1,2441,100,-1,test,42,within_Cn_target_quantile_isomer_80_20_seed42,49228dd8187e4d064168b21650b25e7d39a41971515ea637e8871f716874e48d
Fermi_E,main_and_supplementary,Q_-1,2444,100,-1,test,42,within_Cn_target_quantile_isomer_80_20_seed42,49228dd8187e4d064168b21650b25e7d39a41971515ea637e8871f716874e48d
Fermi_E,main_and_supplementary,Q_-1,2445,100,-1,test,42,within_Cn_target_quantile_isomer_80_20_seed42,49228dd8187e4d064168b21650b25e7d39a41971515ea637e8871f716874e48d
Fermi_E,main_and_supplementary,Q_-1,2462,100,-1,test,42,within_Cn_target_quantile_isomer_80_20_seed42,49228dd8187e4d064168b21650b25e7d39a41971515ea637e8871f716874e48d
Fermi_E,main_and_supplementary,Q_-1,2472,100,-1,test,42,within_Cn_target_quantile_isomer_80_20_seed42,49228dd8187e4d064168b21650b25e7d39a41971515ea637e8871f716874e48d
Fermi_E,main_and_supplementary,Q_-1,2476,100,-1,test,42,within_Cn_target_quantile_isomer_80_20_seed42,49228dd8187e4d064168b21650b25e7d39a41971515ea637e8871f716874e48d
Fermi_E,main_and_supplementary,Q_-1,2477,100,-1,test,42,within_Cn_target_quantile_isomer_80_20_seed42,49228dd8187e4d064168b21650b25e7d39a41971515ea637e8871f716874e48d
